Name,Type,Description,Display Name,E-Mail Address,Company,Job Title,Last Name,First Name,User Logon Name,Department
aaron.sondermann,User,Sondermann Aaron, Handelsmatur,Sondermann Aaron, , , ,Sondermann,Aaron,aaron.sondermann@mail.xyz, 
aaron.versatel,User,Versatel Aaron, Oberstufe extern,Versatel Aaron, , , ,Versatel,Aaron,aaron.versatel@mail.xyz, 
adrian.townsend,User,Adrian Townsend, deaktiviert,Adrian Townsend, , , ,Townsend,Adrian,a.townsend@mail.xyz, 
aileen.wehr,User,Aileen Wehr, Sekundar extern,Aileen Wehr, , , ,Wehr,Aileen,keineMailAddy, 
alex.wachter,User,Wachter Alex, Handelsmatur,Wachter Alex, , , ,Wachter,Alex,a.wachter@mail.xyz, 
aleyna.sommerfeld,User,Sommerfeld Aleyna, Handelsmatur,Sommerfeld Aleyna, , , ,Sommerfeld,Aleyna,a.sommerfeld@mail.xyz, 
alf.zin,User,Alfred Zinke, Oberstufe - Matur,Alfred Zinke, , , ,Zinke,Alfred,a.zinke@mail.xyz, 
alisa.uhl,User,Alisa Uhl, Sekundar extern,Alisa Uhl, , , ,Uhl,Alisa,alisa.uhl@mail.xyz, 
alissa.trost,User,Alissa Trost, deaktiviert,Alissa Trost, , , ,Trost,Alissa,keineMailAddy, 
amelie.versatel,User,Versatel Amelie, Handelsmatur,Versatel Amelie, , , ,Versatel,Amelie,a.versatel@mail.xyz, 
anastasia.senger,User,Anastasia Senger, Sekundar extern,Anastasia Senger, , , ,Senger,Anastasia,a.senger@mail.xyz, 
and.lau,User,Andre Lau, Oberstufe - Matur,Andre Lau, , , ,Lau,Andre,andre.lau@mail.xyz, 
andre.wolf,User,Andre Wolf, Sekundar extern,Andre Wolf, , , ,Wolf,Andre,andre.wolf@mail.xyz, 
andrea.simmons,User,Simmons Andrea, Oberstufe extern,Simmons Andrea, , , ,Simmons,Andrea,andrea.simmons@mail.xyz, 
ang.wac,User,Angela Wacker, Oberstufe - Matur,Angela Wacker, , , ,Wacker,Angela,a.wacker@mail.xyz, 
anja.wenig,User,Wenig Anja, Lehrer Handel,Wenig Anja, , , ,Wenig,Anja,anja.wenig@mail.xyz, 
ann.spe,User,Anna Sperling, Oberstufe - Matur,Anna Sperling, , , ,Sperling,Anna,anna.sperling@mail.xyz, 
anne.wells,User,Anne Wells, Sekundar extern,Anne Wells, , , ,Wells,Anne,anne.wells@mail.xyz, 
annette.lutter,User,Lutter Annette, Oberstufe extern,Lutter Annette, , , ,Lutter,Annette,annette.lutter@mail.xyz, 
annika.stefan,User,Annika Stefan, deaktiviert,Annika Stefan, , , ,Stefan,Annika,keineMailAddy, 
ant.str,User,Antonia Strauch, Oberstufe - Matur,Antonia Strauch, , , ,Strauch,Antonia,antonia.strauch@mail.xyz, 
anthony.ullmann,User,Ullmann Anthony, Oberstufe extern,Ullmann Anthony, , , ,Ullmann,Anthony,keineMailAddy, 
antje.ulrich,User,Antje Ulrich, Sekundar extern,Antje Ulrich, , , ,Ulrich,Antje,a.ulrich@mail.xyz, 
antje.witt,User,Antje Witt, Sekundar extern,Antje Witt, , , ,Witt,Antje,antje.witt@mail.xyz, 
anton.neubert,User,Anton Neubert, deaktiviert,Anton Neubert, , , ,Neubert,Anton,a.neubert@mail.xyz, 
axe.sta,User,Axel Stadler, Oberstufe - Matur,Axel Stadler, , , ,Stadler,Axel,keineMailAddy, 
axel.mitchell,User,Mitchell Axel, Handelsmatur,Mitchell Axel, , , ,Mitchell,Axel,a.mitchell@mail.xyz, 
bae.wie,User,Baerbel Wieczorek, Oberstufe - Matur,Baerbel Wieczorek, , , ,Wieczorek,Baerbel,b.wieczorek@mail.xyz, 
baerbel.wege,User,Wege Baerbel, Oberstufe extern,Wege Baerbel, , , ,Wege,Baerbel,b.wege@mail.xyz, 
barbara.zinn,User,Barbara Zinn, deaktiviert,Barbara Zinn, , , ,Zinn,Barbara,keineMailAddy, 
ben.weigel,User,Weigel Ben, Handelsmatur,Weigel Ben, , , ,Weigel,Ben,keineMailAddy, 
ben.witte,User,Witte Ben, Oberstufe extern,Witte Ben, , , ,Witte,Ben,ben.witte@mail.xyz, 
ben.zei,User,Bennet Zeiler, Oberstufe - Matur,Bennet Zeiler, , , ,Zeiler,Bennet,bennet.zeiler@mail.xyz, 
benedikt.sommerfeld,User,Benedikt Sommerfeld, Sekundar extern,Benedikt Sommerfeld, , , ,Sommerfeld,Benedikt,benedikt.sommerfeld@mail.xyz, 
benjamin.snyder,User,Snyder Benjamin, Oberstufe extern,Snyder Benjamin, , , ,Snyder,Benjamin,b.snyder@mail.xyz, 
benjamin.wienand,User,Wienand Benjamin, Oberstufe extern,Wienand Benjamin, , , ,Wienand,Benjamin,benjamin.wienand@mail.xyz, 
benjamin.wolter,User,Benjamin Wolter, Sekundar extern,Benjamin Wolter, , , ,Wolter,Benjamin,b.wolter@mail.xyz, 
bennett.sievert,User,Sievert Bennett, Lehrer Handel,Sievert Bennett, , , ,Sievert,Bennett,keineMailAddy, 
bennett.spahn,User,Spahn Bennett, Lehrer Handel,Spahn Bennett, , , ,Spahn,Bennett,keineMailAddy, 
ber.wie,User,Bernt Wieser, Oberstufe - Matur,Bernt Wieser, , , ,Wieser,Bernt,b.wieser@mail.xyz, 
bernd.siegl,User,Siegl Bernd, Lehrer Handel,Siegl Bernd, , , ,Siegl,Bernd,bernd.siegl@mail.xyz, 
bernd.vogl,User,Vogl Bernd, Lehrer Handel,Vogl Bernd, , , ,Vogl,Bernd,b.vogl@mail.xyz, 
berndt.tappe,User,Tappe Berndt, Lehrer Handel,Tappe Berndt, , , ,Tappe,Berndt,berndt.tappe@mail.xyz, 
bernhardt.taube,User,Taube Bernhardt, Handelsmatur,Taube Bernhardt, , , ,Taube,Bernhardt,keineMailAddy, 
bettina.thoma,User,Bettina Thoma, deaktiviert,Bettina Thoma, , , ,Thoma,Bettina,b.thoma@mail.xyz, 
bjarne.sherman,User,Bjarne Sherman, deaktiviert,Bjarne Sherman, , , ,Sherman,Bjarne,keineMailAddy, 
bjarne.sievers,User,Bjarne Sievers, Sekundar extern,Bjarne Sievers, , , ,Sievers,Bjarne,b.sievers@mail.xyz, 
bjoern.weide,User,Weide Bjoern, Oberstufe extern,Weide Bjoern, , , ,Weide,Bjoern,bjoern.weide@mail.xyz, 
brigitte.wolf,User,Brigitte Wolf, Sekundar extern,Brigitte Wolf, , , ,Wolf,Brigitte,b.wolf@mail.xyz, 
caja.mcguire,User,McGuire Caja, Oberstufe extern,McGuire Caja, , , ,McGuire,Caja,c.mcguire@mail.xyz, 
caja.strickland,User,Strickland Caja, Oberstufe extern,Strickland Caja, , , ,Strickland,Caja,caja.strickland@mail.xyz, 
car.sim,User,Carolina Simons, Oberstufe - Matur,Carolina Simons, , , ,Simons,Carolina,carolina.simons@mail.xyz, 
car.sta,User,Carin Starke, Oberstufe - Matur,Carin Starke, , , ,Starke,Carin,c.starke@mail.xyz, 
car.sto,User,Carina Stolz, Oberstufe - Matur,Carina Stolz, , , ,Stolz,Carina,carina.stolz@mail.xyz, 
car.teg,User,Carlotta Tegtmeier, Oberstufe - Matur,Carlotta Tegtmeier, , , ,Tegtmeier,Carlotta,c.tegtmeier@mail.xyz, 
carla.page,User,Page Carla, Handelsmatur,Page Carla, , , ,Page,Carla,keineMailAddy, 
carolin.wahl,User,Wahl Carolin, Handelsmatur,Wahl Carolin, , , ,Wahl,Carolin,carolin.wahl@mail.xyz, 
carolin.wehr,User,Carolin Wehr, Sekundar extern,Carolin Wehr, , , ,Wehr,Carolin,c.wehr@mail.xyz, 
carolin.wiegand,User,Wiegand Carolin, Oberstufe extern,Wiegand Carolin, , , ,Wiegand,Carolin,c.wiegand@mail.xyz, 
carolin.wink,User,Wink Carolin, Oberstufe extern,Wink Carolin, , , ,Wink,Carolin,c.wink@mail.xyz, 
carsten.voss,User,Voss Carsten, Lehrer Handel,Voss Carsten, , , ,Voss,Carsten,carsten.voss@mail.xyz, 
cedric.stahl,User,Stahl Cedric, Oberstufe extern,Stahl Cedric, , , ,Stahl,Cedric,cedric.stahl@mail.xyz, 
cedrik.young,User,Young Cedrik, Oberstufe extern,Young Cedrik, , , ,Young,Cedrik,keineMailAddy, 
celina.spur,User,Celina Spur, Sekundar extern,Celina Spur, , , ,Spur,Celina,c.spur@mail.xyz, 
celine.siewert,User,Celine Siewert, deaktiviert,Celine Siewert, , , ,Siewert,Celine,keineMailAddy, 
chantal.siegel,User,Chantal Siegel, deaktiviert,Chantal Siegel, , , ,Siegel,Chantal,c.siegel@mail.xyz, 
chantall.sims,User,Sims Chantall, Handelsmatur,Sims Chantall, , , ,Sims,Chantall,c.sims@mail.xyz, 
chantall.wienecke,User,Chantall Wienecke, deaktiviert,Chantall Wienecke, , , ,Wienecke,Chantall,chantall.wienecke@mail.xyz, 
chantalle.lohmeier,User,Lohmeier Chantalle, Handelsmatur,Lohmeier Chantalle, , , ,Lohmeier,Chantalle,chantalle.lohmeier@mail.xyz, 
charlotte.wilk,User,Charlotte Wilk, Sekundar extern,Charlotte Wilk, , , ,Wilk,Charlotte,c.wilk@mail.xyz, 
chr.sha,User,Christopher Shaw, Oberstufe - Matur,Christopher Shaw, , , ,Shaw,Christopher,christopher.shaw@mail.xyz, 
chris.kuntz,User,Kuntz Chris, Oberstufe extern,Kuntz Chris, , , ,Kuntz,Chris,keineMailAddy, 
christel.weiﬂ,User,Christel Weiﬂ, deaktiviert,Christel Weiﬂ, , , ,Weiﬂ,Christel,christel.weiss@mail.xyz, 
christiane.tacke,User,Tacke Christiane, Handelsmatur,Tacke Christiane, , , ,Tacke,Christiane,christiane.tacke@mail.xyz, 
christin.wilk,User,Wilk Christin, Handelsmatur,Wilk Christin, , , ,Wilk,Christin,christin.wilk@mail.xyz, 
christine.wise,User,Christine Wise, Sekundar extern,Christine Wise, , , ,Wise,Christine,c.wise@mail.xyz, 
christof.maier,User,Christof Maier, Sekundar extern,Christof Maier, , , ,Maier,Christof,keineMailAddy, 
christof.seiffert,User,Christof Seiffert, Sekundar extern,Christof Seiffert, , , ,Seiffert,Christof,c.seiffert@mail.xyz, 
cla.o'b,User,Claus O'Brien, Oberstufe - Matur,Claus O'Brien, , , ,O'Brien,Claus,keineMailAddy, 
claudia.vaughn,User,Vaughn Claudia, Oberstufe extern,Vaughn Claudia, , , ,Vaughn,Claudia,c.vaughn@mail.xyz, 
cle.ved,User,Clemens Vedes, Oberstufe - Matur,Clemens Vedes, , , ,Vedes,Clemens,c.vedes@mail.xyz, 
col.sut,User,Collin Sutton, Oberstufe - Matur,Collin Sutton, , , ,Sutton,Collin,c.sutton@mail.xyz, 
colin.silva,User,Silva Colin, Oberstufe extern,Silva Colin, , , ,Silva,Colin,colin.silva@mail.xyz, 
collin.tauber,User,Collin Tauber, deaktiviert,Collin Tauber, , , ,Tauber,Collin,collin.tauber@mail.xyz, 
cor.war,User,Cornelia Warnecke, Oberstufe - Matur,Cornelia Warnecke, , , ,Warnecke,Cornelia,cornelia.warnecke@mail.xyz, 
cornelia.siems,User,Siems Cornelia, Oberstufe extern,Siems Cornelia, , , ,Siems,Cornelia,cornelia.siems@mail.xyz, 
cornelia.traut,User,Cornelia Traut, deaktiviert,Cornelia Traut, , , ,Traut,Cornelia,c.traut@mail.xyz, 
dagmar.wolff,User,Dagmar Wolff, deaktiviert,Dagmar Wolff, , , ,Wolff,Dagmar,d.wolff@mail.xyz, 
damian.stokes,User,Stokes Damian, Handelsmatur,Stokes Damian, , , ,Stokes,Damian,damian.stokes@mail.xyz, 
dana.wahl,User,Dana Wahl, Sekundar extern,Dana Wahl, , , ,Wahl,Dana,dana.wahl@mail.xyz, 
danny.wanderer,User,Danny Wanderer, deaktiviert,Danny Wanderer, , , ,Wanderer,Danny,d.wanderer@mail.xyz, 
david.steffen,User,Steffen David, Oberstufe extern,Steffen David, , , ,Steffen,David,david.steffen@mail.xyz, 
detlef.wegener,User,Detlef Wegener, Sekundar extern,Detlef Wegener, , , ,Wegener,Detlef,d.wegener@mail.xyz, 
detlev.selig,User,Detlev Selig, Sekundar extern,Detlev Selig, , , ,Selig,Detlev,detlev.selig@mail.xyz, 
diana.sieger,User,Sieger Diana, Handelsmatur,Sieger Diana, , , ,Sieger,Diana,diana.sieger@mail.xyz, 
diana.ziemann,User,Ziemann Diana, Handelsmatur,Ziemann Diana, , , ,Ziemann,Diana,diana.ziemann@mail.xyz, 
dieter.muth,User,Dieter Muth, Sekundar extern,Dieter Muth, , , ,Muth,Dieter,dieter.muth@mail.xyz, 
dominik.olson,User,Olson Dominik, Handelsmatur,Olson Dominik, , , ,Olson,Dominik,d.olson@mail.xyz, 
dominik.wells,User,Dominik Wells, Sekundar extern,Dominik Wells, , , ,Wells,Dominik,d.wells@mail.xyz, 
doris.neugebauer,User,Neugebauer Doris, Oberstufe extern,Neugebauer Doris, , , ,Neugebauer,Doris,d.neugebauer@mail.xyz, 
dustin.weaver,User,Dustin Weaver, Sekundar extern,Dustin Weaver, , , ,Weaver,Dustin,keineMailAddy, 
dustin.white,User,Dustin White, Sekundar extern,Dustin White, , , ,White,Dustin,d.white@mail.xyz, 
eileen.taubert,User,Eileen Taubert, deaktiviert,Eileen Taubert, , , ,Taubert,Eileen,eileen.taubert@mail.xyz, 
elfriede.stahl,User,Elfriede Stahl, deaktiviert,Elfriede Stahl, , , ,Stahl,Elfriede,e.stahl@mail.xyz, 
elias.warneke,User,Elias Warneke, Sekundar extern,Elias Warneke, , , ,Warneke,Elias,e.warneke@mail.xyz, 
elias.young,User,Young Elias, Handelsmatur,Young Elias, , , ,Young,Elias,e.young@mail.xyz, 
ella.seidel,User,Seidel Ella, Handelsmatur,Seidel Ella, , , ,Seidel,Ella,ella.seidel@mail.xyz, 
emelie.warnke,User,Warnke Emelie, Handelsmatur,Warnke Emelie, , , ,Warnke,Emelie,keineMailAddy, 
emilie.winter,User,Emilie Winter, deaktiviert,Emilie Winter, , , ,Winter,Emilie,keineMailAddy, 
enn.wag,User,Enno Wagner, Oberstufe - Matur,Enno Wagner, , , ,Wagner,Enno,e.wagner@mail.xyz, 
enno.trapp,User,Enno Trapp, Sekundar extern,Enno Trapp, , , ,Trapp,Enno,keineMailAddy, 
enrico.meyer,User,Meyer Enrico, Handelsmatur,Meyer Enrico, , , ,Meyer,Enrico,enrico.meyer@mail.xyz, 
eri.sim,User,Erica Simons, Oberstufe - Matur,Erica Simons, , , ,Simons,Erica,e.simons@mail.xyz, 
eric.traut,User,Eric Traut, deaktiviert,Eric Traut, , , ,Traut,Eric,e.traut@mail.xyz, 
eric.volz,User,Volz Eric, Lehrer Handel,Volz Eric, , , ,Volz,Eric,eric.volz@mail.xyz, 
eric.wienecke,User,Wienecke Eric, Oberstufe extern,Wienecke Eric, , , ,Wienecke,Eric,keineMailAddy, 
erich.swanson,User,Erich Swanson, deaktiviert,Erich Swanson, , , ,Swanson,Erich,e.swanson@mail.xyz, 
erich.wulf,User,Erich Wulf, Sekundar extern,Erich Wulf, , , ,Wulf,Erich,erich.wulf@mail.xyz, 
erika.wilhelm,User,Wilhelm Erika, Handelsmatur,Wilhelm Erika, , , ,Wilhelm,Erika,erika.wilhelm@mail.xyz, 
ernst.sonnenberg,User,Sonnenberg Ernst, Handelsmatur,Sonnenberg Ernst, , , ,Sonnenberg,Ernst,keineMailAddy, 
eva.shelton,User,Shelton Eva, Oberstufe extern,Shelton Eva, , , ,Shelton,Eva,e.shelton@mail.xyz, 
fabienne.sharp,User,Fabienne Sharp, Sekundar extern,Fabienne Sharp, , , ,Sharp,Fabienne,f.sharp@mail.xyz, 
fabio.lechner,User,Lechner Fabio, Oberstufe extern,Lechner Fabio, , , ,Lechner,Fabio,keineMailAddy, 
fabio.semmler,User,Semmler Fabio, Oberstufe extern,Semmler Fabio, , , ,Semmler,Fabio,fabio.semmler@mail.xyz, 
fabio.zimmerman,User,Fabio Zimmerman, deaktiviert,Fabio Zimmerman, , , ,Zimmerman,Fabio,keineMailAddy, 
falk.mertens,User,Mertens Falk, Handelsmatur,Mertens Falk, , , ,Mertens,Falk,falk.mertens@mail.xyz, 
felicitas.spiess,User,F. S., Verwaltung,F. S., , , ,Spiess,Felicitas,keineMailAddy, 
felicitas.wahl,User,Wahl Felicitas, Handelsmatur,Wahl Felicitas, , , ,Wahl,Felicitas,keineMailAddy, 
fenja.stahl,User,Stahl Fenja, Oberstufe extern,Stahl Fenja, , , ,Stahl,Fenja,fenja.stahl@mail.xyz, 
fer.sei,User,Ferdinand Seidl, Oberstufe - Matur,Ferdinand Seidl, , , ,Seidl,Ferdinand,f.seidl@mail.xyz, 
finnja.triebel,User,Finnja Triebel, deaktiviert,Finnja Triebel, , , ,Triebel,Finnja,finnja.triebel@mail.xyz, 
fiona.sievert,User,Fiona Sievert, deaktiviert,Fiona Sievert, , , ,Sievert,Fiona,f.sievert@mail.xyz, 
fiona.zeiler,User,Fiona Zeiler, deaktiviert,Fiona Zeiler, , , ,Zeiler,Fiona,keineMailAddy, 
franziska.sherman,User,Sherman Franziska, Handelsmatur,Sherman Franziska, , , ,Sherman,Franziska,f.sherman@mail.xyz, 
franziska.troeger,User,Franziska Troeger, deaktiviert,Franziska Troeger, , , ,Troeger,Franziska,keineMailAddy, 
fre.weh,User,Frederic Wehrmann, Oberstufe - Matur,Frederic Wehrmann, , , ,Wehrmann,Frederic,keineMailAddy, 
frederic.vogt,User,Frederic Vogt, Sekundar extern,Frederic Vogt, , , ,Vogt,Frederic,f.vogt@mail.xyz, 
fri.wal,User,Friederike Wald, Oberstufe - Matur,Friederike Wald, , , ,Wald,Friederike,keineMailAddy, 
fri.wie,User,Fritz Wienecke, Oberstufe - Matur,Fritz Wienecke, , , ,Wienecke,Fritz,f.wienecke@mail.xyz, 
fri.wil,User,Fritz Wille, Oberstufe - Matur,Fritz Wille, , , ,Wille,Fritz,f.wille@mail.xyz, 
friedrich.mahnke,User,Friedrich Mahnke, Sekundar extern,Friedrich Mahnke, , , ,Mahnke,Friedrich,keineMailAddy, 
fritz.nitschke,User,Fritz Nitschke, Sekundar extern,Fritz Nitschke, , , ,Nitschke,Fritz,fritz.nitschke@mail.xyz, 
fritz.selzer,User,Selzer Fritz, Handelsmatur,Selzer Fritz, , , ,Selzer,Fritz,fritz.selzer@mail.xyz, 
fyn.wil,User,Fynn Wilk, Oberstufe - Matur,Fynn Wilk, , , ,Wilk,Fynn,f.wilk@mail.xyz, 
gabriel.zellner,User,Zellner Gabriel, Oberstufe extern,Zellner Gabriel, , , ,Zellner,Gabriel,gabriel.zellner@mail.xyz, 
gabriele.vaupel,User,Vaupel Gabriele, Oberstufe extern,Vaupel Gabriele, , , ,Vaupel,Gabriele,gabriele.vaupel@mail.xyz, 
gabriele.willis,User,Gabriele Willis, deaktiviert,Gabriele Willis, , , ,Willis,Gabriele,g.willis@mail.xyz, 
geo.wit,User,Georg Wittig, Oberstufe - Matur,Georg Wittig, , , ,Wittig,Georg,keineMailAddy, 
ger.mol,User,Gerd Moll, Oberstufe - Matur,Gerd Moll, , , ,Moll,Gerd,gerd.moll@mail.xyz, 
gerda.wehr,User,Wehr Gerda, Oberstufe extern,Wehr Gerda, , , ,Wehr,Gerda,gerda.wehr@mail.xyz, 
gertrud.kuntz,User,Gertrud Kuntz, deaktiviert,Gertrud Kuntz, , , ,Kuntz,Gertrud,g.kuntz@mail.xyz, 
gertrud.siemer,User,Gertrud Siemer, deaktiviert,Gertrud Siemer, , , ,Siemer,Gertrud,gertrud.siemer@mail.xyz, 
gertrud.summers,User,Summers Gertrud, Handelsmatur,Summers Gertrud, , , ,Summers,Gertrud,gertrud.summers@mail.xyz, 
gue.wei,User,Guenter Weinmann, Oberstufe - Matur,Guenter Weinmann, , , ,Weinmann,Guenter,g.weinmann@mail.xyz, 
han.thi,User,Hannelore Thieme, Oberstufe - Matur,Hannelore Thieme, , , ,Thieme,Hannelore,h.thieme@mail.xyz, 
hanna.wirtz,User,Wirtz Hanna, Handelsmatur,Wirtz Hanna, , , ,Wirtz,Hanna,keineMailAddy, 
hannelore.toelle,User,Toelle Hannelore, Handelsmatur,Toelle Hannelore, , , ,Toelle,Hannelore,h.toelle@mail.xyz, 
harald.zellner,User,Harald Zellner, Sekundar extern,Harald Zellner, , , ,Zellner,Harald,keineMailAddy, 
hei.wil,User,Heiko Wilke, Oberstufe - Matur,Heiko Wilke, , , ,Wilke,Heiko,heiko.wilke@mail.xyz, 
heinz.warnke,User,Heinz Warnke, Sekundar extern,Heinz Warnke, , , ,Warnke,Heinz,heinz.warnke@mail.xyz, 
hel.sta,User,Helga Stadler, Oberstufe - Matur,Helga Stadler, , , ,Stadler,Helga,h.stadler@mail.xyz, 
helene.sonnenberg,User,Sonnenberg Helene, Oberstufe extern,Sonnenberg Helene, , , ,Sonnenberg,Helene,h.sonnenberg@mail.xyz, 
helene.steinbach,User,Steinbach Helene, Handelsmatur,Steinbach Helene, , , ,Steinbach,Helene,h.steinbach@mail.xyz, 
helene.sturm,User,Helene Sturm, Sekundar extern,Helene Sturm, , , ,Sturm,Helene,helene.sturm@mail.xyz, 
helmut.lukas,User,Helmut Lukas, Sekundar extern,Helmut Lukas, , , ,Lukas,Helmut,h.lukas@mail.xyz, 
helmuth.teichert,User,Teichert Helmuth, Handelsmatur,Teichert Helmuth, , , ,Teichert,Helmuth,helmuth.teichert@mail.xyz, 
hen.web,User,Hendrik Webb, Oberstufe - Matur,Hendrik Webb, , , ,Webb,Hendrik,hendrik.webb@mail.xyz, 
henry.unger,User,Henry Unger, deaktiviert,Henry Unger, , , ,Unger,Henry,henry.unger@mail.xyz, 
her.val,User,Hermann Valdez, Oberstufe - Matur,Hermann Valdez, , , ,Valdez,Hermann,keineMailAddy, 
herbert.kueppers,User,Herbert Kueppers, deaktiviert,Herbert Kueppers, , , ,Kueppers,Herbert,keineMailAddy, 
hermann.seibert,User,Seibert Hermann, Oberstufe extern,Seibert Hermann, , , ,Seibert,Hermann,h.seibert@mail.xyz, 
herta.wolfe,User,Herta Wolfe, deaktiviert,Herta Wolfe, , , ,Wolfe,Herta,herta.wolfe@mail.xyz, 
hertha.steinke,User,Hertha Steinke, deaktiviert,Hertha Steinke, , , ,Steinke,Hertha,h.steinke@mail.xyz, 
hildegard.taubert,User,Hildegard Taubert, Sekundar extern,Hildegard Taubert, , , ,Taubert,Hildegard,h.taubert@mail.xyz, 
hor.lan,User,Horst Landmann, Oberstufe - Matur,Horst Landmann, , , ,Landmann,Horst,keineMailAddy, 
hor.mer,User,Horst Merk, Oberstufe - Matur,Horst Merk, , , ,Merk,Horst,horst.merk@mail.xyz, 
ian.sonne,User,Ian Sonne, deaktiviert,Ian Sonne, , , ,Sonne,Ian,i.sonne@mail.xyz, 
ida.noetzel,User,Ida Noetzel, deaktiviert,Ida Noetzel, , , ,Noetzel,Ida,i.noetzel@mail.xyz, 
ina.simmons,User,Simmons Ina, Oberstufe extern,Simmons Ina, , , ,Simmons,Ina,ina.simmons@mail.xyz, 
ing.sie,User,Inga Sieg, Oberstufe - Matur,Inga Sieg, , , ,Sieg,Inga,inga.sieg@mail.xyz, 
inge.sturm,User,Sturm Inge, Oberstufe extern,Sturm Inge, , , ,Sturm,Inge,inge.sturm@mail.xyz, 
inge.teuber,User,Teuber Inge, Handelsmatur,Teuber Inge, , , ,Teuber,Inge,inge.teuber@mail.xyz, 
ingo.temme,User,Ingo Temme, deaktiviert,Ingo Temme, , , ,Temme,Ingo,i.temme@mail.xyz, 
isabell.steele,User,Isabell Steele, Sekundar extern,Isabell Steele, , , ,Steele,Isabell,keineMailAddy, 
jacqueline.senioren,User,Senioren Jacqueline, Oberstufe extern,Senioren Jacqueline, , , ,Senioren,Jacqueline,jacqueline.senioren@mail.xyz, 
jacqueline.steinke,User,Jacqueline Steinke, Sekundar extern,Jacqueline Steinke, , , ,Steinke,Jacqueline,keineMailAddy, 
jakob.zeiler,User,Zeiler Jakob, Oberstufe extern,Zeiler Jakob, , , ,Zeiler,Jakob,j.zeiler@mail.xyz, 
jamie.siebert,User,Siebert Jamie, Handelsmatur,Siebert Jamie, , , ,Siebert,Jamie,keineMailAddy, 
jan.wes,User,Janik Wessel, Oberstufe - Matur,Janik Wessel, , , ,Wessel,Janik,j.wessel@mail.xyz, 
jana.zimmerer,User,Jana Zimmerer, Sekundar extern,Jana Zimmerer, , , ,Zimmerer,Jana,j.zimmerer@mail.xyz, 
janik.neuhaus,User,Janik Neuhaus, Sekundar extern,Janik Neuhaus, , , ,Neuhaus,Janik,janik.neuhaus@mail.xyz, 
janina.widmann,User,Janina Widmann, deaktiviert,Janina Widmann, , , ,Widmann,Janina,janina.widmann@mail.xyz, 
janis.markert,User,Markert Janis, Oberstufe extern,Markert Janis, , , ,Markert,Janis,janis.markert@mail.xyz, 
janis.wilk,User,Wilk Janis, Oberstufe extern,Wilk Janis, , , ,Wilk,Janis,j.wilk@mail.xyz, 
jannick.mueck,User,Mueck Jannick, Oberstufe extern,Mueck Jannick, , , ,Mueck,Jannick,jannick.mueck@mail.xyz, 
jannick.seite,User,Jannick Seite, deaktiviert,Jannick Seite, , , ,Seite,Jannick,j.seite@mail.xyz, 
jannik.munk,User,Jannik Munk, Sekundar extern,Jannik Munk, , , ,Munk,Jannik,j.munk@mail.xyz, 
jaq.yil,User,Jaqueline Yildirim, Oberstufe - Matur,Jaqueline Yildirim, , , ,Yildirim,Jaqueline,keineMailAddy, 
jaqueline.nagel,User,Nagel Jaqueline, Oberstufe extern,Nagel Jaqueline, , , ,Nagel,Jaqueline,j.nagel@mail.xyz, 
jasper.watson,User,Jasper Watson, Sekundar extern,Jasper Watson, , , ,Watson,Jasper,jasper.watson@mail.xyz, 
jennifer.uhlemann,User,Uhlemann Jennifer, Lehrer Handel,Uhlemann Jennifer, , , ,Uhlemann,Jennifer,j.uhlemann@mail.xyz, 
jens.sigmund,User,Sigmund Jens, Handelsmatur,Sigmund Jens, , , ,Sigmund,Jens,keineMailAddy, 
jeremy.steinke,User,Jeremy Steinke, deaktiviert,Jeremy Steinke, , , ,Steinke,Jeremy,jeremy.steinke@mail.xyz, 
jeremy.steinker,User,Steinker Jeremy, Oberstufe extern,Steinker Jeremy, , , ,Steinker,Jeremy,jeremy.steinke@mail.xyz, 
jeremy.wilhelmi,User,Wilhelmi Jeremy, Oberstufe extern,Wilhelmi Jeremy, , , ,Wilhelmi,Jeremy,j.wilhelmi@mail.xyz, 
jes.zor,User,Jesse Zorn, Oberstufe - Matur,Jesse Zorn, , , ,Zorn,Jesse,jesse.zorn@mail.xyz, 
jesse.toennies,User,Jesse Toennies, Sekundar extern,Jesse Toennies, , , ,Toennies,Jesse,keineMailAddy, 
jessica.lawson,User,Lawson Jessica, Oberstufe extern,Lawson Jessica, , , ,Lawson,Jessica,jessica.lawson@mail.xyz, 
jessika.weigel,User,Weigel Jessika, Lehrer Handel,Weigel Jessika, , , ,Weigel,Jessika,jessika.weigel@mail.xyz, 
jette.wetzel,User,Jette Wetzel, deaktiviert,Jette Wetzel, , , ,Wetzel,Jette,keineMailAddy, 
jil.nichols,User,Jil Nichols, deaktiviert,Jil Nichols, , , ,Nichols,Jil,keineMailAddy, 
joana.labyrinth,User,Joana Labyrinth, deaktiviert,Joana Labyrinth, , , ,Labyrinth,Joana,joana.labyrinth@mail.xyz, 
joana.neugebauer,User,Joana Neugebauer, deaktiviert,Joana Neugebauer, , , ,Neugebauer,Joana,keineMailAddy, 
joana.wirth,User,Joana Wirth, Sekundar extern,Joana Wirth, , , ,Wirth,Joana,joana.wirth@mail.xyz, 
joe.spe,User,Joerg Sperling, Oberstufe - Matur,Joerg Sperling, , , ,Sperling,Joerg,j.sperling@mail.xyz, 
joe.zus,User,Joern Zuschuss, Oberstufe - Matur,Joern Zuschuss, , , ,Zuschuss,Joern,keineMailAddy, 
joel.seidler,User,Seidler Joel, Handelsmatur,Seidler Joel, , , ,Seidler,Joel,j.seidler@mail.xyz, 
joelina.stolz,User,Joelina Stolz, deaktiviert,Joelina Stolz, , , ,Stolz,Joelina,j.stolz@mail.xyz, 
joerg.lapp,User,Lapp Joerg, Oberstufe extern,Lapp Joerg, , , ,Lapp,Joerg,j.lapp@mail.xyz, 
joerg.turner,User,Turner Joerg, Handelsmatur,Turner Joerg, , , ,Turner,Joerg,j.turner@mail.xyz, 
joern.spaeth,User,Joern Spaeth, Sekundar extern,Joern Spaeth, , , ,Spaeth,Joern,keineMailAddy, 
joh.urb,User,Johann Urban, Oberstufe - Matur,Johann Urban, , , ,Urban,Johann,keineMailAddy, 
johann.wedemeyer,User,Johann Wedemeyer, deaktiviert,Johann Wedemeyer, , , ,Wedemeyer,Johann,johann.wedemeyer@mail.xyz, 
johann.westphal,User,Johann Westphal, Sekundar extern,Johann Westphal, , , ,Westphal,Johann,johann.westphal@mail.xyz, 
johann.yildirim,User,Yildirim Johann, Oberstufe extern,Yildirim Johann, , , ,Yildirim,Johann,j.yildirim@mail.xyz, 
johanna.stiller,User,Stiller Johanna, Handelsmatur,Stiller Johanna, , , ,Stiller,Johanna,j.stiller@mail.xyz, 
johanna.valdez,User,Valdez Johanna, Oberstufe extern,Valdez Johanna, , , ,Valdez,Johanna,keineMailAddy, 
jona.wachsmuth,User,Jona Wachsmuth, deaktiviert,Jona Wachsmuth, , , ,Wachsmuth,Jona,keineMailAddy, 
jonas.nowak,User,Jonas Nowak, deaktiviert,Jonas Nowak, , , ,Nowak,Jonas,keineMailAddy, 
jonna.stange,User,Stange Jonna, Oberstufe extern,Stange Jonna, , , ,Stange,Jonna,keineMailAddy, 
jonna.stern,User,Stern Jonna, Handelsmatur,Stern Jonna, , , ,Stern,Jonna,keineMailAddy, 
jonna.thaler,User,Thaler Jonna, Oberstufe extern,Thaler Jonna, , , ,Thaler,Jonna,j.thaler@mail.xyz, 
jonna.watts,User,Watts Jonna, Oberstufe extern,Watts Jonna, , , ,Watts,Jonna,j.watts@mail.xyz, 
josefine.sieben,User,Sieben Josefine, Oberstufe extern,Sieben Josefine, , , ,Sieben,Josefine,j.sieben@mail.xyz, 
josefine.wilkerson,User,Wilkerson Josefine, Handelsmatur,Wilkerson Josefine, , , ,Wilkerson,Josefine,keineMailAddy, 
joy.lin,User,Joy Linder, Oberstufe - Matur,Joy Linder, , , ,Linder,Joy,joy.linder@mail.xyz, 
juergen.strasser,User,Strasser Juergen, Oberstufe extern,Strasser Juergen, , , ,Strasser,Juergen,juergen.strasser@mail.xyz, 
jul.wal,User,Julian Walter, Oberstufe - Matur,Julian Walter, , , ,Walter,Julian,keineMailAddy, 
jule.uhlemann,User,Uhlemann Jule, Handelsmatur,Uhlemann Jule, , , ,Uhlemann,Jule,j.uhlemann@mail.xyz, 
juli.vatter,User,Juli Vatter, deaktiviert,Juli Vatter, , , ,Vatter,Juli,j.vatter@mail.xyz, 
julian.lux,User,Lux Julian, Oberstufe extern,Lux Julian, , , ,Lux,Julian,julian.lux@mail.xyz, 
julie.tyler,User,Julie Tyler, Sekundar extern,Julie Tyler, , , ,Tyler,Julie,julie.tyler@mail.xyz, 
justin.stoehr,User,Justin Stoehr, Sekundar extern,Justin Stoehr, , , ,Stoehr,Justin,justin.stoehr@mail.xyz, 
justus.soto,User,Soto Justus, Handelsmatur,Soto Justus, , , ,Soto,Justus,justus.soto@mail.xyz, 
justus.wiesner,User,Justus Wiesner, Sekundar extern,Justus Wiesner, , , ,Wiesner,Justus,keineMailAddy, 
jut.mut,User,Jutta Mutz, Oberstufe - Matur,Jutta Mutz, , , ,Mutz,Jutta,j.mutz@mail.xyz, 
jut.sta,User,Jutta Stange, Oberstufe - Matur,Jutta Stange, , , ,Stange,Jutta,jutta.stange@mail.xyz, 
kaethe.seidel,User,Kaethe Seidel, Sekundar extern,Kaethe Seidel, , , ,Seidel,Kaethe,kaethe.seidel@mail.xyz, 
kai.sperling,User,Kai Sperling, Sekundar extern,Kai Sperling, , , ,Sperling,Kai,keineMailAddy, 
kai.stock,User,Kai Stock, deaktiviert,Kai Stock, , , ,Stock,Kai,keineMailAddy, 
kai.zorn,User,Kai Zorn, Sekundar extern,Kai Zorn, , , ,Zorn,Kai,keineMailAddy, 
kar.sut,User,Karl Sutton, Oberstufe - Matur,Karl Sutton, , , ,Sutton,Karl,k.sutton@mail.xyz, 
kar.teu,User,Karoline Teuber, Oberstufe - Matur,Karoline Teuber, , , ,Teuber,Karoline,karoline.teuber@mail.xyz, 
kar.uhl,User,Karsten Uhl, Oberstufe - Matur,Karsten Uhl, , , ,Uhl,Karsten,karsten.uhl@mail.xyz, 
karin.stone,User,Stone Karin, Handelsmatur,Stone Karin, , , ,Stone,Karin,keineMailAddy, 
karin.voigt,User,Voigt Karin, Oberstufe extern,Voigt Karin, , , ,Voigt,Karin,k.voigt@mail.xyz, 
karlo.stokes,User,Karlo Stokes, Sekundar extern,Karlo Stokes, , , ,Stokes,Karlo,k.stokes@mail.xyz, 
karlotta.simon,User,Karlotta Simon, Sekundar extern,Karlotta Simon, , , ,Simon,Karlotta,k.simon@mail.xyz, 
karoline.zimmermann,User,Karoline Zimmermann, deaktiviert,Karoline Zimmermann, , , ,Zimmermann,Karoline,keineMailAddy, 
katharina.underwood,User,Underwood Katharina, Oberstufe extern,Underwood Katharina, , , ,Underwood,Katharina,keineMailAddy, 
katharina.waechter,User,Waechter Katharina, Handelsmatur,Waechter Katharina, , , ,Waechter,Katharina,k.waechter@mail.xyz, 
kathrin.seibold,User,Seibold Kathrin, Oberstufe extern,Seibold Kathrin, , , ,Seibold,Kathrin,kathrin.seibold@mail.xyz, 
kathrin.soto,User,Soto Kathrin, Handelsmatur,Soto Kathrin, , , ,Soto,Kathrin,kathrin.soto@mail.xyz, 
kathrin.wood,User,Wood Kathrin, Oberstufe extern,Wood Kathrin, , , ,Wood,Kathrin,kathrin.wood@mail.xyz, 
katja.otte,User,Katja Otte, Sekundar extern,Katja Otte, , , ,Otte,Katja,k.otte@mail.xyz, 
katja.wegner,User,Wegner Katja, Oberstufe extern,Wegner Katja, , , ,Wegner,Katja,k.wegner@mail.xyz, 
keno.ullmann,User,Ullmann Keno, Handelsmatur,Ullmann Keno, , , ,Ullmann,Keno,keineMailAddy, 
kerstin.seite,User,Seite Kerstin, Oberstufe extern,Seite Kerstin, , , ,Seite,Kerstin,kerstin.seite@mail.xyz, 
kev.voi,User,Kevin Voigt, Oberstufe - Matur,Kevin Voigt, , , ,Voigt,Kevin,kevin.voigt@mail.xyz, 
kev.was,User,Kevin Wassermann, Oberstufe - Matur,Kevin Wassermann, , , ,Wassermann,Kevin,k.wassermann@mail.xyz, 
kian.seiler,User,Seiler Kian, Oberstufe extern,Seiler Kian, , , ,Seiler,Kian,keineMailAddy, 
kiara.teschner,User,Teschner Kiara, Oberstufe extern,Teschner Kiara, , , ,Teschner,Kiara,kiara.teschner@mail.xyz, 
kiara.ufer,User,Kiara Ufer, deaktiviert,Kiara Ufer, , , ,Ufer,Kiara,kiara.ufer@mail.xyz, 
kira.spindler,User,Kira Spindler, deaktiviert,Kira Spindler, , , ,Spindler,Kira,kira.spindler@mail.xyz, 
kira.stanley,User,Stanley Kira, Lehrer Handel,Stanley Kira, , , ,Stanley,Kira,kira.stanley@mail.xyz, 
kirsten.strickland,User,Strickland Kirsten, Oberstufe extern,Strickland Kirsten, , , ,Strickland,Kirsten,kirsten.strickland@mail.xyz, 
kjell.webb,User,Kjell Webb, deaktiviert,Kjell Webb, , , ,Webb,Kjell,kjell.webb@mail.xyz, 
klaas.seifried,User,Seifried Klaas, Oberstufe extern,Seifried Klaas, , , ,Seifried,Klaas,keineMailAddy, 
klara.wieser,User,Klara Wieser, Sekundar extern,Klara Wieser, , , ,Wieser,Klara,k.wieser@mail.xyz, 
klaus.thaler,User,Thaler Klaus, Lehrer Handel,Thaler Klaus, , , ,Thaler,Klaus,k.thaler@mail.xyz, 
klaus.yildirim,User,Klaus Yildirim, Sekundar extern,Klaus Yildirim, , , ,Yildirim,Klaus,klaus.yildirim@mail.xyz, 
klemens.lehner,User,Klemens Lehner, Sekundar extern,Klemens Lehner, , , ,Lehner,Klemens,klemens.lehner@mail.xyz, 
klemens.zimmerer,User,Zimmerer Klemens, Handelsmatur,Zimmerer Klemens, , , ,Zimmerer,Klemens,k.zimmerer@mail.xyz, 
konstantin.simpson,User,Simpson Konstantin, Handelsmatur,Simpson Konstantin, , , ,Simpson,Konstantin,k.simpson@mail.xyz, 
konstantin.wachsmuth,User,Wachsmuth Konstantin, Oberstufe extern,Wachsmuth Konstantin, , , ,Wachsmuth,Konstantin,k.wachsmuth@mail.xyz, 
konstantin.wienecke,User,Konstantin Wienecke, deaktiviert,Konstantin Wienecke, , , ,Wienecke,Konstantin,keineMailAddy, 
kri.tra,User,Kristina Trapp, Oberstufe - Matur,Kristina Trapp, , , ,Trapp,Kristina,k.trapp@mail.xyz, 
kri.zac,User,Kristine Zacher, Oberstufe - Matur,Kristine Zacher, , , ,Zacher,Kristine,k.zacher@mail.xyz, 
kristian.vollmer,User,Kristian Vollmer, Sekundar extern,Kristian Vollmer, , , ,Vollmer,Kristian,keineMailAddy, 
kristin.wille,User,Wille Kristin, Oberstufe extern,Wille Kristin, , , ,Wille,Kristin,k.wille@mail.xyz, 
kristina.steffens,User,Kristina Steffens, deaktiviert,Kristina Steffens, , , ,Steffens,Kristina,keineMailAddy, 
kristina.stevenson,User,Stevenson Kristina, Oberstufe extern,Stevenson Kristina, , , ,Stevenson,Kristina,keineMailAddy, 
kristina.wichmann,User,Kristina Wichmann, Sekundar extern,Kristina Wichmann, , , ,Wichmann,Kristina,kristina.wichmann@mail.xyz, 
kristine.strahl,User,Kristine Strahl, deaktiviert,Kristine Strahl, , , ,Strahl,Kristine,kristine.strahl@mail.xyz, 
kristine.uhl,User,Uhl Kristine, Oberstufe extern,Uhl Kristine, , , ,Uhl,Kristine,k.uhl@mail.xyz, 
kristof.seidel,User,Kristof Seidel, Sekundar extern,Kristof Seidel, , , ,Seidel,Kristof,kristof.seidel@mail.xyz, 
kurt.wald,User,Kurt Wald, deaktiviert,Kurt Wald, , , ,Wald,Kurt,k.wald@mail.xyz, 
laila.wise,User,Laila Wise, deaktiviert,Laila Wise, , , ,Wise,Laila,l.wise@mail.xyz, 
larissa.wiegand,User,Wiegand Larissa, Oberstufe extern,Wiegand Larissa, , , ,Wiegand,Larissa,l.wiegand@mail.xyz, 
lasse.neuberger,User,Lasse Neuberger, Lehrer Gym,Lasse Neuberger, , , ,Neuberger,Lasse,l.neuberger@mail.xyz, 
laurens.mosch,User,Mosch Laurens, Oberstufe extern,Mosch Laurens, , , ,Mosch,Laurens,l.mosch@mail.xyz, 
laurenz.weger,User,Laurenz Weger, deaktiviert,Laurenz Weger, , , ,Weger,Laurenz,l.weger@mail.xyz, 
laurin.zabel,User,Laurin Zabel, deaktiviert,Laurin Zabel, , , ,Zabel,Laurin,keineMailAddy, 
lea.sin,User,Leandra Singh, Oberstufe - Matur,Leandra Singh, , , ,Singh,Leandra,keineMailAddy, 
lea.wehrmann,User,Lea Wehrmann, Sekundar extern,Lea Wehrmann, , , ,Wehrmann,Lea,lea.wehrmann@mail.xyz, 
lea.wil,User,Leandra Willer, Oberstufe - Matur,Leandra Willer, , , ,Willer,Leandra,leandra.willer@mail.xyz, 
leander.yildiz,User,Leander Yildiz, Sekundar extern,Leander Yildiz, , , ,Yildiz,Leander,leander.yildiz@mail.xyz, 
leandra.neal,User,Neal Leandra, Handelsmatur,Neal Leandra, , , ,Neal,Leandra,l.neal@mail.xyz, 
leandra.willems,User,Willems Leandra, Handelsmatur,Willems Leandra, , , ,Willems,Leandra,l.willems@mail.xyz, 
leif.teuber,User,Leif Teuber, Sekundar extern,Leif Teuber, , , ,Teuber,Leif,keineMailAddy, 
lena.summers,User,Lena Summers, deaktiviert,Lena Summers, , , ,Summers,Lena,l.summers@mail.xyz, 
lennox.mandel,User,Lennox Mandel, deaktiviert,Lennox Mandel, , , ,Mandel,Lennox,keineMailAddy, 
leo.ziller,User,Ziller Leo, Oberstufe extern,Ziller Leo, , , ,Ziller,Leo,l.ziller@mail.xyz, 
leon.teuber,User,Teuber Leon, Handelsmatur,Teuber Leon, , , ,Teuber,Leon,l.teuber@mail.xyz, 
leonard.laskowski,User,Laskowski Leonard, Oberstufe extern,Laskowski Leonard, , , ,Laskowski,Leonard,keineMailAddy, 
leonardo.toennies,User,Toennies Leonardo, Oberstufe extern,Toennies Leonardo, , , ,Toennies,Leonardo,l.toennies@mail.xyz, 
leoni.sigmund,User,Leoni Sigmund, Sekundar extern,Leoni Sigmund, , , ,Sigmund,Leoni,leoni.sigmund@mail.xyz, 
levin.young,User,Levin Young, deaktiviert,Levin Young, , , ,Young,Levin,levin.young@mail.xyz, 
lewin.terry,User,Terry Lewin, Handelsmatur,Terry Lewin, , , ,Terry,Lewin,l.terry@mail.xyz, 
lia.wim,User,Lia Wimmer, Oberstufe - Matur,Lia Wimmer, , , ,Wimmer,Lia,lia.wimmer@mail.xyz, 
liam.mcbride,User,McBride Liam, Oberstufe extern,McBride Liam, , , ,McBride,Liam,l.mcbride@mail.xyz, 
liam.vetter,User,Liam Vetter, Sekundar extern,Liam Vetter, , , ,Vetter,Liam,l.vetter@mail.xyz, 
liam.watkins,User,Liam Watkins, deaktiviert,Liam Watkins, , , ,Watkins,Liam,l.watkins@mail.xyz, 
lili.troeger,User,Lili Troeger, deaktiviert,Lili Troeger, , , ,Troeger,Lili,keineMailAddy, 
lilian.meurer,User,Lilian Meurer, Sekundar extern,Lilian Meurer, , , ,Meurer,Lilian,lilian.meurer@mail.xyz, 
lilly.oberlaender,User,Oberlaender Lilly, Handelsmatur,Oberlaender Lilly, , , ,Oberlaender,Lilly,lilly.oberlaender@mail.xyz, 
lina.silva,User,Silva Lina, Handelsmatur,Silva Lina, , , ,Silva,Lina,l.silva@mail.xyz, 
linn.ott,User,Linn Ott, Sekundar extern,Linn Ott, , , ,Ott,Linn,linn.ott@mail.xyz, 
linn.vaupel,User,Vaupel Linn, Oberstufe extern,Vaupel Linn, , , ,Vaupel,Linn,l.vaupel@mail.xyz, 
lion.wilhelms,User,Wilhelms Lion, Oberstufe extern,Wilhelms Lion, , , ,Wilhelms,Lion,lion.wilhelms@mail.xyz, 
lisa.wieser,User,Wieser Lisa, Oberstufe extern,Wieser Lisa, , , ,Wieser,Lisa,lisa.wieser@mail.xyz, 
liv.weaver,User,Weaver Liv, Oberstufe extern,Weaver Liv, , , ,Weaver,Liv,l.weaver@mail.xyz, 
lorena.stadler,User,Stadler Lorena, Oberstufe extern,Stadler Lorena, , , ,Stadler,Lorena,lorena.stadler@mail.xyz, 
lorenz.selle,User,Lorenz Selle, Sekundar extern,Lorenz Selle, , , ,Selle,Lorenz,lorenz.selle@mail.xyz, 
lothar.wehner,User,Wehner Lothar, Oberstufe extern,Wehner Lothar, , , ,Wehner,Lothar,lothar.wehner@mail.xyz, 
lou.var,User,Louisa Vargas, Oberstufe - Matur,Louisa Vargas, , , ,Vargas,Louisa,louisa.vargas@mail.xyz, 
louis.wong,User,Louis Wong, deaktiviert,Louis Wong, , , ,Wong,Louis,l.wong@mail.xyz, 
luc.nash,User,Luc Nash, deaktiviert,Luc Nash, , , ,Nash,Luc,luc.nash@mail.xyz, 
luc.tischler,User,Tischler Luc, Oberstufe extern,Tischler Luc, , , ,Tischler,Luc,l.tischler@mail.xyz, 
luc.waten,User,Waten Luc, Oberstufe extern,Waten Luc, , , ,Waten,Luc,luc.waten@mail.xyz, 
luc.zorn,User,Zorn Luc, Oberstufe extern,Zorn Luc, , , ,Zorn,Luc,l.zorn@mail.xyz, 
lucia.wecker,User,Lucia Wecker, deaktiviert,Lucia Wecker, , , ,Wecker,Lucia,keineMailAddy, 
lucie.menke,User,Menke Lucie, Handelsmatur,Menke Lucie, , , ,Menke,Lucie,lucie.menke@mail.xyz, 
lui.sey,User,Luis Seybold, Oberstufe - Matur,Luis Seybold, , , ,Seybold,Luis,l.seybold@mail.xyz, 
luis.stoll,User,Luis Stoll, deaktiviert,Luis Stoll, , , ,Stoll,Luis,luis.stoll@mail.xyz, 
luisa.zoeller,User,Zoeller Luisa, Oberstufe extern,Zoeller Luisa, , , ,Zoeller,Luisa,l.zoeller@mail.xyz, 
luk.sin,User,Lukas Sinn, Oberstufe - Matur,Lukas Sinn, , , ,Sinn,Lukas,keineMailAddy, 
luke.sell,User,Sell Luke, Handelsmatur,Sell Luke, , , ,Sell,Luke,l.sell@mail.xyz, 
luke.terry,User,Luke Terry, deaktiviert,Luke Terry, , , ,Terry,Luke,luke.terry@mail.xyz, 
luke.watson,User,Watson Luke, Handelsmatur,Watson Luke, , , ,Watson,Luke,l.watson@mail.xyz, 
lyn.manske,User,Lyn Manske, deaktiviert,Lyn Manske, , , ,Manske,Lyn,keineMailAddy, 
lyn.wie,User,Lynn Wiesmann, Oberstufe - Matur,Lynn Wiesmann, , , ,Wiesmann,Lynn,l.wiesmann@mail.xyz, 
madeleine.kuehn,User,Kuehn Madeleine, Handelsmatur,Kuehn Madeleine, , , ,Kuehn,Madeleine,madeleine.kuehn@mail.xyz, 
mads.seidl,User,Mads Seidl, deaktiviert,Mads Seidl, , , ,Seidl,Mads,keineMailAddy, 
mads.wild,User,Mads Wild, Sekundar extern,Mads Wild, , , ,Wild,Mads,mads.wild@mail.xyz, 
magdalena.spang,User,Spang Magdalena, Oberstufe extern,Spang Magdalena, , , ,Spang,Magdalena,magdalena.spang@mail.xyz, 
maike.sell,User,Maike Sell, Sekundar extern,Maike Sell, , , ,Sell,Maike,maike.sell@mail.xyz, 
maike.taylor,User,Taylor Maike, Oberstufe extern,Taylor Maike, , , ,Taylor,Maike,m.taylor@mail.xyz, 
maike.terry,User,Maike Terry, Sekundar extern,Maike Terry, , , ,Terry,Maike,keineMailAddy, 
malin.tamm,User,Malin Tamm, Sekundar extern,Malin Tamm, , , ,Tamm,Malin,keineMailAddy, 
malin.ufer,User,Ufer Malin, Oberstufe extern,Ufer Malin, , , ,Ufer,Malin,m.ufer@mail.xyz, 
malte.witte,User,Malte Witte, Sekundar extern,Malte Witte, , , ,Witte,Malte,malte.witte@mail.xyz, 
malte.zach,User,Malte Zach, deaktiviert,Malte Zach, , , ,Zach,Malte,malte.zach@mail.xyz, 
mandy.theis,User,Mandy Theis, deaktiviert,Mandy Theis, , , ,Theis,Mandy,mandy.theis@mail.xyz, 
manuela.pauli,User,Pauli Manuela, Handelsmatur,Pauli Manuela, , , ,Pauli,Manuela,manuela.pauli@mail.xyz, 
mar.mue,User,Marlis Muench, Oberstufe - Matur,Marlis Muench, , , ,Muench,Marlis,m.muench@mail.xyz, 
mar.sie,User,Marie Siekmann, Oberstufe - Matur,Marie Siekmann, , , ,Siekmann,Marie,keineMailAddy, 
mar.sim,User,Marlies Simmons, Oberstufe - Matur,Marlies Simmons, , , ,Simmons,Marlies,m.simmons@mail.xyz, 
mar.tra,User,Margarete Trautmann, Oberstufe - Matur,Margarete Trautmann, , , ,Trautmann,Margarete,keineMailAddy, 
mar.voi,User,Marianne Voigt, Oberstufe - Matur,Marianne Voigt, , , ,Voigt,Marianne,keineMailAddy, 
mar.wag,User,Mareike Wagenknecht, Oberstufe - Matur,Mareike Wagenknecht, , , ,Wagenknecht,Mareike,mareike.wagenknecht@mail.xyz, 
mar.zim,User,Marlis Zimmerer, Oberstufe - Matur,Marlis Zimmerer, , , ,Zimmerer,Marlis,marlis.zimmerer@mail.xyz, 
mara.sullivan,User,Sullivan Mara, Oberstufe extern,Sullivan Mara, , , ,Sullivan,Mara,m.sullivan@mail.xyz, 
marah.senioren,User,Senioren Marah, Handelsmatur,Senioren Marah, , , ,Senioren,Marah,m.senioren@mail.xyz, 
marah.siebert,User,Siebert Marah, Oberstufe extern,Siebert Marah, , , ,Siebert,Marah,keineMailAddy, 
marcel.tauber,User,Marcel Tauber, Sekundar extern,Marcel Tauber, , , ,Tauber,Marcel,keineMailAddy, 
marcel.wiesner,User,Marcel Wiesner, Sekundar extern,Marcel Wiesner, , , ,Wiesner,Marcel,m.wiesner@mail.xyz, 
mareike.morgenstern,User,Morgenstern Mareike, Oberstufe extern,Morgenstern Mareike, , , ,Morgenstern,Mareike,mareike.morgenstern@mail.xyz, 
maren.mundt,User,Maren Mundt, Sekundar extern,Maren Mundt, , , ,Mundt,Maren,maren.mundt@mail.xyz, 
margot.wehner,User,Margot Wehner, Sekundar extern,Margot Wehner, , , ,Wehner,Margot,margot.wehner@mail.xyz, 
margot.zeitler,User,Zeitler Margot, Handelsmatur,Zeitler Margot, , , ,Zeitler,Margot,keineMailAddy, 
marianne.struck,User,Marianne Struck, Sekundar extern,Marianne Struck, , , ,Struck,Marianne,marianne.struck@mail.xyz, 
marike.seitz,User,Marike Seitz, Sekundar extern,Marike Seitz, , , ,Seitz,Marike,keineMailAddy, 
mario.stahlgruber,User,Stahlgruber Mario, Handelsmatur,Stahlgruber Mario, , , ,Stahlgruber,Mario,m.stahlgruber@mail.xyz, 
mario.wegener,User,Mario Wegener, deaktiviert,Mario Wegener, , , ,Wegener,Mario,m.wegener@mail.xyz, 
marlis.sievers,User,Sievers Marlis, Oberstufe extern,Sievers Marlis, , , ,Sievers,Marlis,m.sievers@mail.xyz, 
marlon.wanner,User,Wanner Marlon, Handelsmatur,Wanner Marlon, , , ,Wanner,Marlon,keineMailAddy, 
marta.seiffert,User,Seiffert Marta, Oberstufe extern,Seiffert Marta, , , ,Seiffert,Marta,keineMailAddy, 
marten.watson,User,Watson Marten, Handelsmatur,Watson Marten, , , ,Watson,Marten,m.watson@mail.xyz, 
martha.wiesner,User,Wiesner Martha, Oberstufe extern,Wiesner Martha, , , ,Wiesner,Martha,martha.wiesner@mail.xyz, 
martin.zimmerer,User,Martin Zimmerer, Sekundar extern,Martin Zimmerer, , , ,Zimmerer,Martin,m.zimmerer@mail.xyz, 
mat.law,User,Matilda Lawrence, Oberstufe - Matur,Matilda Lawrence, , , ,Lawrence,Matilda,keineMailAddy, 
mat.sie,User,Matthis Siemer, Oberstufe - Matur,Matthis Siemer, , , ,Siemer,Matthis,m.siemer@mail.xyz, 
mat.ste,User,Matti Steele, Oberstufe - Matur,Matti Steele, , , ,Steele,Matti,m.steele@mail.xyz, 
mat.tei,User,Mathies Teichert, Oberstufe - Matur,Mathies Teichert, , , ,Teichert,Mathies,mathies.teichert@mail.xyz, 
mat.tho,User,Mathies Thornton, Oberstufe - Matur,Mathies Thornton, , , ,Thornton,Mathies,mathies.thornton@mail.xyz, 
mathias.trost,User,Mathias Trost, deaktiviert,Mathias Trost, , , ,Trost,Mathias,keineMailAddy, 
mathias.tucker,User,Tucker Mathias, Oberstufe extern,Tucker Mathias, , , ,Tucker,Mathias,m.tucker@mail.xyz, 
mathis.newman,User,Mathis Newman, deaktiviert,Mathis Newman, , , ,Newman,Mathis,keineMailAddy, 
mathis.yildiz,User,Mathis Yildiz, Sekundar extern,Mathis Yildiz, , , ,Yildiz,Mathis,keineMailAddy, 
mats.stiller,User,Stiller Mats, Oberstufe extern,Stiller Mats, , , ,Stiller,Mats,m.stiller@mail.xyz, 
matteo.thomsen,User,Thomsen Matteo, Oberstufe extern,Thomsen Matteo, , , ,Thomsen,Matteo,matteo.thomsen@mail.xyz, 
matteo.wenzel,User,Matteo Wenzel, Sekundar extern,Matteo Wenzel, , , ,Wenzel,Matteo,matteo.wenzel@mail.xyz, 
matteo.zeitz,User,Matteo Zeitz, Sekundar extern,Matteo Zeitz, , , ,Zeitz,Matteo,m.zeitz@mail.xyz, 
matthias.marschall,User,Marschall Matthias, Handelsmatur,Marschall Matthias, , , ,Marschall,Matthias,m.marschall@mail.xyz, 
matthis.vetter,User,Vetter Matthis, Oberstufe extern,Vetter Matthis, , , ,Vetter,Matthis,matthis.vetter@mail.xyz, 
matti.stanley,User,Matti Stanley, deaktiviert,Matti Stanley, , , ,Stanley,Matti,m.stanley@mail.xyz, 
mattis.toennies,User,Mattis Toennies, deaktiviert,Mattis Toennies, , , ,Toennies,Mattis,m.toennies@mail.xyz, 
mattis.wald,User,Wald Mattis, Oberstufe extern,Wald Mattis, , , ,Wald,Mattis,keineMailAddy, 
max.tews,User,Max Tews, deaktiviert,Max Tews, , , ,Tews,Max,max.tews@mail.xyz, 
may.tes,User,Maya Teske, Oberstufe - Matur,Maya Teske, , , ,Teske,Maya,maya.teske@mail.xyz, 
maya.wittmann,User,Maya Wittmann, deaktiviert,Maya Wittmann, , , ,Wittmann,Maya,maya.wittmann@mail.xyz, 
mei.ort,User,Meik Ortega, Oberstufe - Matur,Meik Ortega, , , ,Ortega,Meik,meik.ortega@mail.xyz, 
meik.wecker,User,Wecker Meik, Oberstufe extern,Wecker Meik, , , ,Wecker,Meik,keineMailAddy, 
meike.sprenger,User,Sprenger Meike, Handelsmatur,Sprenger Meike, , , ,Sprenger,Meike,m.sprenger@mail.xyz, 
meike.veit,User,Meike Veit, Sekundar extern,Meike Veit, , , ,Veit,Meike,keineMailAddy, 
melissa.langenbach,User,Langenbach Melissa, Oberstufe extern,Langenbach Melissa, , , ,Langenbach,Melissa,melissa.langenbach@mail.xyz, 
melvin.tillmann,User,Tillmann Melvin, Handelsmatur,Tillmann Melvin, , , ,Tillmann,Melvin,melvin.tillmann@mail.xyz, 
melvin.watts,User,Melvin Watts, Sekundar extern,Melvin Watts, , , ,Watts,Melvin,keineMailAddy, 
merle.ziemann,User,Merle Ziemann, Sekundar extern,Merle Ziemann, , , ,Ziemann,Merle,merle.ziemann@mail.xyz, 
mia.spur,User,Mia Spur, Sekundar extern,Mia Spur, , , ,Spur,Mia,mia.spur@mail.xyz, 
mic.val,User,Michel Valdez, Oberstufe - Matur,Michel Valdez, , , ,Valdez,Michel,m.valdez@mail.xyz, 
michael.stock,User,Michael Stock, Sekundar extern,Michael Stock, , , ,Stock,Michael,m.stock@mail.xyz, 
michael.wall,User,Michael Wall, deaktiviert,Michael Wall, , , ,Wall,Michael,m.wall@mail.xyz, 
michel.sonnenberg,User,Sonnenberg Michel, Oberstufe extern,Sonnenberg Michel, , , ,Sonnenberg,Michel,keineMailAddy, 
miguel.simmons,User,Miguel Simmons, deaktiviert,Miguel Simmons, , , ,Simmons,Miguel,m.simmons@mail.xyz, 
mil.ste,User,Mila Steele, Oberstufe - Matur,Mila Steele, , , ,Steele,Mila,mila.steele@mail.xyz, 
mila.ludwig,User,Mila Ludwig, deaktiviert,Mila Ludwig, , , ,Ludwig,Mila,keineMailAddy, 
mila.siemer,User,Mila Siemer, Sekundar extern,Mila Siemer, , , ,Siemer,Mila,m.siemer@mail.xyz, 
mila.tetzlaff,User,Tetzlaff Mila, Handelsmatur,Tetzlaff Mila, , , ,Tetzlaff,Mila,m.tetzlaff@mail.xyz, 
milan.overbeck,User,Milan Overbeck, deaktiviert,Milan Overbeck, , , ,Overbeck,Milan,keineMailAddy, 
milan.stephens,User,Stephens Milan, Oberstufe extern,Stephens Milan, , , ,Stephens,Milan,m.stephens@mail.xyz, 
mir.lam,User,Mirco Lamers, Oberstufe - Matur,Mirco Lamers, , , ,Lamers,Mirco,m.lamers@mail.xyz, 
mir.tod,User,Mirko Todd, Oberstufe - Matur,Mirko Todd, , , ,Todd,Mirko,keineMailAddy, 
mir.war,User,Mirko Warneke, Oberstufe - Matur,Mirko Warneke, , , ,Warneke,Mirko,keineMailAddy, 
mira.sperling,User,Sperling Mira, Handelsmatur,Sperling Mira, , , ,Sperling,Mira,mira.sperling@mail.xyz, 
mira.woerner,User,Mira Woerner, deaktiviert,Mira Woerner, , , ,Woerner,Mira,m.woerner@mail.xyz, 
mohamed.wedel,User,Wedel Mohamed, Oberstufe extern,Wedel Mohamed, , , ,Wedel,Mohamed,mohamed.wedel@mail.xyz, 
monica.muehl,User,Monica Muehl, Sekundar extern,Monica Muehl, , , ,Muehl,Monica,keineMailAddy, 
monica.zoeller,User,Zoeller Monica, Handelsmatur,Zoeller Monica, , , ,Zoeller,Monica,monica.zoeller@mail.xyz, 
moritz.theis,User,Theis Moritz, Oberstufe extern,Theis Moritz, , , ,Theis,Moritz,keineMailAddy, 
moritz.zimmermann,User,Moritz Zimmermann, deaktiviert,Moritz Zimmermann, , , ,Zimmermann,Moritz,moritz.zimmermann@mail.xyz, 
muhammed.tegtmeier,User,Tegtmeier Muhammed, Oberstufe extern,Tegtmeier Muhammed, , , ,Tegtmeier,Muhammed,muhammed.tegtmeier@mail.xyz, 
nadine.zeller,User,Zeller Nadine, Handelsmatur,Zeller Nadine, , , ,Zeller,Nadine,n.zeller@mail.xyz, 
natalie.tauber,User,Natalie Tauber, deaktiviert,Natalie Tauber, , , ,Tauber,Natalie,natalie.tauber@mail.xyz, 
nelly.spang,User,Nelly Spang, deaktiviert,Nelly Spang, , , ,Spang,Nelly,keineMailAddy, 
nic.siegmann,User,Siegmann Nic, Handelsmatur,Siegmann Nic, , , ,Siegmann,Nic,n.siegmann@mail.xyz, 
nic.zac,User,Nick Zacher, Oberstufe - Matur,Nick Zacher, , , ,Zacher,Nick,nick.zacher@mail.xyz, 
niclas.spindler,User,Niclas Spindler, deaktiviert,Niclas Spindler, , , ,Spindler,Niclas,niclas.spindler@mail.xyz, 
niels.versatel,User,Versatel Niels, Oberstufe extern,Versatel Niels, , , ,Versatel,Niels,niels.versatel@mail.xyz, 
nik.nit,User,Nik Nitschke, Oberstufe - Matur,Nik Nitschke, , , ,Nitschke,Nik,nik.nitschke@mail.xyz, 
nik.sei,User,Nik Seibold, Oberstufe - Matur,Nik Seibold, , , ,Seibold,Nik,n.seibold@mail.xyz, 
niklas.murphy,User,Niklas Murphy, Sekundar extern,Niklas Murphy, , , ,Murphy,Niklas,niklas.murphy@mail.xyz, 
niklas.wolters,User,Niklas Wolters, Sekundar extern,Niklas Wolters, , , ,Wolters,Niklas,niklas.wolters@mail.xyz, 
nikolas.ternes,User,Nikolas Ternes, Sekundar extern,Nikolas Ternes, , , ,Ternes,Nikolas,n.ternes@mail.xyz, 
nikolas.wade,User,Wade Nikolas, Oberstufe extern,Wade Nikolas, , , ,Wade,Nikolas,n.wade@mail.xyz, 
nil.wie,User,Nils Wiener, Oberstufe - Matur,Nils Wiener, , , ,Wiener,Nils,n.wiener@mail.xyz, 
nils.weise,User,Weise Nils, Handelsmatur,Weise Nils, , , ,Weise,Nils,nils.weise@mail.xyz, 
nina.lammers,User,Lammers Nina, Oberstufe extern,Lammers Nina, , , ,Lammers,Nina,nina.lammers@mail.xyz, 
nina.six,User,Nina Six, deaktiviert,Nina Six, , , ,Six,Nina,n.six@mail.xyz, 
nina.strahl,User,Strahl Nina, Oberstufe extern,Strahl Nina, , , ,Strahl,Nina,keineMailAddy, 
noah.sondermann,User,Sondermann Noah, Handelsmatur,Sondermann Noah, , , ,Sondermann,Noah,keineMailAddy, 
noah.wallner,User,Noah Wallner, deaktiviert,Noah Wallner, , , ,Wallner,Noah,keineMailAddy, 
noah.walmer,User,Noah Walmer, deaktiviert,Noah Walmer, , , ,Walmer,Noah,noah.wallner@mail.xyz, 
noel.washington,User,Washington Noel, Oberstufe extern,Washington Noel, , , ,Washington,Noel,keineMailAddy, 
nor.mic,User,Nora Michaelis, Oberstufe - Matur,Nora Michaelis, , , ,Michaelis,Nora,nora.michaelis@mail.xyz, 
nor.win,User,Norbert Wink, Oberstufe - Matur,Norbert Wink, , , ,Wink,Norbert,n.wink@mail.xyz, 
norbert.wolter,User,Norbert Wolter, deaktiviert,Norbert Wolter, , , ,Wolter,Norbert,keineMailAddy, 
oli.wen,User,Oliver Wenig, Oberstufe - Matur,Oliver Wenig, , , ,Wenig,Oliver,oliver.wenig@mail.xyz, 
oscar.uhrig,User,Oscar Uhrig, Sekundar extern,Oscar Uhrig, , , ,Uhrig,Oscar,o.uhrig@mail.xyz, 
ott.vos,User,Otto Voss, Oberstufe - Matur,Otto Voss, , , ,Voss,Otto,otto.voss@mail.xyz, 
otto.weigel,User,Weigel Otto, Oberstufe extern,Weigel Otto, , , ,Weigel,Otto,otto.weigel@mail.xyz, 
otto.ziemer,User,Ziemer Otto, Oberstufe extern,Ziemer Otto, , , ,Ziemer,Otto,o.ziemer@mail.xyz, 
patrik.siegert,User,Siegert Patrik, Handelsmatur,Siegert Patrik, , , ,Siegert,Patrik,patrik.siegert@mail.xyz, 
patrik.stein,User,Patrik Stein, Sekundar extern,Patrik Stein, , , ,Stein,Patrik,p.stein@mail.xyz, 
pau.sto,User,Paula Stock, Oberstufe - Matur,Paula Stock, , , ,Stock,Paula,paula.stock@mail.xyz, 
pau.tro,User,Pauline Trost, Oberstufe - Matur,Pauline Trost, , , ,Trost,Pauline,p.trost@mail.xyz, 
paula.thelen,User,Thelen Paula, Handelsmatur,Thelen Paula, , , ,Thelen,Paula,paula.thelen@mail.xyz, 
petra.landwehr,User,Landwehr Petra, Oberstufe extern,Landwehr Petra, , , ,Landwehr,Petra,p.landwehr@mail.xyz, 
petra.wells,User,Petra Wells, deaktiviert,Petra Wells, , , ,Wells,Petra,petra.wells@mail.xyz, 
phi.wei,User,Phillip Weiler, Oberstufe - Matur,Phillip Weiler, , , ,Weiler,Phillip,p.weiler@mail.xyz, 
philip.tempel,User,Philip Tempel, deaktiviert,Philip Tempel, , , ,Tempel,Philip,p.tempel@mail.xyz, 
quentin.smith,User,Smith Quentin, Oberstufe extern,Smith Quentin, , , ,Smith,Quentin,keineMailAddy, 
quentin.steinke,User,Quentin Steinke, Sekundar extern,Quentin Steinke, , , ,Steinke,Quentin,q.steinke@mail.xyz, 
rafael.thiel,User,Rafael Thiel, Sekundar extern,Rafael Thiel, , , ,Thiel,Rafael,r.thiel@mail.xyz, 
rai.lad,User,Rainer Ladwig, Oberstufe - Matur,Rainer Ladwig, , , ,Ladwig,Rainer,keineMailAddy, 
rainer.smith,User,Smith Rainer, Oberstufe extern,Smith Rainer, , , ,Smith,Rainer,keineMailAddy, 
rainer.winkelmann,User,Winkelmann Rainer, Oberstufe extern,Winkelmann Rainer, , , ,Winkelmann,Rainer,keineMailAddy, 
ralph.steinke,User,Ralph Steinke, Sekundar extern,Ralph Steinke, , , ,Steinke,Ralph,ralph.steinke@mail.xyz, 
ralph.weise,User,Weise Ralph, Oberstufe extern,Weise Ralph, , , ,Weise,Ralph,ralph.weise@mail.xyz, 
raphael.thiele,User,Thiele Raphael, Oberstufe extern,Thiele Raphael, , , ,Thiele,Raphael,raphael.thiele@mail.xyz, 
rasmus.wassmann,User,Rasmus Wassmann, Sekundar extern,Rasmus Wassmann, , , ,Wassmann,Rasmus,keineMailAddy, 
reb.wil,User,Rebekka Wilhelmi, Oberstufe - Matur,Rebekka Wilhelmi, , , ,Wilhelmi,Rebekka,r.wilhelmi@mail.xyz, 
rebekka.wiesner,User,Wiesner Rebekka, Oberstufe extern,Wiesner Rebekka, , , ,Wiesner,Rebekka,rebekka.wiesner@mail.xyz, 
reg.zor,User,Regina Zorn, Oberstufe - Matur,Regina Zorn, , , ,Zorn,Regina,regina.zorn@mail.xyz, 
reinhard.seibold,User,Seibold Reinhard, Oberstufe extern,Seibold Reinhard, , , ,Seibold,Reinhard,r.seibold@mail.xyz, 
reinhardt.viessmann,User,Reinhardt Viessmann, deaktiviert,Reinhardt Viessmann, , , ,Viessmann,Reinhardt,r.viessmann@mail.xyz, 
ren.ste,User,RenÈ Steele, Oberstufe - Matur,RenÈ Steele, , , ,Steele,RenÈ,rene.steele@mail.xyz, 
renÈ.wittig,User,RenÈ Wittig, Sekundar extern,RenÈ Wittig, , , ,Wittig,RenÈ,keineMailAddy, 
ric.son,User,Richard Sonntag, Oberstufe - Matur,Richard Sonntag, , , ,Sonntag,Richard,r.sonntag@mail.xyz, 
ricardo.zacharias,User,Ricardo Zacharias, Sekundar extern,Ricardo Zacharias, , , ,Zacharias,Ricardo,r.zacharias@mail.xyz, 
richard.stiehler,User,Stiehler Richard, Oberstufe extern,Stiehler Richard, , , ,Stiehler,Richard,keineMailAddy, 
rike.willer,User,Rike Willer, Sekundar extern,Rike Willer, , , ,Willer,Rike,rike.willer@mail.xyz, 
robert.seite,User,Seite Robert, Oberstufe extern,Seite Robert, , , ,Seite,Robert,r.seite@mail.xyz, 
robert.wittmann,User,Robert Wittmann, deaktiviert,Robert Wittmann, , , ,Wittmann,Robert,robert.wittmann@mail.xyz, 
robin.waller,User,Robin Waller, deaktiviert,Robin Waller, , , ,Waller,Robin,r.waller@mail.xyz, 
rol.tat,User,Rolf Tate, Oberstufe - Matur,Rolf Tate, , , ,Tate,Rolf,rolf.tate@mail.xyz, 
rolf.sieg,User,Sieg Rolf, Oberstufe extern,Sieg Rolf, , , ,Sieg,Rolf,keineMailAddy, 
rolf.stark,User,Stark Rolf, Oberstufe extern,Stark Rolf, , , ,Stark,Rolf,r.stark@mail.xyz, 
roman.wagner,User,Roman Wagner, deaktiviert,Roman Wagner, , , ,Wagner,Roman,r.wagner@mail.xyz, 
roman.weichert,User,Roman Weichert, Sekundar extern,Roman Weichert, , , ,Weichert,Roman,r.weichert@mail.xyz, 
romy.thelen,User,Thelen Romy, Oberstufe extern,Thelen Romy, , , ,Thelen,Romy,keineMailAddy, 
ronja.senger,User,Senger Ronja, Handelsmatur,Senger Ronja, , , ,Senger,Ronja,r.senger@mail.xyz, 
ronja.soto,User,Ronja Soto, deaktiviert,Ronja Soto, , , ,Soto,Ronja,keineMailAddy, 
rosemarie.tekin,User,Rosemarie Tekin, Sekundar extern,Rosemarie Tekin, , , ,Tekin,Rosemarie,keineMailAddy, 
ruben.semmler,User,Ruben Semmler, Sekundar extern,Ruben Semmler, , , ,Semmler,Ruben,ruben.semmler@mail.xyz, 
rudolf.steuermann,User,Rudolf Steuermann, deaktiviert,Rudolf Steuermann, , , ,Steuermann,Rudolf,rudolf.steuermann@mail.xyz, 
sam.zim,User,Samuel Zimmer, Oberstufe - Matur,Samuel Zimmer, , , ,Zimmer,Samuel,samuel.zimmer@mail.xyz, 
samira.shaw,User,Shaw Samira, Handelsmatur,Shaw Samira, , , ,Shaw,Samira,s.shaw@mail.xyz, 
samira.toelle,User,Samira Toelle, deaktiviert,Samira Toelle, , , ,Toelle,Samira,s.toelle@mail.xyz, 
samuel.vega,User,Vega Samuel, Lehrer Handel,Vega Samuel, , , ,Vega,Samuel,samuel.vega@mail.xyz, 
san.sel,User,Sandra Seliger, Oberstufe - Matur,Sandra Seliger, , , ,Seliger,Sandra,sandra.seliger@mail.xyz, 
sara.seitz,User,Seitz Sara, Handelsmatur,Seitz Sara, , , ,Seitz,Sara,s.seitz@mail.xyz, 
sarah.vetter,User,Vetter Sarah, Oberstufe extern,Vetter Sarah, , , ,Vetter,Sarah,keineMailAddy, 
sel.str,User,Selin Strahl, Oberstufe - Matur,Selin Strahl, , , ,Strahl,Selin,keineMailAddy, 
silas.sharp,User,Silas Sharp, deaktiviert,Silas Sharp, , , ,Sharp,Silas,silas.sharp@mail.xyz, 
silke.strobel,User,Strobel Silke, Oberstufe extern,Strobel Silke, , , ,Strobel,Silke,keineMailAddy, 
silvia.struck,User,Struck Silvia, Lehrer Handel,Struck Silvia, , , ,Struck,Silvia,s.struck@mail.xyz, 
smilla.sohn,User,Sohn Smilla, Oberstufe extern,Sohn Smilla, , , ,Sohn,Smilla,s.sohn@mail.xyz, 
sophia.siewert,User,Siewert Sophia, Oberstufe extern,Siewert Sophia, , , ,Siewert,Sophia,s.siewert@mail.xyz, 
sophie.zell,User,Zell Sophie, Oberstufe extern,Zell Sophie, , , ,Zell,Sophie,sophie.zell@mail.xyz, 
stephan.waldmann,User,Waldmann Stephan, Oberstufe extern,Waldmann Stephan, , , ,Waldmann,Stephan,stephan.waldmann@mail.xyz, 
sve.win,User,Svea Winkler, Oberstufe - Matur,Svea Winkler, , , ,Winkler,Svea,keineMailAddy, 
svea.thies,User,Svea Thies, deaktiviert,Svea Thies, , , ,Thies,Svea,s.thies@mail.xyz, 
swen.terry,User,Swen Terry, deaktiviert,Swen Terry, , , ,Terry,Swen,swen.terry@mail.xyz, 
swenja.sieben,User,Swenja Sieben, deaktiviert,Swenja Sieben, , , ,Sieben,Swenja,s.sieben@mail.xyz, 
tanja.spies,User,Spies Tanja, Oberstufe extern,Spies Tanja, , , ,Spies,Tanja,t.spies@mail.xyz, 
tho.sie,User,Thore Siewert, Oberstufe - Matur,Thore Siewert, , , ,Siewert,Thore,thore.siewert@mail.xyz, 
thomas.singh,User,Singh Thomas, Oberstufe extern,Singh Thomas, , , ,Singh,Thomas,thomas.singh@mail.xyz, 
thorben.thiele,User,Thorben Thiele, Sekundar extern,Thorben Thiele, , , ,Thiele,Thorben,thorben.thiele@mail.xyz, 
thore.wilde,User,Wilde Thore, Oberstufe extern,Wilde Thore, , , ,Wilde,Thore,t.wilde@mail.xyz, 
till.walker,User,Walker Till, Oberstufe extern,Walker Till, , , ,Walker,Till,t.walker@mail.xyz, 
timm.wittig,User,Timm Wittig, Sekundar extern,Timm Wittig, , , ,Wittig,Timm,timm.wittig@mail.xyz, 
tom.tis,User,Tom Tischler, Oberstufe - Matur,Tom Tischler, , , ,Tischler,Tom,t.tischler@mail.xyz, 
tore.tag,User,Tore Tag, Sekundar extern,Tore Tag, , , ,Tag,Tore,t.tag@mail.xyz, 
tri.ufe,User,Tristan Ufer, Oberstufe - Matur,Tristan Ufer, , , ,Ufer,Tristan,t.ufer@mail.xyz, 
ulr.tem,User,Ulrich Temme, Oberstufe - Matur,Ulrich Temme, , , ,Temme,Ulrich,ulrich.temme@mail.xyz, 
ulrich.vaupel,User,Vaupel Ulrich, Oberstufe extern,Vaupel Ulrich, , , ,Vaupel,Ulrich,ulrich.vaupel@mail.xyz, 
urs.wel,User,Ursula Welch, Oberstufe - Matur,Ursula Welch, , , ,Welch,Ursula,ursula.welch@mail.xyz, 
ursula.wong,User,Ursula Wong, Sekundar extern,Ursula Wong, , , ,Wong,Ursula,ursula.wong@mail.xyz, 
uwe.wille,User,Uwe Wille, Sekundar extern,Uwe Wille, , , ,Wille,Uwe,uwe.wille@mail.xyz, 
valentin.siegmann,User,Siegmann Valentin, Oberstufe extern,Siegmann Valentin, , , ,Siegmann,Valentin,valentin.siegmann@mail.xyz, 
van.wie,User,Vanessa Wiesner, Oberstufe - Matur,Vanessa Wiesner, , , ,Wiesner,Vanessa,keineMailAddy, 
vanessa.sieber,User,Sieber Vanessa, Oberstufe extern,Sieber Vanessa, , , ,Sieber,Vanessa,keineMailAddy, 
vik.wal,User,Viktoria Waldhaus, Oberstufe - Matur,Viktoria Waldhaus, , , ,Waldhaus,Viktoria,v.waldhaus@mail.xyz, 
vincent.ulbrich,User,Vincent Ulbrich, Sekundar extern,Vincent Ulbrich, , , ,Ulbrich,Vincent,v.ulbrich@mail.xyz, 
vivien.zapf,User,Vivien Zapf, Sekundar extern,Vivien Zapf, , , ,Zapf,Vivien,vivien.zapf@mail.xyz, 
volker.tyler,User,Volker Tyler, Sekundar extern,Volker Tyler, , , ,Tyler,Volker,volker.tyler@mail.xyz, 
volker.williamson,User,Volker Williamson, deaktiviert,Volker Williamson, , , ,Williamson,Volker,volker.williamson@mail.xyz, 
waldtraut.stefan,User,Waldtraut Stefan, Sekundar extern,Waldtraut Stefan, , , ,Stefan,Waldtraut,waldtraut.stefan@mail.xyz, 
waldtraut.wenig,User,Wenig Waldtraut, Handelsmatur,Wenig Waldtraut, , , ,Wenig,Waldtraut,waldtraut.wenig@mail.xyz, 
walther.siegle,User,Siegle Walther, Handelsmatur,Siegle Walther, , , ,Siegle,Walther,w.siegle@mail.xyz, 
walther.theis,User,Walther Theis, Sekundar extern,Walther Theis, , , ,Theis,Walther,w.theis@mail.xyz, 
waltraud.weichert,User,Waltraud Weichert, Sekundar extern,Waltraud Weichert, , , ,Weichert,Waltraud,keineMailAddy, 
werner.ulbrich,User,Ulbrich Werner, Oberstufe extern,Ulbrich Werner, , , ,Ulbrich,Werner,w.ulbrich@mail.xyz, 
werner.zeh,User,Zeh Werner, Handelsmatur,Zeh Werner, , , ,Zeh,Werner,werner.zeh@mail.xyz, 
willi.waller,User,Waller Willi, Oberstufe extern,Waller Willi, , , ,Waller,Willi,w.waller@mail.xyz, 
xenia.zellner,User,Xenia Zellner, Sekundar extern,Xenia Zellner, , , ,Zellner,Xenia,keineMailAddy, 
yan.toe,User,Yannik Toepfer, Oberstufe - Matur,Yannik Toepfer, , , ,Toepfer,Yannik,y.toepfer@mail.xyz, 
yan.wie,User,Yannis Wiener, Oberstufe - Matur,Yannis Wiener, , , ,Wiener,Yannis,y.wiener@mail.xyz, 
yannick.zeitz,User,Zeitz Yannick, Oberstufe extern,Zeitz Yannick, , , ,Zeitz,Yannick,y.zeitz@mail.xyz, 
yannik.seiffert,User,Seiffert Yannik, Oberstufe extern,Seiffert Yannik, , , ,Seiffert,Yannik,yannik.seiffert@mail.xyz, 
yannik.sippel,User,Sippel Yannik, Oberstufe extern,Sippel Yannik, , , ,Sippel,Yannik,yannik.sippel@mail.xyz, 
yannis.sommerfeld,User,Yannis Sommerfeld, Sekundar extern,Yannis Sommerfeld, , , ,Sommerfeld,Yannis,yannis.sommerfeld@mail.xyz, 
yas.wat,User,Yasmin Waters, Oberstufe - Matur,Yasmin Waters, , , ,Waters,Yasmin,keineMailAddy, 
yasmin.sell,User,Sell Yasmin, Oberstufe extern,Sell Yasmin, , , ,Sell,Yasmin,y.sell@mail.xyz, 
yvonne.senioren,User,Senioren Yvonne, Handelsmatur,Senioren Yvonne, , , ,Senioren,Yvonne,y.senioren@mail.xyz, 
zoÈ.tappe,User,Tappe ZoÈ, Oberstufe extern,Tappe ZoÈ, , , ,Tappe,ZoÈ,z.tappe@mail.xyz, 
zoe.waller,User,Zoe Waller, Sekundar extern,Zoe Waller, , , ,Waller,Zoe,z.waller@mail.xyz, 
