Name,Type,Description,Display Name,E-Mail Address,Company,Job Title,Last Name,First Name,User Logon Name,Department
adrian.braune,User,Adrian Braune, Sekundar,Adrian Braune, , , ,Braune,Adrian,adrian.braune@mail.xyz, 
adrian.conner,User,Adrian Conner, Sekundar,Adrian Conner, , , ,Conner,Adrian,keineMailAddy, 
alexa.barton,User,Alexa Barton, Sekundar,Alexa Barton, , , ,Barton,Alexa,alexa.barton@mail.xyz, 
alfred.brandner,User,Alfred Brandner, Sekundar,Alfred Brandner, , , ,Brandner,Alfred,keineMailAddy, 
alfred.brutto,User,Alfred Brutto, Lehrer Sekundar,Alfred Brutto, , , ,Brutto,Alfred,keineMailAddy, 
alfred.burghardt,User,Alfred Burghardt, Lehrer Sekundar,Alfred Burghardt, , , ,Burghardt,Alfred,keineMailAddy, 
ali.bruch,User,Ali Bruch, Sekundar,Ali Bruch, , , ,Bruch,Ali,ali.bruch@mail.xyz, 
ali.buerger,User,Ali Buerger, Lehrer Sekundar,Ali Buerger, , , ,Buerger,Ali,a.buerger@mail.xyz, 
alisa.bernhardt,User,Alisa Bernhardt, Sekundar,Alisa Bernhardt, , , ,Bernhardt,Alisa,alisa.bernhardt@mail.xyz, 
alisa.bischoff,User,Alisa Bischoff, Sekundar,Alisa Bischoff, , , ,Bischoff,Alisa,a.bischoff@mail.xyz, 
amely.ahrens,User,Amely Ahrens, Sekundar,Amely Ahrens, , , ,Ahrens,Amely,a.ahrens@mail.xyz, 
analia.braun,User,Analia Braun, Sekundar,Analia Braun, , , ,Braun,Analia,a.braun@mail.xxx, 
anastasia.brass,User,Anastasia Brass, Sekundar,Anastasia Brass, , , ,Brass,Anastasia,anastasia.brass@mail.xyz, 
anastasia.breu,User,Anastasia Breu, Sekundar,Anastasia Breu, , , ,Breu,Anastasia,anastasia.breu@mail.xyz, 
anastasia.dehn,User,Anastasia Dehn, Sekundar,Anastasia Dehn, , , ,Dehn,Anastasia,anastasia.dehn@mail.xyz, 
andré.bruns,User,André Bruns, Lehrer Sekundar,André Bruns, , , ,Bruns,André,andre.bruns@mail.xyz, 
andrea.bamberg,User,Andrea Bamberg, Sekundar,Andrea Bamberg, , , ,Bamberg,Andrea,andrea.bamberg@mail.xyz, 
andreas.boes,User,A. B., Verwaltung,A. B., , , ,Boes,Andreas,a.boes@mail.xyz, 
angelika.buck,User,Angelika Buck, Lehrer Sekundar,Angelika Buck, , , ,Buck,Angelika,angelika.buck@mail.xyz, 
anica.allen,User,Anica Allen, Sekundar,Anica Allen, , , ,Allen,Anica,anica.allen@mail.xyz, 
anica.bennett,User,Anica Bennett, Sekundar,Anica Bennett, , , ,Bennett,Anica,anica.bennett@mail.xyz, 
anika.ballmann,User,Anika Ballmann, Sekundar,Anika Ballmann, , , ,Ballmann,Anika,anika.ballmann@mail.xyz, 
anika.baumgaertner,User,Anika Baumgaertner, Sekundar,Anika Baumgaertner, , , ,Baumgaertner,Anika,a.baumgaertner@mail.xyz, 
anika.braune,User,Anika Braune, Sekundar,Anika Braune, , , ,Braune,Anika,anika.braune@mail.xyz, 
anja.bretschneider,User,Anja Bretschneider, Sekundar,Anja Bretschneider, , , ,Bretschneider,Anja,a.bretschneider@mail.xyz, 
ann.betz,User,Ann Betz, deaktiviert,Ann Betz, , , ,Betz,Ann,ann.betz@mail.xyz, 
annabell.adkins,User,Annabell Adkins, Sekundar,Annabell Adkins, , , ,Adkins,Annabell,a.adkins@mail.xyz, 
annica.baierl,User,Annica Baierl, Sekundar,Annica Baierl, , , ,Baierl,Annica,annica.baierl@mail.xyz, 
annica.brauner,User,Annica Brauner, deaktiviert,Annica Brauner, , , ,Brauner,Annica,annica.brauner@mail.xyz, 
antje.brueggemann,User,Antje Brueggemann, Lehrer Sekundar,Antje Brueggemann, , , ,Brueggemann,Antje,a.brueggemann@mail.xyz, 
antje.collins,User,Antje Collins, Sekundar,Antje Collins, , , ,Collins,Antje,antje.collins@mail.xyz, 
anton.anderson,User,Anton Anderson, Sekundar,Anton Anderson, , , ,Anderson,Anton,a.anderson@mail.xyz, 
anton.braun,User,Anton Braun, Sekundar,Anton Braun, , , ,Braun,Anton,a.braun@mail.xyz, 
arne.busche,User,Arne Busche, Lehrer Sekundar,Arne Busche, , , ,Busche,Arne,keineMailAddy, 
arthur.buehler,User,Arthur Buehler, Lehrer Sekundar,Arthur Buehler, , , ,Buehler,Arthur,a.buehler@mail.xyz, 
astrid.brueckmann,User,Astrid Brueckmann, Sekundar,Astrid Brueckmann, , , ,Brueckmann,Astrid,astrid.brueckmann@mail.xyz, 
aylin.chambers,User,Aylin Chambers, Sekundar,Aylin Chambers, , , ,Chambers,Aylin,a.chambers@mail.xyz, 
barbara.crawford,User,Barbara Crawford, Lehrer Gym,Barbara Crawford, , , ,Crawford,Barbara,b.crawford@mail.xyz, 
ben.clarke,User,Ben Clarke, Sekundar,Ben Clarke, , , ,Clarke,Ben,b.clarke@mail.xyz, 
benedikt.alberts,User,Benedikt Alberts, Sekundar,Benedikt Alberts, , , ,Alberts,Benedikt,b.alberts@mail.xyz, 
benedikt.brigitte,User,Benedikt Brigitte, Sekundar,Benedikt Brigitte, , , ,Brigitte,Benedikt,benedikt.brigitte@mail.xyz, 
bennet.bossert,User,Bennet Bossert, Sekundar,Bennet Bossert, , , ,Bossert,Bennet,bennet.bossert@mail.xyz, 
bennett.bross,User,Bross Bennett, Lehrer Handel,Bross Bennett, , , ,Bross,Bennett,b.bross@mail.xyz, 
bennett.brueckmann,User,Brueckmann Bennett, Lehrer Handel,Brueckmann Bennett, , , ,Brueckmann,Bennett,b.brueckmann@mail.xyz, 
berndt.bastian,User,Bastian Berndt, Lehrer Handel,Bastian Berndt, , , ,Bastian,Berndt,berndt.bastian@mail.xyz, 
bernhard.derksen,User,Derksen Bernhard, Lehrer Handel,Derksen Bernhard, , , ,Derksen,Bernhard,bernhard.derksen@mail.xyz, 
bernhardt.bracht,User,Bernhardt Bracht, Sekundar,Bernhardt Bracht, , , ,Bracht,Bernhardt,bernhardt.bracht@mail.xyz, 
bernt.brosch,User,Bernt Brosch, Sekundar,Bernt Brosch, , , ,Brosch,Bernt,keineMailAddy, 
bernt.deckert,User,Bernt Deckert, Sekundar,Bernt Deckert, , , ,Deckert,Bernt,bernt.deckert@mail.xyz, 
bettina.burkhard,User,Bettina Burkhard, Lehrer Sekundar,Bettina Burkhard, , , ,Burkhard,Bettina,bettina.burkhard@mail.xyz, 
bjarne.braune,User,Bjarne Braune, Sekundar,Bjarne Braune, , , ,Braune,Bjarne,keineMailAddy, 
bjarne.burgess,User,Bjarne Burgess, Lehrer Sekundar,Bjarne Burgess, , , ,Burgess,Bjarne,b.burgess@mail.xyz, 
bjoern.berry,User,Bjoern Berry, Sekundar,Bjoern Berry, , , ,Berry,Bjoern,bjoern.berry@mail.xyz, 
brigitte.borst,User,Brigitte Borst, Sekundar,Brigitte Borst, , , ,Borst,Brigitte,brigitte.borst@mail.xyz, 
brigitte.brenner,User,Brigitte Brenner, Sekundar,Brigitte Brenner, , , ,Brenner,Brigitte,b.brenner@mail.xyz, 
britta.birnenmost,User,Britta Birnenmost, Sekundar,Britta Birnenmost, , , ,Birnenmost,Britta,keineMailAddy, 
britta.boettcher,User,Britta Boettcher, Sekundar,Britta Boettcher, , , ,Boettcher,Britta,britta.boettcher@mail.xyz, 
britta.brehmer,User,Britta Brehmer, Sekundar,Britta Brehmer, , , ,Brehmer,Britta,britta.brehmer@mail.xyz, 
caja.butler,User,Caja Butler, Lehrer Sekundar,Caja Butler, , , ,Butler,Caja,c.butler@mail.xyz, 
carin.borchert,User,Carin Borchert, Sekundar,Carin Borchert, , , ,Borchert,Carin,c.borchert@mail.xyz, 
carin.demel,User,Carin Demel, Sekundar,Carin Demel, , , ,Demel,Carin,c.demel@mail.xyz, 
carla.deppe,User,Carla Deppe, Sekundar,Carla Deppe, , , ,Deppe,Carla,keineMailAddy, 
carlotta.bott,User,Carlotta Bott, Sekundar,Carlotta Bott, , , ,Bott,Carlotta,c.bott@mail.xyz, 
carlotta.carmen,User,Carlotta Carmen, Lehrer Sekundar,Carlotta Carmen, , , ,Carmen,Carlotta,c.carmen@mail.xyz, 
caroline.boese,User,Caroline Boese, Sekundar,Caroline Boese, , , ,Boese,Caroline,c.boese@mail.xyz, 
carsten.dehne,User,Carsten Dehne, Sekundar,Carsten Dehne, , , ,Dehne,Carsten,c.dehne@mail.xyz, 
catarina.bamberger,User,Catarina Bamberger, Sekundar,Catarina Bamberger, , , ,Bamberger,Catarina,catarina.bamberger@mail.xyz, 
catrin.becker,User,Catrin Becker, Sekundar,Catrin Becker, , , ,Becker,Catrin,catrin.becker@mail.xyz, 
catrin.brauer,User,Catrin Brauer, Sekundar,Catrin Brauer, , , ,Brauer,Catrin,c.brauer@mail.xyz, 
catrin.brehmer,User,Catrin Brehmer, Sekundar,Catrin Brehmer, , , ,Brehmer,Catrin,c.brehmer@mail.xyz, 
cedric.carlson,User,Cedric Carlson, Lehrer Sekundar,Cedric Carlson, , , ,Carlson,Cedric,cedric.carlson@mail.xyz, 
celina.barker,User,Celina Barker, Sekundar,Celina Barker, , , ,Barker,Celina,c.barker@mail.xyz, 
céline.buck,User,Céline Buck, Lehrer Sekundar,Céline Buck, , , ,Buck,Céline,celine.buck@mail.xyz, 
chantale.busche,User,Chantale Busche, Lehrer Sekundar,Chantale Busche, , , ,Busche,Chantale,keineMailAddy, 
chantale.chavez,User,C. Chavez, Leitung,C. Chavez, , , ,Chavez,Chantale,c.chavez@mail.xyz, 
chantall.braendle,User,Chantall Braendle, Sekundar,Chantall Braendle, , , ,Braendle,Chantall,keineMailAddy, 
charlotte.bergmann,User,Charlotte Bergmann, Sekundar,Charlotte Bergmann, , , ,Bergmann,Charlotte,charlotte.bergmann@mail.xyz, 
chiara.buescher,User,Chiara Buescher, Lehrer Sekundar,Chiara Buescher, , , ,Buescher,Chiara,chiara.buescher@mail.xyz, 
chris.bormann,User,Chris Bormann, Sekundar,Chris Bormann, , , ,Bormann,Chris,chris.bormann@mail.xyz, 
christa.ahrendt,User,Christa Ahrendt, Sekundar,Christa Ahrendt, , , ,Ahrendt,Christa,keineMailAddy, 
christin.brucker,User,Christin Brucker, Sekundar,Christin Brucker, , , ,Brucker,Christin,christin.brucker@mail.xyz, 
christine.bad,User,Christine Bad, Sekundar,Christine Bad, , , ,Bad,Christine,c.bad@mail.xyz, 
christine.brutto,User,Christine Brutto, Lehrer Sekundar,Christine Brutto, , , ,Brutto,Christine,c.brutto@mail.xyz, 
christine.demmler,User,Christine Demmler, Sekundar,Christine Demmler, , , ,Demmler,Christine,c.demmler@mail.xyz, 
christof.bass,User,Christof Bass, Sekundar,Christof Bass, , , ,Bass,Christof,c.bass@mail.xyz, 
christoph.baierl,User,Christoph Baierl, Sekundar,Christoph Baierl, , , ,Baierl,Christoph,c.baierl@mail.xyz, 
christopher.arnold,User,Christopher Arnold, Sekundar,Christopher Arnold, , , ,Arnold,Christopher,c.arnold@mail.xyz, 
christopher.brose,User,Christopher Brose, Sekundar,Christopher Brose, , , ,Brose,Christopher,c.brose@mail.xyz, 
clara.demmel,User,Clara Demmel, Sekundar,Clara Demmel, , , ,Demmel,Clara,c.demmel@mail.xyz, 
connor.christian,User,Connor Christian, Sekundar,Connor Christian, , , ,Christian,Connor,keineMailAddy, 
constantin.coleman,User,Constantin Coleman, Sekundar,Constantin Coleman, , , ,Coleman,Constantin,c.coleman@mail.xyz, 
constantin.davis,User,Constantin Davis, Sekundar,Constantin Davis, , , ,Davis,Constantin,c.davis@mail.xyz, 
cornelia.collier,User,Cornelia Collier, Sekundar,Cornelia Collier, , , ,Collier,Cornelia,c.collier@mail.xyz, 
dagmar.breitenbach,User,Dagmar Breitenbach, Sekundar,Dagmar Breitenbach, , , ,Breitenbach,Dagmar,dagmar.breitenbach@mail.xyz, 
dana.bass,User,Dana Bass, Sekundar,Dana Bass, , , ,Bass,Dana,d.bass@mail.xyz, 
daniela.bernhardt,User,Daniela Bernhardt, Sekundar,Daniela Bernhardt, , , ,Bernhardt,Daniela,d.bernhardt@mail.xyz, 
danny.baumgarten,User,Danny Baumgarten, Sekundar,Danny Baumgarten, , , ,Baumgarten,Danny,danny.baumgarten@mail.xyz, 
dario.apel,User,Dario Apel, Sekundar,Dario Apel, , , ,Apel,Dario,dario.apel@mail.xyz, 
dario.brosch,User,Dario Brosch, Sekundar,Dario Brosch, , , ,Brosch,Dario,d.brosch@mail.xyz, 
denise.breunig,User,Denise Breunig, Sekundar,Denise Breunig, , , ,Breunig,Denise,keineMailAddy, 
detlev.adolph,User,Detlev Adolph, Sekundar,Detlev Adolph, , , ,Adolph,Detlev,detlev.adolph@mail.xyz, 
detlev.ball,User,Detlev Ball, Sekundar,Detlev Ball, , , ,Ball,Detlev,d.ball@mail.xyz, 
diana.brodbeck,User,Diana Brodbeck, Sekundar,Diana Brodbeck, , , ,Brodbeck,Diana,keineMailAddy, 
diana.dahms,User,Diana Dahms, Lehrer Gym,Diana Dahms, , , ,Dahms,Diana,diana.dahms@mail.xyz, 
dominic.braune,User,D. B., Verwaltung,D. B., , , ,Braune,Dominic,d.braune@mail.xyz, 
dominic.brock,User,Dominic Brock, Sekundar,Dominic Brock, , , ,Brock,Dominic,dominic.brock@mail.xyz, 
dustin.damm,User,Dustin Damm, Lehrer Gym,Dustin Damm, , , ,Damm,Dustin,d.damm@mail.xyz, 
elias.brand,User,Elias Brand, Sekundar,Elias Brand, , , ,Brand,Elias,e.brand@mail.xyz, 
emelie.atelco,User,Emelie Atelco, Sekundar,Emelie Atelco, , , ,Atelco,Emelie,keineMailAddy, 
emely.baierl,User,Emely Baierl, Sekundar,Emely Baierl, , , ,Baierl,Emely,keineMailAddy, 
emely.denk,User,Emely Denk, Sekundar,Emely Denk, , , ,Denk,Emely,e.denk@mail.xyz, 
emil.breit,User,Emil Breit, Sekundar,Emil Breit, , , ,Breit,Emil,e.breit@mail.xyz, 
emilia.cao,User,Emilia Cao, Lehrer Sekundar,Emilia Cao, , , ,Cao,Emilia,keineMailAddy, 
emilia.dennis,User,Emilia Dennis, Sekundar,Emilia Dennis, , , ,Dennis,Emilia,emilia.dennis@mail.xyz, 
emilie.bowers,User,E. B., Verwaltung,E. B., , , ,Bowers,Emilie,emilie.bowers@mail.xyz, 
emma.collins,User,Emma Collins, Sekundar,Emma Collins, , , ,Collins,Emma,keineMailAddy, 
emmely.bremer,User,Emmely Bremer, Sekundar,Emmely Bremer, , , ,Bremer,Emmely,e.bremer@mail.xyz, 
emmily.brockmann,User,Emmily Brockmann, Sekundar,Emmily Brockmann, , , ,Brockmann,Emmily,keineMailAddy, 
emre.dehmel,User,Emre Dehmel, Sekundar,Emre Dehmel, , , ,Dehmel,Emre,emre.dehmel@mail.xyz, 
enrico.dahm,User,Enrico Dahm, Lehrer Gym,Enrico Dahm, , , ,Dahm,Enrico,enrico.dahm@mail.xyz, 
eric.acker,User,Eric Acker, Sekundar,Eric Acker, , , ,Acker,Eric,eric.acker@mail.xyz, 
eric.adolf,User,Eric Adolf, Sekundar,Eric Adolf, , , ,Adolf,Eric,e.adolf@mail.xyz, 
erich.baumgaertner,User,Erich Baumgaertner, Sekundar,Erich Baumgaertner, , , ,Baumgaertner,Erich,e.baumgaertner@mail.xyz, 
erik.demir,User,Erik Demir, Sekundar,Erik Demir, , , ,Demir,Erik,erik.demir@mail.xyz, 
erika.barthel,User,Erika Barthel, Sekundar,Erika Barthel, , , ,Barthel,Erika,erika.barthel@mail.xyz, 
eva.barth,User,Eva Barth, Sekundar,Eva Barth, , , ,Barth,Eva,keineMailAddy, 
fabio.bader,User,Fabio Bader, Sekundar,Fabio Bader, , , ,Bader,Fabio,fabio.bader@mail.xyz, 
felicitas.allen,User,Felicitas Allen, Sekundar,Felicitas Allen, , , ,Allen,Felicitas,felicitas.allen@mail.xyz, 
felicitas.bross,User,Felicitas Bross, Sekundar,Felicitas Bross, , , ,Bross,Felicitas,f.bross@mail.xyz, 
finja.berry,User,Finja Berry, Sekundar,Finja Berry, , , ,Berry,Finja,finja.berry@mail.xyz, 
finn.brady,User,Finn Brady, Sekundar,Finn Brady, , , ,Brady,Finn,f.brady@mail.xyz, 
fiona.bade,User,Fiona Bade, Sekundar,Fiona Bade, , , ,Bade,Fiona,f.bade@mail.xyz, 
fiona.cao,User,Fiona Cao, Lehrer Sekundar,Fiona Cao, , , ,Cao,Fiona,f.cao@mail.xyz, 
frank.coleman,User,Frank Coleman, Sekundar,Frank Coleman, , , ,Coleman,Frank,frank.coleman@mail.xyz, 
franz.bartel,User,Franz Bartel, Sekundar,Franz Bartel, , , ,Bartel,Franz,franz.bartel@mail.xyz, 
franz.bruckner,User,F. B., Verwaltung,F. B., , , ,Bruckner,Franz,franz.bruckner@mail.xyz, 
franziska.ahrendt,User,Franziska Ahrendt, Sekundar,Franziska Ahrendt, , , ,Ahrendt,Franziska,keineMailAddy, 
frederic.dachser,User,Frederic Dachser, Lehrer Gym,Frederic Dachser, , , ,Dachser,Frederic,f.dachser@mail.xyz, 
friederike.carr,User,Friederike Carr, Lehrer Sekundar,Friederike Carr, , , ,Carr,Friederike,friederike.carr@mail.xyz, 
friederike.degner,User,Friederike Degner, deaktiviert,Friederike Degner, , , ,Degner,Friederike,friederike.degner@mail.xyz, 
friedrich.bauer,User,Friedrich Bauer, Sekundar,Friedrich Bauer, , , ,Bauer,Friedrich,friedrich.bauer@mail.xyz, 
gabriele.cooper,User,Gabriele Cooper, Lehrer Gym,Gabriele Cooper, , , ,Cooper,Gabriele,gabriele.cooper@mail.xyz, 
gerd.bek,User,Gerd Bek, Sekundar,Gerd Bek, , , ,Bek,Gerd,gerd.bek@mail.xyz, 
gerd.cole,User,Gerd Cole, Sekundar,Gerd Cole, , , ,Cole,Gerd,g.cole@mail.xyz, 
gerda.chandler,User,Gerda Chandler, Sekundar,Gerda Chandler, , , ,Chandler,Gerda,gerda.chandler@mail.xyz, 
gerhardt.baldauf,User,Gerhardt Baldauf, Sekundar,Gerhardt Baldauf, , , ,Baldauf,Gerhardt,gerhardt.baldauf@mail.xyz, 
gert.brenner,User,Gert Brenner, Sekundar,Gert Brenner, , , ,Brenner,Gert,gert.brenner@mail.xyz, 
gina.alber,User,Gina Alber, Sekundar,Gina Alber, , , ,Alber,Gina,keineMailAddy, 
gudrun.alt,User,Gudrun Alt, Sekundar,Gudrun Alt, , , ,Alt,Gudrun,keineMailAddy, 
gudrun.atkins,User,Gudrun Atkins, Sekundar,Gudrun Atkins, , , ,Atkins,Gudrun,gudrun.atkins@mail.xyz, 
hannah.backes,User,Hannah Backes, Sekundar,Hannah Backes, , , ,Backes,Hannah,h.backes@mail.xyz, 
hannah.baumgaertner,User,Hannah Baumgaertner, Sekundar,Hannah Baumgaertner, , , ,Baumgaertner,Hannah,hannah.baumgaertner@mail.xyz, 
hannah.cohen,User,Hannah Cohen, Sekundar,Hannah Cohen, , , ,Cohen,Hannah,h.cohen@mail.xyz, 
harald.arge,User,Harald Arge, Sekundar,Harald Arge, , , ,Arge,Harald,keineMailAddy, 
heidi.bender,User,Heidi Bender, Sekundar,Heidi Bender, , , ,Bender,Heidi,h.bender@mail.xyz, 
heike.bischoff,User,H. B., Verwaltung,H. B., , , ,Bischoff,Heike,h.bischoff@mail.xyz, 
heike.clark,User,Heike Clark, Sekundar,Heike Clark, , , ,Clark,Heike,h.clark@mail.xyz, 
heiko.breitner,User,Heiko Breitner, Sekundar,Heiko Breitner, , , ,Breitner,Heiko,keineMailAddy, 
heinz.boes,User,Heinz Boes, Sekundar,Heinz Boes, , , ,Boes,Heinz,h.boes@mail.xyz, 
helen.albers,User,Helen Albers, Sekundar,Helen Albers, , , ,Albers,Helen,helen.albers@mail.xyz, 
helen.dehmel,User,Helen Dehmel, Sekundar,Helen Dehmel, , , ,Dehmel,Helen,helen.dehmel@mail.xyz, 
helena.bahr,User,Helena Bahr, Sekundar,Helena Bahr, , , ,Bahr,Helena,helena.bahr@mail.xyz, 
helena.binder,User,Helena Binder, Sekundar,Helena Binder, , , ,Binder,Helena,helena.binder@mail.xyz, 
helga.adams,User,Helga Adams, Sekundar,Helga Adams, , , ,Adams,Helga,helga.adams@mail.xyz, 
hendrik.becker,User,Hendrik Becker, Sekundar,Hendrik Becker, , , ,Becker,Hendrik,hendrik.becker@mail.xyz, 
henrik.andrews,User,Henrik Andrews, Sekundar,Henrik Andrews, , , ,Andrews,Henrik,keineMailAddy, 
herbert.baechle,User,Herbert Baechle, Sekundar,Herbert Baechle, , , ,Baechle,Herbert,herbert.baechle@mail.xyz, 
herta.curtis,User,Herta Curtis, Lehrer Gym,Herta Curtis, , , ,Curtis,Herta,keineMailAddy, 
hildegard.beier,User,Hildegard Beier, Sekundar,Hildegard Beier, , , ,Beier,Hildegard,hildegard.beier@mail.xyz, 
holger.blake,User,Holger Blake, Sekundar,Holger Blake, , , ,Blake,Holger,keineMailAddy, 
horst.bischof,User,Horst Bischof, Sekundar,Horst Bischof, , , ,Bischof,Horst,horst.bischof@mail.xyz, 
horst.dehmel,User,Horst Dehmel, Sekundar,Horst Dehmel, , , ,Dehmel,Horst,h.dehmel@mail.xyz, 
ian.aydin,User,Ian Aydin, Sekundar,Ian Aydin, , , ,Aydin,Ian,ian.aydin@mail.xyz, 
ian.brandenburger,User,Ian Brandenburger, Sekundar,Ian Brandenburger, , , ,Brandenburger,Ian,i.brandenburger@mail.xyz, 
ian.brutto,User,Ian Brutto, Lehrer Sekundar,Ian Brutto, , , ,Brutto,Ian,ian.brutto@mail.xyz, 
ida.axmann,User,Ida Axmann, Sekundar,Ida Axmann, , , ,Axmann,Ida,ida.axmann@mail.xyz, 
ida.brock,User,Ida Brock, Sekundar,Ida Brock, , , ,Brock,Ida,ida.brock@mail.xyz, 
ida.chandler,User,Ida Chandler, Sekundar,Ida Chandler, , , ,Chandler,Ida,keineMailAddy, 
ilse.boschdienst,User,Ilse BoschDienst, Sekundar,Ilse BoschDienst, , , ,BoschDienst,Ilse,keineMailAddy, 
ina.ahrend,User,Ina Ahrend, Sekundar,Ina Ahrend, , , ,Ahrend,Ina,i.ahrend@mail.xyz, 
inge.carlson,User,Inge Carlson, Lehrer Sekundar,Inge Carlson, , , ,Carlson,Inge,i.carlson@mail.xyz, 
ingeborg.clark,User,Ingeborg Clark, Sekundar,Ingeborg Clark, , , ,Clark,Ingeborg,i.clark@mail.xyz, 
ingo.boesl,User,Ingo Boesl, Sekundar,Ingo Boesl, , , ,Boesl,Ingo,i.boesl@mail.xyz, 
ingrid.bradley,User,Ingrid Bradley, Sekundar,Ingrid Bradley, , , ,Bradley,Ingrid,ingrid.bradley@mail.xyz, 
ingrid.demmer,User,Ingrid Demmer, Sekundar,Ingrid Demmer, , , ,Demmer,Ingrid,ingrid.demmer@mail.xyz, 
isabel.bad,User,Isabel Bad, Sekundar,Isabel Bad, , , ,Bad,Isabel,keineMailAddy, 
isabel.barrett,User,Isabel Barrett, Sekundar,Isabel Barrett, , , ,Barrett,Isabel,i.barrett@mail.xyz, 
isabella.barilovic,User,Isabella Barilovic, Sekundar,Isabella Barilovic, , , ,Barilovic,Isabella,i.barilovic@mail.xyz, 
ivonne.axmann,User,Ivonne Axmann, Sekundar,Ivonne Axmann, , , ,Axmann,Ivonne,ivonne.axmann@mail.xyz, 
jacob.cain,User,Jacob Cain, Lehrer Sekundar,Jacob Cain, , , ,Cain,Jacob,jacob.cain@mail.xyz, 
jakob.arndt,User,Jakob Arndt, Sekundar,Jakob Arndt, , , ,Arndt,Jakob,j.arndt@mail.xyz, 
jamie.andres,User,Jamie Andres, Sekundar,Jamie Andres, , , ,Andres,Jamie,keineMailAddy, 
jan.bosse,User,Jan Bosse, Sekundar,Jan Bosse, , , ,Bosse,Jan,jan.bosse@mail.xyz, 
janin.braun,User,Janin Braun, Sekundar,Janin Braun, , , ,Braun,Janin,keineMailAddy, 
janina.bittner,User,Janina Bittner, Sekundar,Janina Bittner, , , ,Bittner,Janina,janina.bittner@mail.xyz, 
janina.brunner,User,Janina Brunner, Lehrer Sekundar,Janina Brunner, , , ,Brunner,Janina,j.brunner@mail.xyz, 
janine.baumgarten,User,Janine Baumgarten, Sekundar,Janine Baumgarten, , , ,Baumgarten,Janine,janine.baumgarten@mail.xyz, 
janine.brinkmann,User,Janine Brinkmann, Sekundar,Janine Brinkmann, , , ,Brinkmann,Janine,j.brinkmann@mail.xyz, 
janine.daniel,User,Janine Daniel, Lehrer Gym,Janine Daniel, , , ,Daniel,Janine,j.daniel@mail.xyz, 
janis.barrett,User,Janis Barrett, Sekundar,Janis Barrett, , , ,Barrett,Janis,j.barrett@mail.xyz, 
janis.brady,User,Janis Brady, Sekundar,Janis Brady, , , ,Brady,Janis,janis.brady@mail.xyz, 
jannick.boehm,User,Jannick Boehm, Sekundar,Jannick Boehm, , , ,Boehm,Jannick,j.boehm@mail.xyz, 
jannik.buescher,User,Jannik Buescher, Lehrer Sekundar,Jannik Buescher, , , ,Buescher,Jannik,jannik.buescher@mail.xyz, 
jasmin.denecke,User,Jasmin Denecke, Sekundar,Jasmin Denecke, , , ,Denecke,Jasmin,jasmin.denecke@mail.xyz, 
jason.bosse,User,Jason Bosse, Sekundar,Jason Bosse, , , ,Bosse,Jason,jason.bosse@mail.xyz, 
jasper.cortez,User,Jasper Cortez, Lehrer Gym,Jasper Cortez, , , ,Cortez,Jasper,jasper.cortez@mail.xyz, 
jean.breitenbach,User,Jean Breitenbach, Sekundar,Jean Breitenbach, , , ,Breitenbach,Jean,j.breitenbach@mail.xyz, 
jean.demir,User,Jean Demir, Sekundar,Jean Demir, , , ,Demir,Jean,j.demir@mail.xyz, 
jean.denk,User,Jean Denk, Sekundar,Jean Denk, , , ,Denk,Jean,jean.denk@mail.xyz, 
jennifer.cross,User,Jennifer Cross, Lehrer Gym,Jennifer Cross, , , ,Cross,Jennifer,jennifer.cross@mail.xyz, 
jennifer.denk,User,Jennifer Denk, Sekundar,Jennifer Denk, , , ,Denk,Jennifer,jennifer.denk@mail.xyz, 
jenny.breidenbach,User,Jenny Breidenbach, Sekundar,Jenny Breidenbach, , , ,Breidenbach,Jenny,j.breidenbach@mail.xyz, 
jens.abel,User,Jens Abel, Sekundar,Jens Abel, , , ,Abel,Jens,j.abel@mail.xyz, 
jens.budde,User,Jens Budde, Lehrer Sekundar,Jens Budde, , , ,Budde,Jens,j.budde@mail.xyz, 
jeremie.denecke,User,Jeremie Denecke, Sekundar,Jeremie Denecke, , , ,Denecke,Jeremie,j.denecke@mail.xyz, 
jessica.baier,User,Jessica Baier, Sekundar,Jessica Baier, , , ,Baier,Jessica,jessica.baier@mail.xyz, 
jessika.brinkmann,User,Jessika Brinkmann, Sekundar,Jessika Brinkmann, , , ,Brinkmann,Jessika,jessika.brinkmann@mail.xyz, 
jessika.dennis,User,Jessika Dennis, Sekundar,Jessika Dennis, , , ,Dennis,Jessika,keineMailAddy, 
jette.dennis,User,Jette Dennis, Sekundar,Jette Dennis, , , ,Dennis,Jette,keineMailAddy, 
jil.bergmann,User,Jil Bergmann, Sekundar,Jil Bergmann, , , ,Bergmann,Jil,keineMailAddy, 
jil.birnenmost,User,Jil Birnenmost, Sekundar,Jil Birnenmost, , , ,Birnenmost,Jil,jil.birnenmost@mail.xyz, 
jill.buechner,User,Jill Buechner, Lehrer Sekundar,Jill Buechner, , , ,Buechner,Jill,jill.buechner@mail.xyz, 
joel.bryan,User,Joel Bryan, Lehrer Sekundar,Joel Bryan, , , ,Bryan,Joel,joel.bryan@mail.xyz, 
johanna.barth,User,Johanna Barth, Sekundar,Johanna Barth, , , ,Barth,Johanna,j.barth@mail.xyz, 
jolina.adolf,User,J. A., Verwaltung,J. A., , , ,Adolf,Jolina,j.adolf@mail.xyz, 
jonah.buettner,User,Jonah Buettner, Lehrer Sekundar,Jonah Buettner, , , ,Buettner,Jonah,j.buettner@mail.xyz, 
jonas.brauner,User,J. B., Verwaltung,J. B., , , ,Brauner,Jonas,jonas.brauner@mail.xyz, 
jonathan.beyer,User,Jonathan Beyer, Sekundar,Jonathan Beyer, , , ,Beyer,Jonathan,jonathan.beyer@mail.xyz, 
jonathan.daum,User,Jonathan Daum, Lehrer Gym,Jonathan Daum, , , ,Daum,Jonathan,j.daum@mail.xyz, 
joschua.bartels,User,Joschua Bartels, Sekundar,Joschua Bartels, , , ,Bartels,Joschua,j.bartels@mail.xyz, 
josephine.bailey,User,Josephine Bailey, Sekundar,Josephine Bailey, , , ,Bailey,Josephine,j.bailey@mail.xyz, 
joshua.berg,User,Joshua Berg, Sekundar,Joshua Berg, , , ,Berg,Joshua,keineMailAddy, 
judith.braeuer,User,Judith Braeuer, Sekundar,Judith Braeuer, , , ,Braeuer,Judith,j.braeuer@mail.xyz, 
juergen.baldauf,User,Juergen Baldauf, Sekundar,Juergen Baldauf, , , ,Baldauf,Juergen,j.baldauf@mail.xyz, 
juergen.baumgaertner,User,Juergen Baumgaertner, Sekundar,Juergen Baumgaertner, , , ,Baumgaertner,Juergen,j.baumgaertner@mail.xyz, 
julie.boehm,User,Julie Boehm, Sekundar,Julie Boehm, , , ,Boehm,Julie,keineMailAddy, 
justin.boos,User,Justin Boos, Sekundar,Justin Boos, , , ,Boos,Justin,j.boos@mail.xyz, 
justin.buchner,User,Justin Buchner, Lehrer Sekundar,Justin Buchner, , , ,Buchner,Justin,j.buchner@mail.xyz, 
justus.beckmann,User,Justus Beckmann, Sekundar,Justus Beckmann, , , ,Beckmann,Justus,keineMailAddy, 
jutta.casper,User,Jutta Casper, Sekundar,Jutta Casper, , , ,Casper,Jutta,jutta.casper@mail.xyz, 
kaete.bade,User,Kaete Bade, Sekundar,Kaete Bade, , , ,Bade,Kaete,k.bade@mail.xyz, 
kaethe.bartelt,User,Kaethe Bartelt, Sekundar,Kaethe Bartelt, , , ,Bartelt,Kaethe,k.bartelt@mail.xyz, 
kai.bergmann,User,Kai Bergmann, Sekundar,Kai Bergmann, , , ,Bergmann,Kai,keineMailAddy, 
kai.brecht,User,K. B., Verwaltung,K. B., , , ,Brecht,Kai,k.brecht@mail.xyz, 
karin.cross,User,Karin Cross, Lehrer Gym,Karin Cross, , , ,Cross,Karin,k.cross@mail.xyz, 
karlo.decker,User,Karlo Decker, Sekundar,Karlo Decker, , , ,Decker,Karlo,karlo.decker@mail.xyz, 
karlotta.behrendt,User,K. B., Verwaltung,K. B., , , ,Behrendt,Karlotta,k.behrendt@mail.xyz, 
karolina.atkins,User,Karolina Atkins, Sekundar,Karolina Atkins, , , ,Atkins,Karolina,karolina.atkins@mail.xyz, 
karolina.bremer,User,Karolina Bremer, Sekundar,Karolina Bremer, , , ,Bremer,Karolina,karolina.bremer@mail.xyz, 
karoline.bahr,User,Karoline Bahr, Sekundar,Karoline Bahr, , , ,Bahr,Karoline,karoline.bahr@mail.xyz, 
karoline.baldwin,User,Karoline Baldwin, Sekundar,Karoline Baldwin, , , ,Baldwin,Karoline,karoline.baldwin@mail.xyz, 
karoline.binder,User,Karoline Binder, Sekundar,Karoline Binder, , , ,Binder,Karoline,keineMailAddy, 
karoline.buehler,User,Karoline Buehler, Lehrer Sekundar,Karoline Buehler, , , ,Buehler,Karoline,k.buehler@mail.xyz, 
karoline.cummings,User,Karoline Cummings, Lehrer Gym,Karoline Cummings, , , ,Cummings,Karoline,keineMailAddy, 
karsten.becher,User,Karsten Becher, Sekundar,Karsten Becher, , , ,Becher,Karsten,karsten.becher@mail.xyz, 
katarina.bachmaier,User,Katarina Bachmaier, Sekundar,Katarina Bachmaier, , , ,Bachmaier,Katarina,k.bachmaier@mail.xyz, 
kathrin.deutsch,User,Kathrin Deutsch, Sekundar,Kathrin Deutsch, , , ,Deutsch,Kathrin,k.deutsch@mail.xyz, 
katja.castillo,User,Katja Castillo, Sekundar,Katja Castillo, , , ,Castillo,Katja,katja.castillo@mail.xyz, 
katrin.brinkmann,User,Katrin Brinkmann, Sekundar,Katrin Brinkmann, , , ,Brinkmann,Katrin,k.brinkmann@mail.xyz, 
katrin.buchanan,User,Katrin Buchanan, Lehrer Sekundar,Katrin Buchanan, , , ,Buchanan,Katrin,katrin.buchanan@mail.xyz, 
kay.carl,User,Kay Carl, Lehrer Sekundar,Kay Carl, , , ,Carl,Kay,kay.carl@mail.xyz, 
kaya.bucher,User,Kaya Bucher, Lehrer Sekundar,Kaya Bucher, , , ,Bucher,Kaya,kaya.bucher@mail.xyz, 
keno.auer,User,Keno Auer, Sekundar,Keno Auer, , , ,Auer,Keno,keno.auer@mail.xyz, 
kerstin.brandt,User,Kerstin Brandt, Sekundar,Kerstin Brandt, , , ,Brandt,Kerstin,keineMailAddy, 
kerstin.bruckner,User,Kerstin Bruckner, Lehrer Sekundar,Kerstin Bruckner, , , ,Bruckner,Kerstin,k.bruckner@mail.xyz, 
kian.adkins,User,Kian Adkins, Sekundar,Kian Adkins, , , ,Adkins,Kian,k.adkins@mail.xyz, 
kimberley.bach,User,Kimberley Bach, Sekundar,Kimberley Bach, , , ,Bach,Kimberley,k.bach@mail.xyz, 
kimberly.bachmeier,User,Kimberly Bachmeier, Sekundar,Kimberly Bachmeier, , , ,Bachmeier,Kimberly,k.bachmeier@mail.xyz, 
kira.boone,User,Kira Boone, Sekundar,Kira Boone, , , ,Boone,Kira,keineMailAddy, 
kjell.bowen,User,Kjell Bowen, deaktiviert,Kjell Bowen, , , ,Bowen,Kjell,keineMailAddy, 
kjell.dean,User,Kjell Dean, Sekundar,Kjell Dean, , , ,Dean,Kjell,keineMailAddy, 
klaus.abbott,User,Klaus Abbott, Sekundar,Klaus Abbott, , , ,Abbott,Klaus,k.abbott@mail.xyz, 
klemens.arndt,User,Klemens Arndt, Sekundar,Klemens Arndt, , , ,Arndt,Klemens,keineMailAddy, 
klemens.denk,User,Klemens Denk, Sekundar,Klemens Denk, , , ,Denk,Klemens,k.denk@mail.xyz, 
kristian.alvarado,User,Kristian Alvarado, Sekundar,Kristian Alvarado, , , ,Alvarado,Kristian,keineMailAddy, 
kristian.breyer,User,Kristian Breyer, Sekundar,Kristian Breyer, , , ,Breyer,Kristian,k.breyer@mail.xyz, 
kristin.bachmeier,User,Kristin Bachmeier, Sekundar,Kristin Bachmeier, , , ,Bachmeier,Kristin,keineMailAddy, 
laila.ball,User,Laila Ball, Sekundar,Laila Ball, , , ,Ball,Laila,l.ball@mail.xyz, 
laila.blank,User,Laila Blank, Sekundar,Laila Blank, , , ,Blank,Laila,laila.blank@mail.xyz, 
larissa.braun,User,Larissa Braun, Sekundar,Larissa Braun, , , ,Braun,Larissa,l.braun@mail.xyz, 
lasse.braun,User,Lasse Braun, Sekundar,Lasse Braun, , , ,Braun,Lasse,keineMailAddy, 
laura.boehme,User,Laura Boehme, Sekundar,Laura Boehme, , , ,Boehme,Laura,l.boehme@mail.xyz, 
laura.borchers,User,Laura Borchers, Sekundar,Laura Borchers, , , ,Borchers,Laura,keineMailAddy, 
laurenz.bartels,User,Laurenz Bartels, Sekundar,Laurenz Bartels, , , ,Bartels,Laurenz,l.bartels@mail.xyz, 
laurin.back,User,Laurin Back, Sekundar,Laurin Back, , , ,Back,Laurin,l.back@mail.xyz, 
laurin.barber,User,Laurin Barber, Sekundar,Laurin Barber, , , ,Barber,Laurin,laurin.barber@mail.xyz, 
layla.ahrends,User,Layla Ahrends, Sekundar,Layla Ahrends, , , ,Ahrends,Layla,layla.ahrends@mail.xyz, 
leah.brass,User,Leah Brass, Sekundar,Leah Brass, , , ,Brass,Leah,leah.brass@mail.xyz, 
leah.dannenberg,User,Leah Dannenberg, Lehrer Gym,Leah Dannenberg, , , ,Dannenberg,Leah,l.dannenberg@mail.xyz, 
leander.braeuer,User,Leander Braeuer, Sekundar,Leander Braeuer, , , ,Braeuer,Leander,l.braeuer@mail.xyz, 
leandra.brueckmann,User,Leandra Brueckmann, Lehrer Sekundar,Leandra Brueckmann, , , ,Brueckmann,Leandra,l.brueckmann@mail.xyz, 
leandro.clayton,User,Leandro Clayton, Sekundar,Leandro Clayton, , , ,Clayton,Leandro,leandro.clayton@mail.xyz, 
leif.dahms,User,Leif Dahms, Lehrer Gym,Leif Dahms, , , ,Dahms,Leif,l.dahms@mail.xyz, 
lena.bruckner,User,Lena Bruckner, Lehrer Sekundar,Lena Bruckner, , , ,Bruckner,Lena,lena.bruckner@mail.xyz, 
lene.cook,User,L. C., Verwaltung,L. C., , , ,Cook,Lene,lene.cook@mail.xyz, 
lennard.dehn,User,Lennard Dehn, Sekundar,Lennard Dehn, , , ,Dehn,Lennard,lennard.dehn@mail.xyz, 
leonard.demir,User,Leonard Demir, Sekundar,Leonard Demir, , , ,Demir,Leonard,l.demir@mail.xyz, 
leonie.bishop,User,Leonie Bishop, Sekundar,Leonie Bishop, , , ,Bishop,Leonie,leonie.bishop@mail.xyz, 
levin.bad,User,Levin Bad, Sekundar,Levin Bad, , , ,Bad,Levin,l.bad@mail.xyz, 
lewin.bischoff,User,Lewin Bischoff, Sekundar,Lewin Bischoff, , , ,Bischoff,Lewin,l.bischoff@mail.xyz, 
lewin.byrd,User,Lewin Byrd, Lehrer Sekundar,Lewin Byrd, , , ,Byrd,Lewin,keineMailAddy, 
lilian.buss,User,Lilian Buss, Lehrer Sekundar,Lilian Buss, , , ,Buss,Lilian,keineMailAddy, 
lilli.buck,User,Lilli Buck, Lehrer Sekundar,Lilli Buck, , , ,Buck,Lilli,keineMailAddy, 
lina.classen,User,Lina Classen, Sekundar,Lina Classen, , , ,Classen,Lina,lina.classen@mail.xyz, 
linda.berger,User,Linda Berger, Sekundar,Linda Berger, , , ,Berger,Linda,linda.berger@mail.xyz, 
lothar.brecht,User,Lothar Brecht, Sekundar,Lothar Brecht, , , ,Brecht,Lothar,keineMailAddy, 
louisa.borchert,User,Louisa Borchert, Sekundar,Louisa Borchert, , , ,Borchert,Louisa,l.borchert@mail.xyz, 
luc.brauer,User,Luc Brauer, Sekundar,Luc Brauer, , , ,Brauer,Luc,luc.brauer@mail.xyz, 
luca.barilovic,User,Luca Barilovic, Sekundar,Luca Barilovic, , , ,Barilovic,Luca,l.barilovic@mail.xyz, 
lucy.braun,User,Lucy Braun, Sekundar,Lucy Braun, , , ,Braun,Lucy,l.braun@mail.xyz, 
luna.augustin,User,Luna Augustin, Sekundar,Luna Augustin, , , ,Augustin,Luna,luna.augustin@mail.xyz, 
lyn.berger,User,Lyn Berger, Sekundar,Lyn Berger, , , ,Berger,Lyn,lyn.berger@mail.xyz, 
madita.baecker,User,Madita Baecker, Sekundar,Madita Baecker, , , ,Baecker,Madita,m.baecker@mail.xyz, 
magdalena.back,User,Magdalena Back, Sekundar,Magdalena Back, , , ,Back,Magdalena,keineMailAddy, 
magdalena.brucker,User,Magdalena Brucker, Sekundar,Magdalena Brucker, , , ,Brucker,Magdalena,m.brucker@mail.xyz, 
magnus.barton,User,Magnus Barton, Sekundar,Magnus Barton, , , ,Barton,Magnus,keineMailAddy, 
magnus.braeuer,User,Magnus Braeuer, Sekundar,Magnus Braeuer, , , ,Braeuer,Magnus,m.braeuer@mail.xyz, 
magnus.christensen,User,Magnus Christensen, Sekundar,Magnus Christensen, , , ,Christensen,Magnus,magnus.christensen@mail.xyz, 
maik.carsten,User,Maik Carsten, Lehrer Sekundar,Maik Carsten, , , ,Carsten,Maik,m.carsten@mail.xyz, 
maike.burke,User,Maike Burke, Lehrer Sekundar,Maike Burke, , , ,Burke,Maike,m.burke@mail.xyz, 
malte.brendel,User,Malte Brendel, Sekundar,Malte Brendel, , , ,Brendel,Malte,m.brendel@mail.xyz, 
malte.dachser,User,Malte Dachser, Lehrer Gym,Malte Dachser, , , ,Dachser,Malte,m.dachser@mail.xyz, 
manuela.clayton,User,Manuela Clayton, Sekundar,Manuela Clayton, , , ,Clayton,Manuela,keineMailAddy, 
marc.bauer,User,Marc Bauer, Sekundar,Marc Bauer, , , ,Bauer,Marc,m.bauer@mail.xyz, 
marco.baldwin,User,Marco Baldwin, Sekundar,Marco Baldwin, , , ,Baldwin,Marco,marco.baldwin@mail.xyz, 
marco.deininger,User,Marco Deininger, Sekundar,Marco Deininger, , , ,Deininger,Marco,marco.deininger@mail.xyz, 
margarete.beier,User,Margarete Beier, Sekundar,Margarete Beier, , , ,Beier,Margarete,m.beier@mail.xyz, 
margarete.brix,User,Margarete Brix, Sekundar,Margarete Brix, , , ,Brix,Margarete,margarete.brix@mail.xyz, 
marie.deutsch,User,M. D., Verwaltung,M. D., , , ,Deutsch,Marie,marie.deutsch@mail.xyz, 
marieke.brauer,User,Marieke Brauer, Sekundar,Marieke Brauer, , , ,Brauer,Marieke,keineMailAddy, 
marieke.denker,User,Marieke Denker, Sekundar,Marieke Denker, , , ,Denker,Marieke,m.denker@mail.xyz, 
mariella.barthel,User,Mariella Barthel, Sekundar,Mariella Barthel, , , ,Barthel,Mariella,mariella.barthel@mail.xyz, 
marike.bowen,User,M. B., Verwaltung,M. B., , , ,Bowen,Marike,marike.bowen@mail.xyz, 
marike.chandler,User,Marike Chandler, Sekundar,Marike Chandler, , , ,Chandler,Marike,marike.chandler@mail.xyz, 
mario.biedermann,User,Mario Biedermann, Sekundar,Mario Biedermann, , , ,Biedermann,Mario,keineMailAddy, 
mario.caspari,User,Mario Caspari, Sekundar,Mario Caspari, , , ,Caspari,Mario,mario.caspari@mail.xyz, 
mario.claus,User,Mario Claus, Sekundar,Mario Claus, , , ,Claus,Mario,m.claus@mail.xyz, 
marion.burke,User,Marion Burke, Lehrer Sekundar,Marion Burke, , , ,Burke,Marion,keineMailAddy, 
marius.buck,User,Marius Buck, Lehrer Sekundar,Marius Buck, , , ,Buck,Marius,m.buck@mail.xyz, 
marius.burke,User,Marius Burke, Lehrer Sekundar,Marius Burke, , , ,Burke,Marius,m.burke@mail.xyz, 
mark.brennecke,User,Mark Brennecke, Sekundar,Mark Brennecke, , , ,Brennecke,Mark,mark.brennecke@mail.xyz, 
marko.degen,User,Marko Degen, Sekundar,Marko Degen, , , ,Degen,Marko,m.degen@mail.xyz, 
markus.boese,User,Markus Boese, Sekundar,Markus Boese, , , ,Boese,Markus,markus.boese@mail.xyz, 
markus.brinker,User,Markus Brinker, Sekundar,Markus Brinker, , , ,Brinker,Markus,markus.brinker@mail.xyz, 
marten.carmen,User,Marten Carmen, Lehrer Sekundar,Marten Carmen, , , ,Carmen,Marten,m.carmen@mail.xyz, 
martina.berg,User,Martina Berg, Sekundar,Martina Berg, , , ,Berg,Martina,martina.berg@mail.xyz, 
martina.dekan,User,Martina Dekan, Sekundar,Martina Dekan, , , ,Dekan,Martina,martina.dekan@mail.xyz, 
mathies.aumann,User,Mathies Aumann, Sekundar,Mathies Aumann, , , ,Aumann,Mathies,mathies.aumann@mail.xyz, 
mathies.bender,User,Mathies Bender, Sekundar,Mathies Bender, , , ,Bender,Mathies,mathies.bender@mail.xyz, 
mathilda.biedermann,User,Mathilda Biedermann, Sekundar,Mathilda Biedermann, , , ,Biedermann,Mathilda,mathilda.biedermann@mail.xyz, 
matilda.bracht,User,Matilda Bracht, Sekundar,Matilda Bracht, , , ,Bracht,Matilda,m.bracht@mail.xyz, 
matilda.buechner,User,Matilda Buechner, Lehrer Sekundar,Matilda Buechner, , , ,Buechner,Matilda,m.buechner@mail.xyz, 
matthies.becker,User,Matthies Becker, Sekundar,Matthies Becker, , , ,Becker,Matthies,m.becker@mail.xyz, 
matthies.buehler,User,Matthies Buehler, Lehrer Sekundar,Matthies Buehler, , , ,Buehler,Matthies,m.buehler@mail.xyz, 
matthis.bell,User,Matthis Bell, Sekundar,Matthis Bell, , , ,Bell,Matthis,keineMailAddy, 
matti.balz,User,Matti Balz, Sekundar,Matti Balz, , , ,Balz,Matti,keineMailAddy, 
mattis.adrian,User,Mattis Adrian, Sekundar,Mattis Adrian, , , ,Adrian,Mattis,m.adrian@mail.xyz, 
mattis.bartsch,User,Mattis Bartsch, Sekundar,Mattis Bartsch, , , ,Bartsch,Mattis,keineMailAddy, 
mattis.dahlke,User,Mattis Dahlke, Lehrer Gym,Mattis Dahlke, , , ,Dahlke,Mattis,mattis.dahlke@mail.xyz, 
maurice.behrendt,User,Maurice Behrendt, Sekundar,Maurice Behrendt, , , ,Behrendt,Maurice,maurice.behrendt@mail.xyz, 
maximilian.baker,User,Maximilian Baker, Sekundar,Maximilian Baker, , , ,Baker,Maximilian,m.baker@mail.xyz, 
melanie.busse,User,Melanie Busse, Lehrer Sekundar,Melanie Busse, , , ,Busse,Melanie,m.busse@mail.xyz, 
melina.alexander,User,Melina Alexander, Sekundar,Melina Alexander, , , ,Alexander,Melina,m.alexander@mail.xyz, 
melina.denzer,User,Melina Denzer, Sekundar,Melina Denzer, , , ,Denzer,Melina,m.denzer@mail.xyz, 
merle.anders,User,Merle Anders, Sekundar,Merle Anders, , , ,Anders,Merle,merle.anders@mail.xyz, 
merle.biedermann,User,Merle Biedermann, Sekundar,Merle Biedermann, , , ,Biedermann,Merle,keineMailAddy, 
mia.coleman,User,Mia Coleman, Sekundar,Mia Coleman, , , ,Coleman,Mia,keineMailAddy, 
michelle.clemens,User,Michelle Clemens, Sekundar,Michelle Clemens, , , ,Clemens,Michelle,michelle.clemens@mail.xyz, 
michelle.collins,User,Michelle Collins, Sekundar,Michelle Collins, , , ,Collins,Michelle,keineMailAddy, 
miguel.brigitte,User,Miguel Brigitte, Sekundar,Miguel Brigitte, , , ,Brigitte,Miguel,miguel.brigitte@mail.xyz, 
miguel.cruz,User,Miguel Cruz, Lehrer Gym,Miguel Cruz, , , ,Cruz,Miguel,m.cruz@mail.xyz, 
mike.bernhard,User,Mike Bernhard, Sekundar,Mike Bernhard, , , ,Bernhard,Mike,mike.bernhard@mail.xyz, 
mina.david,User,Mina David, Sekundar,Mina David, , , ,David,Mina,keineMailAddy, 
mirco.brandes,User,Mirco Brandes, Sekundar,Mirco Brandes, , , ,Brandes,Mirco,keineMailAddy, 
miriam.brunner,User,Miriam Brunner, Lehrer Sekundar,Miriam Brunner, , , ,Brunner,Miriam,miriam.brunner@mail.xyz, 
mirko.boettner,User,Mirko Boettner, Sekundar,Mirko Boettner, , , ,Boettner,Mirko,keineMailAddy, 
mohammed.breidenbach,User,Mohammed Breidenbach, Sekundar,Mohammed Breidenbach, , , ,Breidenbach,Mohammed,m.breidenbach@mail.xyz, 
mohammed.buettner,User,Mohammed Buettner, Lehrer Sekundar,Mohammed Buettner, , , ,Buettner,Mohammed,keineMailAddy, 
mona.aguilar,User,Mona Aguilar, Sekundar,Mona Aguilar, , , ,Aguilar,Mona,keineMailAddy, 
monika.curry,User,Monika Curry, Lehrer Gym,Monika Curry, , , ,Curry,Monika,monika.curry@mail.xyz, 
moritz.ahrendt,User,Moritz Ahrendt, Sekundar,Moritz Ahrendt, , , ,Ahrendt,Moritz,m.ahrendt@mail.xyz, 
natalie.cunningham,User,Natalie Cunningham, Lehrer Gym,Natalie Cunningham, , , ,Cunningham,Natalie,natalie.cunningham@mail.xyz, 
nelli.boesch,User,Nelli Boesch, Sekundar,Nelli Boesch, , , ,Boesch,Nelli,n.boesch@mail.xyz, 
nelli.boyd,User,Nelli Boyd, Sekundar,Nelli Boyd, , , ,Boyd,Nelli,nelli.boyd@mail.xyz, 
nick.adams,User,Nick Adams, Sekundar,Nick Adams, , , ,Adams,Nick,nick.adams@mail.xyz, 
niclas.carl,User,Niclas Carl, Lehrer Sekundar,Niclas Carl, , , ,Carl,Niclas,niclas.carl@mail.xyz, 
nicolas.caldwell,User,Nicolas Caldwell, Lehrer Sekundar,Nicolas Caldwell, , , ,Caldwell,Nicolas,n.caldwell@mail.xyz, 
nicole.bacher,User,N. B., Verwaltung,N. B., , , ,Bacher,Nicole,n.bacher@mail.xyz, 
niels.bacher,User,Niels Bacher, Sekundar,Niels Bacher, , , ,Bacher,Niels,n.bacher@mail.xyz, 
nik.beere,User,Nik Beere, Sekundar,Nik Beere, , , ,Beere,Nik,nik.beere@mail.xyz, 
noah.biedermann,User,Noah Biedermann, Sekundar,Noah Biedermann, , , ,Biedermann,Noah,noah.biedermann@mail.xyz, 
nora.braune,User,N. B., Verwaltung,N. B., , , ,Braune,Nora,nora.braune@mail.xyz, 
ole.aguilar,User,Ole Aguilar, Sekundar,Ole Aguilar, , , ,Aguilar,Ole,keineMailAddy, 
ole.baran,User,Ole Baran, Sekundar,Ole Baran, , , ,Baran,Ole,ole.baran@mail.xyz, 
otto.brink,User,Otto Brink, Sekundar,Otto Brink, , , ,Brink,Otto,o.brink@mail.xyz, 
pascal.brueck,User,Pascal Brueck, Sekundar,Pascal Brueck, , , ,Brueck,Pascal,pascal.brueck@mail.xyz, 
patrick.behnke,User,Patrick Behnke, Sekundar,Patrick Behnke, , , ,Behnke,Patrick,keineMailAddy, 
patrik.apel,User,Patrik Apel, Sekundar,Patrik Apel, , , ,Apel,Patrik,p.apel@mail.xyz, 
patrik.burns,User,Patrik Burns, Lehrer Sekundar,Patrik Burns, , , ,Burns,Patrik,patrik.burns@mail.xyz, 
paul.ahrens,User,Paul Ahrens, Sekundar,Paul Ahrens, , , ,Ahrens,Paul,keineMailAddy, 
paulina.bacher,User,Paulina Bacher, Sekundar,Paulina Bacher, , , ,Bacher,Paulina,p.bacher@mail.xyz, 
pauline.dammann,User,Pauline Dammann, Lehrer Gym,Pauline Dammann, , , ,Dammann,Pauline,p.dammann@mail.xyz, 
pia.beere,User,P. B., Verwaltung,P. B., , , ,Beere,Pia,pia.beere@mail.xyz, 
quentin.adam,User,Quentin Adam, Sekundar,Quentin Adam, , , ,Adam,Quentin,q.adam@mail.xyz, 
quentin.boerner,User,Quentin Boerner, Sekundar,Quentin Boerner, , , ,Boerner,Quentin,q.boerner@mail.xyz, 
rafael.baumgaertner,User,Rafael Baumgaertner, Sekundar,Rafael Baumgaertner, , , ,Baumgaertner,Rafael,rafael.baumgaertner@mail.xyz, 
ralph.brooks,User,Ralph Brooks, Sekundar,Ralph Brooks, , , ,Brooks,Ralph,r.brooks@mail.xyz, 
raphael.chapman,User,Raphael Chapman, Sekundar,Raphael Chapman, , , ,Chapman,Raphael,r.chapman@mail.xyz, 
rebecca.bach,User,Rebecca Bach, Sekundar,Rebecca Bach, , , ,Bach,Rebecca,rebecca.bach@mail.xyz, 
rebecca.bock,User,Rebecca Bock, Sekundar,Rebecca Bock, , , ,Bock,Rebecca,r.bock@mail.xyz, 
regina.boettger,User,Regina Boettger, Sekundar,Regina Boettger, , , ,Boettger,Regina,r.boettger@mail.xyz, 
rike.borst,User,Rike Borst, Sekundar,Rike Borst, , , ,Borst,Rike,keineMailAddy, 
rolf.damm,User,Rolf Damm, Lehrer Gym,Rolf Damm, , , ,Damm,Rolf,r.damm@mail.xyz, 
ronja.boese,User,Ronja Boese, Sekundar,Ronja Boese, , , ,Boese,Ronja,r.boese@mail.xyz, 
ronja.dahm,User,Ronja Dahm, Lehrer Gym,Ronja Dahm, , , ,Dahm,Ronja,r.dahm@mail.xyz, 
ruben.buchner,User,Ruben Buchner, Lehrer Sekundar,Ruben Buchner, , , ,Buchner,Ruben,ruben.buchner@mail.xyz, 
rudolph.brady,User,Rudolph Brady, Sekundar,Rudolph Brady, , , ,Brady,Rudolph,rudolph.brady@mail.xyz, 
rudolph.deppe,User,Rudolph Deppe, Sekundar,Rudolph Deppe, , , ,Deppe,Rudolph,r.deppe@mail.xyz, 
sam.cole,User,Sam Cole, deaktiviert,Sam Cole, , , ,Cole,Sam,sam.cole@mail.xyz, 
samuel.balzer,User,Samuel Balzer, Sekundar,Samuel Balzer, , , ,Balzer,Samuel,keineMailAddy, 
sara.baehr,User,Sara Baehr, Sekundar,Sara Baehr, , , ,Baehr,Sara,sara.baehr@mail.xyz, 
sara.bock,User,Sara Bock, Sekundar,Sara Bock, , , ,Bock,Sara,s.bock@mail.xyz, 
sarah.brandenburger,User,Sarah Brandenburger, Sekundar,Sarah Brandenburger, , , ,Brandenburger,Sarah,sarah.brandenburger@mail.xyz, 
sarah.carlson,User,Sarah Carlson, Lehrer Sekundar,Sarah Carlson, , , ,Carlson,Sarah,sarah.carlson@mail.xyz, 
sascha.brink,User,Sascha Brink, Sekundar,Sascha Brink, , , ,Brink,Sascha,sascha.brink@mail.xyz, 
sascha.buchholz,User,Sascha Buchholz, Lehrer Sekundar,Sascha Buchholz, , , ,Buchholz,Sascha,keineMailAddy, 
selin.beyer,User,Selin Beyer, Sekundar,Selin Beyer, , , ,Beyer,Selin,s.beyer@mail.xyz, 
selina.barrett,User,Selina Barrett, Sekundar,Selina Barrett, , , ,Barrett,Selina,s.barrett@mail.xyz, 
sigrid.breyer,User,Sigrid Breyer, Sekundar,Sigrid Breyer, , , ,Breyer,Sigrid,sigrid.breyer@mail.xyz, 
sigrid.budde,User,Sigrid Budde, Lehrer Sekundar,Sigrid Budde, , , ,Budde,Sigrid,sigrid.budde@mail.xyz, 
silvia.behnke,User,Silvia Behnke, Sekundar,Silvia Behnke, , , ,Behnke,Silvia,keineMailAddy, 
simon.abele,User,Simon Abele, Sekundar,Simon Abele, , , ,Abele,Simon,simon.abele@mail.xyz, 
sinah.bernhard,User,Sinah Bernhard, Sekundar,Sinah Bernhard, , , ,Bernhard,Sinah,keineMailAddy, 
smilla.campbell,User,Smilla Campbell, Lehrer Sekundar,Smilla Campbell, , , ,Campbell,Smilla,smilla.campbell@mail.xyz, 
sofia.bahr,User,Sofia Bahr, Sekundar,Sofia Bahr, , , ,Bahr,Sofia,sofia.bahr@mail.xyz, 
sophia.bracht,User,Sophia Bracht, Sekundar,Sophia Bracht, , , ,Bracht,Sophia,keineMailAddy, 
sophia.dannenberg,User,Sophia Dannenberg, Lehrer Gym,Sophia Dannenberg, , , ,Dannenberg,Sophia,sophia.dannenberg@mail.xyz, 
sophie.abele,User,Sophie Abele, Sekundar,Sophie Abele, , , ,Abele,Sophie,keineMailAddy, 
sophie.baehr,User,Sophie Baehr, Sekundar,Sophie Baehr, , , ,Baehr,Sophie,s.baehr@mail.xyz, 
sophie.cremer,User,Sophie Cremer, Lehrer Gym,Sophie Cremer, , , ,Cremer,Sophie,s.cremer@mail.xyz, 
stefan.baumann,User,Stefan Baumann, Sekundar,Stefan Baumann, , , ,Baumann,Stefan,s.baumann@mail.xyz, 
stefanie.boesch,User,Stefanie Boesch, Sekundar,Stefanie Boesch, , , ,Boesch,Stefanie,s.boesch@mail.xyz, 
susanne.bowers,User,Susanne Bowers, deaktiviert,Susanne Bowers, , , ,Bowers,Susanne,s.bowers@mail.xyz, 
sven.brockmann,User,Sven Brockmann, Sekundar,Sven Brockmann, , , ,Brockmann,Sven,keineMailAddy, 
tabea.bridges,User,Tabea Bridges, Sekundar,Tabea Bridges, , , ,Bridges,Tabea,keineMailAddy, 
tara.arlt,User,Tara Arlt, Sekundar,Tara Arlt, , , ,Arlt,Tara,tara.arlt@mail.xyz, 
teresa.behrend,User,Teresa Behrend, Sekundar,Teresa Behrend, , , ,Behrend,Teresa,keineMailAddy, 
teresa.boyd,User,Teresa Boyd, Sekundar,Teresa Boyd, , , ,Boyd,Teresa,t.boyd@mail.xyz, 
thorben.can,User,Thorben Can, Lehrer Sekundar,Thorben Can, , , ,Can,Thorben,thorben.can@mail.xyz, 
thore.cobb,User,Thore Cobb, Sekundar,Thore Cobb, , , ,Cobb,Thore,keineMailAddy, 
tim.brehm,User,Tim Brehm, Sekundar,Tim Brehm, , , ,Brehm,Tim,tim.brehm@mail.xyz, 
tim.burgess,User,Tim Burgess, Lehrer Sekundar,Tim Burgess, , , ,Burgess,Tim,tim.burgess@mail.xyz, 
timon.adolph,User,Timon Adolph, Sekundar,Timon Adolph, , , ,Adolph,Timon,t.adolph@mail.xyz, 
tobias.degen,User,Tobias Degen, Sekundar,Tobias Degen, , , ,Degen,Tobias,keineMailAddy, 
tom.daniel,User,Tom Daniel, Lehrer Gym,Tom Daniel, , , ,Daniel,Tom,keineMailAddy, 
tomas.black,User,Tomas Black, Sekundar,Tomas Black, , , ,Black,Tomas,keineMailAddy, 
tomas.chapman,User,Tomas Chapman, Sekundar,Tomas Chapman, , , ,Chapman,Tomas,t.chapman@mail.xyz, 
torben.aust,User,Torben Aust, Sekundar,Torben Aust, , , ,Aust,Torben,t.aust@mail.xyz, 
torben.brucker,User,Torben Brucker, Sekundar,Torben Brucker, , , ,Brucker,Torben,t.brucker@mail.xyz, 
tristan.baumgaertner,User,Tristan Baumgaertner, Sekundar,Tristan Baumgaertner, , , ,Baumgaertner,Tristan,tristan.baumgaertner@mail.xyz, 
ulrich.barber,User,Ulrich Barber, Sekundar,Ulrich Barber, , , ,Barber,Ulrich,u.barber@mail.xyz, 
ulrike.breidenbach,User,Ulrike Breidenbach, Sekundar,Ulrike Breidenbach, , , ,Breidenbach,Ulrike,ulrike.breidenbach@mail.xyz, 
ulrike.dehne,User,Ulrike Dehne, Sekundar,Ulrike Dehne, , , ,Dehne,Ulrike,u.dehne@mail.xyz, 
ursula.boerner,User,Ursula Boerner, Sekundar,Ursula Boerner, , , ,Boerner,Ursula,keineMailAddy, 
uwe.aumann,User,Uwe Aumann, Sekundar,Uwe Aumann, , , ,Aumann,Uwe,keineMailAddy, 
uwe.cohen,User,Uwe Cohen, Sekundar,Uwe Cohen, , , ,Cohen,Uwe,keineMailAddy, 
vanessa.atkins,User,Vanessa Atkins, Sekundar,Vanessa Atkins, , , ,Atkins,Vanessa,vanessa.atkins@mail.xyz, 
vanessa.boesch,User,Vanessa Boesch, Sekundar,Vanessa Boesch, , , ,Boesch,Vanessa,vanessa.boesch@mail.xyz, 
vanessa.cramer,User,Vanessa Cramer, Lehrer Gym,Vanessa Cramer, , , ,Cramer,Vanessa,vanessa.cramer@mail.xyz, 
vincent.bischoff,User,Vincent Bischoff, Sekundar,Vincent Bischoff, , , ,Bischoff,Vincent,keineMailAddy, 
vivien.beyer,User,Vivien Beyer, Sekundar,Vivien Beyer, , , ,Beyer,Vivien,v.beyer@mail.xyz, 
vivien.brand,User,Vivien Brand, Sekundar,Vivien Brand, , , ,Brand,Vivien,vivien.brand@mail.xyz, 
volker.barth,User,Volker Barth, Sekundar,Volker Barth, , , ,Barth,Volker,v.barth@mail.xyz, 
volker.cobb,User,Volker Cobb, Sekundar,Volker Cobb, , , ,Cobb,Volker,volker.cobb@mail.xyz, 
walter.berg,User,Walter Berg, Sekundar,Walter Berg, , , ,Berg,Walter,w.berg@mail.xyz, 
waltraud.adams,User,Waltraud Adams, Sekundar,Waltraud Adams, , , ,Adams,Waltraud,keineMailAddy, 
waltraut.allen,User,Waltraut Allen, Sekundar,Waltraut Allen, , , ,Allen,Waltraut,keineMailAddy, 
waltraut.beyer,User,Waltraut Beyer, Sekundar,Waltraut Beyer, , , ,Beyer,Waltraut,w.beyer@mail.xyz, 
waltraut.brink,User,Waltraut Brink, Sekundar,Waltraut Brink, , , ,Brink,Waltraut,w.brink@mail.xyz, 
waltraut.brodbeck,User,Waltraut Brodbeck, Sekundar,Waltraut Brodbeck, , , ,Brodbeck,Waltraut,waltraut.brodbeck@mail.xyz, 
werner.boss,User,Werner Boss, Sekundar,Werner Boss, , , ,Boss,Werner,werner.boss@mail.xyz, 
willi.buettner,User,Willi Buettner, Lehrer Sekundar,Willi Buettner, , , ,Buettner,Willi,willi.buettner@mail.xyz, 
xenia.bruns,User,Xenia Bruns, Lehrer Sekundar,Xenia Bruns, , , ,Bruns,Xenia,keineMailAddy, 
yannic.allen,User,Yannic Allen, Sekundar,Yannic Allen, , , ,Allen,Yannic,keineMailAddy, 
yannic.buesch,User,Yannic Buesch, Lehrer Sekundar,Yannic Buesch, , , ,Buesch,Yannic,y.buesch@mail.xyz, 
yvonne.deininger,User,Yvonne Deininger, Sekundar,Yvonne Deininger, , , ,Deininger,Yvonne,keineMailAddy, 
