Name,Type,Description,Display Name,E-Mail Address,Company,Job Title,Last Name,First Name,User Logon Name,Department
ail.sch,User,Aileen Schuhmann, Oberstufe - Matur,Aileen Schuhmann, , , ,Schuhmann,Aileen,a.schuhmann@mail.xyz, 
alena.petersen,User,Petersen Alena, Oberstufe extern,Petersen Alena, , , ,Petersen,Alena,a.petersen@mail.xyz, 
ali.ros,User,Ali Rosenberger, Oberstufe - Matur,Ali Rosenberger, , , ,Rosenberger,Ali,keineMailAddy, 
alicia.reimer,User,Alicia Reimer, Sekundar extern,Alicia Reimer, , , ,Reimer,Alicia,keineMailAddy, 
alisa.pittman,User,Alisa Pittman, Sekundar extern,Alisa Pittman, , , ,Pittman,Alisa,a.pittman@mail.xyz, 
alisa.reif,User,Reif Alisa, Handelsmatur,Reif Alisa, , , ,Reif,Alisa,a.reif@mail.xyz, 
alisa.salazar,User,Alisa Salazar, deaktiviert,Alisa Salazar, , , ,Salazar,Alisa,a.salazar@mail.xyz, 
ame.rod,User,Amely Rodgers, Oberstufe - Matur,Amely Rodgers, , , ,Rodgers,Amely,a.rodgers@mail.xyz, 
and.sch,User,Andrea Schreier, Oberstufe - Matur,Andrea Schreier, , , ,Schreier,Andrea,keineMailAddy, 
andrea.robertson,User,Andrea Robertson, deaktiviert,Andrea Robertson, , , ,Robertson,Andrea,a.robertson@mail.xyz, 
andreas.roberts,User,Andreas Roberts, Sekundar extern,Andreas Roberts, , , ,Roberts,Andreas,andreas.roberts@mail.xyz, 
angelina.peschke,User,Angelina Peschke, Sekundar extern,Angelina Peschke, , , ,Peschke,Angelina,angelina.peschke@mail.xyz, 
angelina.reiff,User,Angelina Reiff, Sekundar extern,Angelina Reiff, , , ,Reiff,Angelina,a.reiff@mail.xyz, 
anika.rupprecht,User,Anika Rupprecht, deaktiviert,Anika Rupprecht, , , ,Rupprecht,Anika,a.rupprecht@mail.xyz, 
anj.san,User,Anja Sander, Oberstufe - Matur,Anja Sander, , , ,Sander,Anja,a.sander@mail.xyz, 
ann.pro,User,Annica Probst, Oberstufe - Matur,Annica Probst, , , ,Probst,Annica,annica.probst@mail.xyz, 
ann.rio,User,Annabel Rios, Oberstufe - Matur,Annabel Rios, , , ,Rios,Annabel,annabel.rios@mail.xyz, 
ann.sch,User,Anne Schick, Oberstufe - Matur,Anne Schick, , , ,Schick,Anne,keineMailAddy, 
annabell.schwaiger,User,Schwaiger Annabell, Handelsmatur,Schwaiger Annabell, , , ,Schwaiger,Annabell,annabell.schwaiger@mail.xyz, 
annabelle.putz,User,Putz Annabelle, Handelsmatur,Putz Annabelle, , , ,Putz,Annabelle,annabelle.putz@mail.xyz, 
anne.seeger,User,Anne Seeger, Sekundar extern,Anne Seeger, , , ,Seeger,Anne,anne.seeger@mail.xyz, 
anneke.schwager,User,Anneke Schwager, Sekundar extern,Anneke Schwager, , , ,Schwager,Anneke,keineMailAddy, 
annette.schulte,User,Annette Schulte, Sekundar extern,Annette Schulte, , , ,Schulte,Annette,keineMailAddy, 
arn.roe,User,Arne Roehrig, Oberstufe - Matur,Arne Roehrig, , , ,Roehrig,Arne,keineMailAddy, 
astrid.ramsey,User,Astrid Ramsey, deaktiviert,Astrid Ramsey, , , ,Ramsey,Astrid,astrid.ramsey@mail.xyz, 
ber.rei,User,Bernhard Reimer, Oberstufe - Matur,Bernhard Reimer, , , ,Reimer,Bernhard,b.reimer@mail.xyz, 
ber.sau,User,Bernhard Sauter, Oberstufe - Matur,Bernhard Sauter, , , ,Sauter,Bernhard,b.sauter@mail.xyz, 
berndt.roesner,User,Roesner Berndt, Lehrer Handel,Roesner Berndt, , , ,Roesner,Berndt,berndt.roesner@mail.xyz, 
bernhardt.salomon,User,Salomon Bernhardt, Handelsmatur,Salomon Bernhardt, , , ,Salomon,Bernhardt,bernhardt.salomon@mail.xyz, 
bernt.schoenfeld,User,Bernt Schoenfeld, deaktiviert,Bernt Schoenfeld, , , ,Schoenfeld,Bernt,b.schoenfeld@mail.xyz, 
bettina.schwindt,User,Schwindt Bettina, Lehrer Handel,Schwindt Bettina, , , ,Schwindt,Bettina,bettina.schwindt@mail.xyz, 
bruno.rosenthal,User,Bruno Rosenthal, deaktiviert,Bruno Rosenthal, , , ,Rosenthal,Bruno,b.rosenthal@mail.xyz, 
caj.sch,User,Caja Schulze, Oberstufe - Matur,Caja Schulze, , , ,Schulze,Caja,c.schulze@mail.xyz, 
car.sch,User,Carlotta Schuh, Oberstufe - Matur,Carlotta Schuh, , , ,Schuh,Carlotta,keineMailAddy, 
carin.schwarz,User,Schwarz Carin, Oberstufe extern,Schwarz Carin, , , ,Schwarz,Carin,keineMailAddy, 
carlotta.reinsch,User,Reinsch Carlotta, Oberstufe extern,Reinsch Carlotta, , , ,Reinsch,Carlotta,keineMailAddy, 
carlotta.schweiger,User,Schweiger Carlotta, Handelsmatur,Schweiger Carlotta, , , ,Schweiger,Carlotta,c.schweiger@mail.xyz, 
carolina.schultz,User,Carolina Schultz, Sekundar extern,Carolina Schultz, , , ,Schultz,Carolina,carolina.schultz@mail.xyz, 
celina.schaf,User,Schaf Celina, Oberstufe extern,Schaf Celina, , , ,Schaf,Celina,celina.schaf@mail.xyz, 
cha.rie,User,Charlotte Ries, Oberstufe - Matur,Charlotte Ries, , , ,Ries,Charlotte,charlotte.ries@mail.xyz, 
charlotte.schwenke,User,Schwenke Charlotte, Oberstufe extern,Schwenke Charlotte, , , ,Schwenke,Charlotte,c.schwenke@mail.xyz, 
chi.sch,User,Chiara Schwegler, Oberstufe - Matur,Chiara Schwegler, , , ,Schwegler,Chiara,keineMailAddy, 
chiara.rautenberg,User,Chiara Rautenberg, Sekundar extern,Chiara Rautenberg, , , ,Rautenberg,Chiara,chiara.rautenberg@mail.xyz, 
christa.pfaff,User,Christa Pfaff, deaktiviert,Christa Pfaff, , , ,Pfaff,Christa,c.pfaff@mail.xyz, 
christa.schaaf,User,Christa Schaaf, deaktiviert,Christa Schaaf, , , ,Schaaf,Christa,c.schaaf@mail.xyz, 
christoph.reichert,User,Christoph Reichert, deaktiviert,Christoph Reichert, , , ,Reichert,Christoph,keineMailAddy, 
christoph.schiffer,User,Christoph Schiffer, deaktiviert,Christoph Schiffer, , , ,Schiffer,Christoph,c.schiffer@mail.xyz, 
cla.pus,User,Claas Puschmann, Oberstufe - Matur,Claas Puschmann, , , ,Puschmann,Claas,claas.puschmann@mail.xyz, 
claudia.schick,User,Schick Claudia, Handelsmatur,Schick Claudia, , , ,Schick,Claudia,claudia.schick@mail.xyz, 
col.pie,User,Collin Pierce, Oberstufe - Matur,Collin Pierce, , , ,Pierce,Collin,keineMailAddy, 
colin.schaefers,User,Schaefers Colin, Handelsmatur,Schaefers Colin, , , ,Schaefers,Colin,c.schaefers@mail.xyz, 
collin.preiss,User,Collin Preiss, Sekundar extern,Collin Preiss, , , ,Preiss,Collin,collin.preiss@mail.xyz, 
con.rud,User,Conner Rudolph, Oberstufe - Matur,Conner Rudolph, , , ,Rudolph,Conner,conner.rudolph@mail.xyz, 
cornelia.richardson,User,Cornelia Richardson, Sekundar extern,Cornelia Richardson, , , ,Richardson,Cornelia,cornelia.richardson@mail.xyz, 
dagmar.rosenkranz,User,Rosenkranz Dagmar, Handelsmatur,Rosenkranz Dagmar, , , ,Rosenkranz,Dagmar,keineMailAddy, 
dagmar.schwalbe,User,Dagmar Schwalbe, deaktiviert,Dagmar Schwalbe, , , ,Schwalbe,Dagmar,dagmar.schwalbe@mail.xyz, 
daniel.romero,User,Romero Daniel, Handelsmatur,Romero Daniel, , , ,Romero,Daniel,d.romero@mail.xyz, 
daniela.phillips,User,Phillips Daniela, Handelsmatur,Phillips Daniela, , , ,Phillips,Daniela,daniela.phillips@mail.xyz, 
danny.schramm,User,Schramm Danny, Oberstufe extern,Schramm Danny, , , ,Schramm,Danny,keineMailAddy, 
david.schlegel,User,Schlegel David, Oberstufe extern,Schlegel David, , , ,Schlegel,David,d.schlegel@mail.xyz, 
denis.radtke,User,Radtke Denis, Oberstufe extern,Radtke Denis, , , ,Radtke,Denis,keineMailAddy, 
dennis.schreiber,User,Dennis Schreiber, Sekundar extern,Dennis Schreiber, , , ,Schreiber,Dennis,dennis.schreiber@mail.xyz, 
det.see,User,Detlev Seewald, Oberstufe - Matur,Detlev Seewald, , , ,Seewald,Detlev,d.seewald@mail.xyz, 
detlev.powell,User,Powell Detlev, Oberstufe extern,Powell Detlev, , , ,Powell,Detlev,detlev.powell@mail.xyz, 
diana.ramirez,User,Diana Ramirez, deaktiviert,Diana Ramirez, , , ,Ramirez,Diana,diana.ramirez@mail.xyz, 
diana.reinicke,User,Diana Reinicke, deaktiviert,Diana Reinicke, , , ,Reinicke,Diana,d.reinicke@mail.xyz, 
dieter.reischl,User,Reischl Dieter, Handelsmatur,Reischl Dieter, , , ,Reischl,Dieter,keineMailAddy, 
eileen.sailer,User,Eileen Sailer, Sekundar extern,Eileen Sailer, , , ,Sailer,Eileen,e.sailer@mail.xyz, 
elisabeth.renz,User,Renz Elisabeth, Oberstufe extern,Renz Elisabeth, , , ,Renz,Elisabeth,e.renz@mail.xyz, 
elisabeth.schacht,User,Schacht Elisabeth, Oberstufe extern,Schacht Elisabeth, , , ,Schacht,Elisabeth,keineMailAddy, 
elk.ros,User,Elke Rose, Oberstufe - Matur,Elke Rose, , , ,Rose,Elke,e.rose@mail.xyz, 
elke.rasche,User,Elke Rasche, Sekundar extern,Elke Rasche, , , ,Rasche,Elke,e.rasche@mail.xyz, 
emely.reeves,User,Emely Reeves, deaktiviert,Emely Reeves, , , ,Reeves,Emely,keineMailAddy, 
emely.schultze,User,Schultze Emely, Oberstufe extern,Schultze Emely, , , ,Schultze,Emely,e.schultze@mail.xyz, 
emil.pohlmann,User,Emil Pohlmann, Sekundar extern,Emil Pohlmann, , , ,Pohlmann,Emil,emil.pohlmann@mail.xyz, 
emilia.reinhardt,User,Emilia Reinhardt, deaktiviert,Emilia Reinhardt, , , ,Reinhardt,Emilia,keineMailAddy, 
emilie.sahin,User,Emilie Sahin, deaktiviert,Emilie Sahin, , , ,Sahin,Emilie,emilie.sahin@mail.xyz, 
emre.price,User,Emre Price, Sekundar extern,Emre Price, , , ,Price,Emre,keineMailAddy, 
enrico.rauh,User,Enrico Rauh, Sekundar extern,Enrico Rauh, , , ,Rauh,Enrico,keineMailAddy, 
eri.pop,User,Erich Popp, Oberstufe - Matur,Erich Popp, , , ,Popp,Erich,keineMailAddy, 
eric.reinartz,User,Eric Reinartz, Sekundar extern,Eric Reinartz, , , ,Reinartz,Eric,e.reinartz@mail.xyz, 
erica.schott,User,Erica Schott, Sekundar extern,Erica Schott, , , ,Schott,Erica,e.schott@mail.xyz, 
erika.reiter,User,Reiter Erika, Oberstufe extern,Reiter Erika, , , ,Reiter,Erika,keineMailAddy, 
erna.rank,User,Erna Rank, deaktiviert,Erna Rank, , , ,Rank,Erna,e.rank@mail.xyz, 
fabian.reimer,User,Reimer Fabian, Oberstufe extern,Reimer Fabian, , , ,Reimer,Fabian,fabian.reimer@mail.xyz, 
fabian.robbins,User,Fabian Robbins, Sekundar extern,Fabian Robbins, , , ,Robbins,Fabian,fabian.robbins@mail.xyz, 
fel.rem,User,Felicitas Remondis, Oberstufe - Matur,Felicitas Remondis, , , ,Remondis,Felicitas,f.remondis@mail.xyz, 
fenja.reinhardt,User,Fenja Reinhardt, Sekundar extern,Fenja Reinhardt, , , ,Reinhardt,Fenja,f.reinhardt@mail.xyz, 
fenja.schnabel,User,Schnabel Fenja, Oberstufe extern,Schnabel Fenja, , , ,Schnabel,Fenja,f.schnabel@mail.xyz, 
ferdinand.seger,User,Seger Ferdinand, Oberstufe extern,Seger Ferdinand, , , ,Seger,Ferdinand,keineMailAddy, 
fiona.raeder,User,Raeder Fiona, Handelsmatur,Raeder Fiona, , , ,Raeder,Fiona,keineMailAddy, 
frank.rauch,User,Frank Rauch, deaktiviert,Frank Rauch, , , ,Rauch,Frank,f.rauch@mail.xyz, 
franz.raschke,User,Raschke Franz, Oberstufe extern,Raschke Franz, , , ,Raschke,Franz,keineMailAddy, 
frederik.reuther,User,Frederik Reuther, deaktiviert,Frederik Reuther, , , ,Reuther,Frederik,f.reuther@mail.xyz, 
frida.saunders,User,Frida Saunders, deaktiviert,Frida Saunders, , , ,Saunders,Frida,frida.saunders@mail.xyz, 
frieda.rose,User,Frieda Rose, Sekundar extern,Frieda Rose, , , ,Rose,Frieda,keineMailAddy, 
friederike.rodriguez,User,Rodriguez Friederike, Oberstufe extern,Rodriguez Friederike, , , ,Rodriguez,Friederike,f.rodriguez@mail.xyz, 
fynn.rosenberger,User,Rosenberger Fynn, Oberstufe extern,Rosenberger Fynn, , , ,Rosenberger,Fynn,fynn.rosenberger@mail.xyz, 
fynn.ryan,User,Fynn Ryan, Sekundar extern,Fynn Ryan, , , ,Ryan,Fynn,keineMailAddy, 
gabriele.rodriquez,User,Rodriquez Gabriele, Handelsmatur,Rodriquez Gabriele, , , ,Rodriquez,Gabriele,g.rodriquez@mail.xyz, 
gerda.pilz,User,Pilz Gerda, Oberstufe extern,Pilz Gerda, , , ,Pilz,Gerda,gerda.pilz@mail.xyz, 
gerhardt.seeber,User,Gerhardt Seeber, deaktiviert,Gerhardt Seeber, , , ,Seeber,Gerhardt,g.seeber@mail.xyz, 
gert.reissmann,User,Gert Reissmann, deaktiviert,Gert Reissmann, , , ,Reissmann,Gert,gert.reissmann@mail.xyz, 
gert.retzlaff,User,Retzlaff Gert, Oberstufe extern,Retzlaff Gert, , , ,Retzlaff,Gert,gert.retzlaff@mail.xyz, 
giulia.sattler,User,Giulia Sattler, deaktiviert,Giulia Sattler, , , ,Sattler,Giulia,g.sattler@mail.xyz, 
greta.pfeilmacher,User,Pfeilmacher Greta, Oberstufe extern,Pfeilmacher Greta, , , ,Pfeilmacher,Greta,keineMailAddy, 
guenter.schaub,User,Guenter Schaub, Sekundar extern,Guenter Schaub, , , ,Schaub,Guenter,guenter.schaub@mail.xyz, 
guenther.reisser,User,Reisser Guenther, Oberstufe extern,Reisser Guenther, , , ,Reisser,Guenther,guenther.reisser@mail.xyz, 
hanna.rowe,User,Hanna Rowe, deaktiviert,Hanna Rowe, , , ,Rowe,Hanna,hanna.rowe@mail.xyz, 
hannah.reinhart,User,Hannah Reinhart, Sekundar extern,Hannah Reinhart, , , ,Reinhart,Hannah,h.reinhart@mail.xyz, 
hannah.reischl,User,Reischl Hannah, Oberstufe extern,Reischl Hannah, , , ,Reischl,Hannah,hannah.reischl@mail.xyz, 
hannelore.rogers,User,Rogers Hannelore, Oberstufe extern,Rogers Hannelore, , , ,Rogers,Hannelore,hannelore.rogers@mail.xyz, 
hans.sailer,User,Hans Sailer, deaktiviert,Hans Sailer, , , ,Sailer,Hans,h.sailer@mail.xyz, 
harald.schatz,User,Harald Schatz, deaktiviert,Harald Schatz, , , ,Schatz,Harald,harald.schatz@mail.xyz, 
heike.pratt,User,Pratt Heike, Handelsmatur,Pratt Heike, , , ,Pratt,Heike,h.pratt@mail.xyz, 
heinrich.runge,User,Runge Heinrich, Oberstufe extern,Runge Heinrich, , , ,Runge,Heinrich,keineMailAddy, 
hel.rad,User,Helena Radermacher, Oberstufe - Matur,Helena Radermacher, , , ,Radermacher,Helena,helena.radermacher@mail.xyz, 
hel.sch,User,Helena Schroeter, Oberstufe - Matur,Helena Schroeter, , , ,Schroeter,Helena,helena.schroeter@mail.xyz, 
helene.schwegler,User,Helene Schwegler, deaktiviert,Helene Schwegler, , , ,Schwegler,Helene,keineMailAddy, 
helmut.scheer,User,Scheer Helmut, Handelsmatur,Scheer Helmut, , , ,Scheer,Helmut,h.scheer@mail.xyz, 
hen.sau,User,Henrik Sautter, Oberstufe - Matur,Henrik Sautter, , , ,Sautter,Henrik,h.sautter@mail.xyz, 
henri.petersen,User,Henri Petersen, deaktiviert,Henri Petersen, , , ,Petersen,Henri,h.petersen@mail.xyz, 
henriette.schweikert,User,Henriette Schweikert, deaktiviert,Henriette Schweikert, , , ,Schweikert,Henriette,h.schweikert@mail.xyz, 
henrik.reitmeier,User,Reitmeier Henrik, Oberstufe extern,Reitmeier Henrik, , , ,Reitmeier,Henrik,keineMailAddy, 
her.phi,User,Herbert Philipp, Oberstufe - Matur,Herbert Philipp, , , ,Philipp,Herbert,keineMailAddy, 
her.sch,User,Hertha Schaffer, Oberstufe - Matur,Hertha Schaffer, , , ,Schaffer,Hertha,hertha.schaffer@mail.xyz, 
her.see,User,Herbert Seemann, Oberstufe - Matur,Herbert Seemann, , , ,Seemann,Herbert,keineMailAddy, 
hertha.putz,User,Hertha Putz, deaktiviert,Hertha Putz, , , ,Putz,Hertha,h.putz@mail.xyz, 
hertha.reinartz,User,Hertha Reinartz, Sekundar extern,Hertha Reinartz, , , ,Reinartz,Hertha,hertha.reinartz@mail.xyz, 
hertha.schardt,User,Hertha Schardt, deaktiviert,Hertha Schardt, , , ,Schardt,Hertha,hertha.schardt@mail.xyz, 
hertha.schnitzler,User,Schnitzler Hertha, Handelsmatur,Schnitzler Hertha, , , ,Schnitzler,Hertha,hertha.schnitzler@mail.xyz, 
hol.sei,User,Holger Seibel, Oberstufe - Matur,Holger Seibel, , , ,Seibel,Holger,holger.seibel@mail.xyz, 
horst.salazar,User,Salazar Horst, Oberstufe extern,Salazar Horst, , , ,Salazar,Horst,h.salazar@mail.xyz, 
ian.rot,User,Ian Rothe, Oberstufe - Matur,Ian Rothe, , , ,Rothe,Ian,ian.rothe@mail.xyz, 
ida.puetz,User,Ida Puetz, deaktiviert,Ida Puetz, , , ,Puetz,Ida,ida.puetz@mail.xyz, 
inga.rogers,User,Inga Rogers, deaktiviert,Inga Rogers, , , ,Rogers,Inga,i.rogers@mail.xyz, 
inga.saupe,User,Inga Saupe, Sekundar extern,Inga Saupe, , , ,Saupe,Inga,i.saupe@mail.xyz, 
inga.schreiber,User,Schreiber Inga, Oberstufe extern,Schreiber Inga, , , ,Schreiber,Inga,i.schreiber@mail.xyz, 
ingo.roessler,User,Ingo Roessler, Sekundar extern,Ingo Roessler, , , ,Roessler,Ingo,i.roessler@mail.xyz, 
ingrid.schramm,User,Schramm Ingrid, Handelsmatur,Schramm Ingrid, , , ,Schramm,Ingrid,i.schramm@mail.xyz, 
irmgart.reineke,User,Irmgart Reineke, deaktiviert,Irmgart Reineke, , , ,Reineke,Irmgart,irmgart.reineke@mail.xyz, 
isa.pfi,User,Isabelle Pfister, Oberstufe - Matur,Isabelle Pfister, , , ,Pfister,Isabelle,i.pfister@mail.xyz, 
isabell.rettig,User,Isabell Rettig, deaktiviert,Isabell Rettig, , , ,Rettig,Isabell,isabell.rettig@mail.xyz, 
isabell.schott,User,Isabell Schott, Sekundar extern,Isabell Schott, , , ,Schott,Isabell,isabell.schott@mail.xyz, 
ivonne.pope,User,Pope Ivonne, Oberstufe extern,Pope Ivonne, , , ,Pope,Ivonne,i.pope@mail.xyz, 
ivonne.rehm,User,Rehm Ivonne, Handelsmatur,Rehm Ivonne, , , ,Rehm,Ivonne,i.rehm@mail.xyz, 
jacob.pusch,User,Pusch Jacob, Handelsmatur,Pusch Jacob, , , ,Pusch,Jacob,jacob.pusch@mail.xyz, 
jakob.schwab,User,Schwab Jakob, Handelsmatur,Schwab Jakob, , , ,Schwab,Jakob,keineMailAddy, 
jamie.ranft,User,Ranft Jamie, Oberstufe extern,Ranft Jamie, , , ,Ranft,Jamie,jamie.ranft@mail.xyz, 
jamie.sander,User,Jamie Sander, Sekundar extern,Jamie Sander, , , ,Sander,Jamie,j.sander@mail.xyz, 
jamie.schaal,User,Schaal Jamie, Oberstufe extern,Schaal Jamie, , , ,Schaal,Jamie,j.schaal@mail.xyz, 
jamie.schmied,User,Schmied Jamie, Oberstufe extern,Schmied Jamie, , , ,Schmied,Jamie,j.schmied@mail.xyz, 
janina.roessler,User,Roessler Janina, Handelsmatur,Roessler Janina, , , ,Roessler,Janina,keineMailAddy, 
janine.rodriguez,User,Janine Rodriguez, Sekundar extern,Janine Rodriguez, , , ,Rodriguez,Janine,j.rodriguez@mail.xyz, 
janne.peschke,User,Janne Peschke, deaktiviert,Janne Peschke, , , ,Peschke,Janne,j.peschke@mail.xyz, 
janne.probst,User,Janne Probst, Sekundar extern,Janne Probst, , , ,Probst,Janne,j.probst@mail.xyz, 
jannes.ruppert,User,Jannes Ruppert, deaktiviert,Jannes Ruppert, , , ,Ruppert,Jannes,j.ruppert@mail.xyz, 
jannik.pesch,User,Pesch Jannik, Oberstufe extern,Pesch Jannik, , , ,Pesch,Jannik,j.pesch@mail.xyz, 
jaqueline.schmuck,User,Schmuck Jaqueline, Oberstufe extern,Schmuck Jaqueline, , , ,Schmuck,Jaqueline,jaqueline.schmuck@mail.xyz, 
jasmin.saal,User,Jasmin Saal, deaktiviert,Jasmin Saal, , , ,Saal,Jasmin,j.saal@mail.xyz, 
jean.schmitz,User,Jean Schmitz, Sekundar extern,Jean Schmitz, , , ,Schmitz,Jean,j.schmitz@mail.xyz, 
jennifer.schwoerer,User,Schwoerer Jennifer, Handelsmatur,Schwoerer Jennifer, , , ,Schwoerer,Jennifer,jennifer.schwoerer@mail.xyz, 
jenny.raith,User,Raith Jenny, Oberstufe extern,Raith Jenny, , , ,Raith,Jenny,jenny.raith@mail.xyz, 
jenny.sauermann,User,Jenny Sauermann, Sekundar extern,Jenny Sauermann, , , ,Sauermann,Jenny,jenny.sauermann@mail.xyz, 
jenny.schwerdtfeger,User,Jenny Schwerdtfeger, deaktiviert,Jenny Schwerdtfeger, , , ,Schwerdtfeger,Jenny,keineMailAddy, 
jeremie.schoen,User,Schoen Jeremie, Oberstufe extern,Schoen Jeremie, , , ,Schoen,Jeremie,jeremie.schoen@mail.xyz, 
jeremy.schueler,User,Jeremy Schueler, deaktiviert,Jeremy Schueler, , , ,Schueler,Jeremy,jeremy.schueler@mail.xyz, 
jeremy.schweikert,User,Schweikert Jeremy, Oberstufe extern,Schweikert Jeremy, , , ,Schweikert,Jeremy,keineMailAddy, 
jessica.renate,User,Jessica Renate, deaktiviert,Jessica Renate, , , ,Renate,Jessica,j.renate@mail.xyz, 
jette.price,User,Jette Price, deaktiviert,Jette Price, , , ,Price,Jette,jette.price@mail.xyz, 
joachim.schaaf,User,Schaaf Joachim, Oberstufe extern,Schaaf Joachim, , , ,Schaaf,Joachim,j.schaaf@mail.xyz, 
joachim.schick,User,Joachim Schick, Sekundar extern,Joachim Schick, , , ,Schick,Joachim,j.schick@mail.xyz, 
joelle.putz,User,Joelle Putz, deaktiviert,Joelle Putz, , , ,Putz,Joelle,j.putz@mail.xyz, 
joerg.schweizer,User,Joerg Schweizer, Sekundar extern,Joerg Schweizer, , , ,Schweizer,Joerg,joerg.schweizer@mail.xyz, 
johann.pena,User,Johann Pena, deaktiviert,Johann Pena, , , ,Pena,Johann,j.pena@mail.xyz, 
johannes.schaeffer,User,Johannes Schaeffer, deaktiviert,Johannes Schaeffer, , , ,Schaeffer,Johannes,j.schaeffer@mail.xyz, 
jonah.schueler,User,Jonah Schueler, Sekundar extern,Jonah Schueler, , , ,Schueler,Jonah,j.schueler@mail.xyz, 
jud.sch,User,Judith Scheer, Oberstufe - Matur,Judith Scheer, , , ,Scheer,Judith,keineMailAddy, 
jue.rei,User,Juergen Reinders, Oberstufe - Matur,Juergen Reinders, , , ,Reinders,Juergen,juergen.reinders@mail.xyz, 
julian.seel,User,Seel Julian, Oberstufe extern,Seel Julian, , , ,Seel,Julian,j.seel@mail.xyz, 
julie.reichert,User,Reichert Julie, Handelsmatur,Reichert Julie, , , ,Reichert,Julie,j.reichert@mail.xyz, 
juri.reiff,User,Juri Reiff, deaktiviert,Juri Reiff, , , ,Reiff,Juri,juri.reiff@mail.xyz, 
justin.reinhard,User,Justin Reinhard, deaktiviert,Justin Reinhard, , , ,Reinhard,Justin,j.reinhard@mail.xyz, 
justin.sacher,User,Justin Sacher, Sekundar extern,Justin Sacher, , , ,Sacher,Justin,keineMailAddy, 
jutta.schaefer,User,Schaefer Jutta, Oberstufe extern,Schaefer Jutta, , , ,Schaefer,Jutta,jutta.schaefer@mail.xyz, 
kaete.schoenfeld,User,Kaete Schoenfeld, deaktiviert,Kaete Schoenfeld, , , ,Schoenfeld,Kaete,kaete.schoenfeld@mail.xyz, 
kaethe.roessler,User,Roessler Kaethe, Handelsmatur,Roessler Kaethe, , , ,Roessler,Kaethe,kaethe.roessler@mail.xyz, 
kaj.sau,User,Kaja Sauermann, Oberstufe - Matur,Kaja Sauermann, , , ,Sauermann,Kaja,keineMailAddy, 
kaja.ritter,User,Kaja Ritter, deaktiviert,Kaja Ritter, , , ,Ritter,Kaja,keineMailAddy, 
karina.resch,User,Resch Karina, Handelsmatur,Resch Karina, , , ,Resch,Karina,keineMailAddy, 
karl.roesner,User,Karl Roesner, Sekundar extern,Karl Roesner, , , ,Roesner,Karl,karl.roesner@mail.xyz, 
karla.salewski,User,Karla Salewski, Sekundar extern,Karla Salewski, , , ,Salewski,Karla,k.salewski@mail.xyz, 
karlotta.schreiner,User,Schreiner Karlotta, Oberstufe extern,Schreiner Karlotta, , , ,Schreiner,Karlotta,k.schreiner@mail.xyz, 
karsten.schoen,User,Schoen Karsten, Oberstufe extern,Schoen Karsten, , , ,Schoen,Karsten,keineMailAddy, 
katharina.schuster,User,Schuster Katharina, Oberstufe extern,Schuster Katharina, , , ,Schuster,Katharina,katharina.schuster@mail.xyz, 
katja.reinicke,User,Katja Reinicke, deaktiviert,Katja Reinicke, , , ,Reinicke,Katja,keineMailAddy, 
kay.schuhmacher,User,Kay Schuhmacher, deaktiviert,Kay Schuhmacher, , , ,Schuhmacher,Kay,keineMailAddy, 
kaya.sandra,User,Sandra Kaya, Handelsmatur,Sandra Kaya, , , ,Sandra,Kaya,keineMailAddy, 
keno.rudolph,User,Keno Rudolph, deaktiviert,Keno Rudolph, , , ,Rudolph,Keno,k.rudolph@mail.xyz, 
kia.run,User,Kian Runge, Oberstufe - Matur,Kian Runge, , , ,Runge,Kian,k.runge@mail.xyz, 
kian.potter,User,Kian Potter, deaktiviert,Kian Potter, , , ,Potter,Kian,kian.potter@mail.xyz, 
kimberly.schaal,User,Schaal Kimberly, Oberstufe extern,Schaal Kimberly, , , ,Schaal,Kimberly,kimberly.schaal@mail.xyz, 
kira.saalmann,User,Saalmann Kira, Handelsmatur,Saalmann Kira, , , ,Saalmann,Kira,kira.saalmann@mail.xyz, 
kirsten.schacht,User,Kirsten Schacht, deaktiviert,Kirsten Schacht, , , ,Schacht,Kirsten,k.schacht@mail.xyz, 
kjell.pierce,User,Pierce Kjell, Handelsmatur,Pierce Kjell, , , ,Pierce,Kjell,kjell.pierce@mail.xyz, 
kjell.scheller,User,Kjell Scheller, Sekundar extern,Kjell Scheller, , , ,Scheller,Kjell,keineMailAddy, 
klaas.schaumann,User,Klaas Schaumann, Sekundar extern,Klaas Schaumann, , , ,Schaumann,Klaas,keineMailAddy, 
klara.petzold,User,Petzold Klara, Oberstufe extern,Petzold Klara, , , ,Petzold,Klara,klara.petzold@mail.xyz, 
klara.rasch,User,Rasch Klara, Oberstufe extern,Rasch Klara, , , ,Rasch,Klara,k.rasch@mail.xyz, 
klaus.riedl,User,Klaus Riedl, Sekundar extern,Klaus Riedl, , , ,Riedl,Klaus,keineMailAddy, 
klemens.schmit,User,Schmit Klemens, Handelsmatur,Schmit Klemens, , , ,Schmit,Klemens,klemens.schmit@mail.xyz, 
kri.qua,User,Kristian Quandt, Oberstufe - Matur,Kristian Quandt, , , ,Quandt,Kristian,kristian.quandt@mail.xyz, 
kristian.schwenke,User,Kristian Schwenke, Sekundar extern,Kristian Schwenke, , , ,Schwenke,Kristian,keineMailAddy, 
kristine.schiller,User,Schiller Kristine, Oberstufe extern,Schiller Kristine, , , ,Schiller,Kristine,kristine.schiller@mail.xyz, 
laila.rogers,User,Rogers Laila, Oberstufe extern,Rogers Laila, , , ,Rogers,Laila,laila.rogers@mail.xyz, 
lar.pri,User,Lars Price, Oberstufe - Matur,Lars Price, , , ,Price,Lars,lars.price@mail.xyz, 
lars.schubert,User,Lars Schubert, Sekundar extern,Lars Schubert, , , ,Schubert,Lars,keineMailAddy, 
las.sch,User,Lasse Schweers, Oberstufe - Matur,Lasse Schweers, , , ,Schweers,Lasse,l.schweers@mail.xyz, 
laura.pittman,User,Laura Pittman, Sekundar extern,Laura Pittman, , , ,Pittman,Laura,keineMailAddy, 
laurin.raab,User,Raab Laurin, Oberstufe extern,Raab Laurin, , , ,Raab,Laurin,keineMailAddy, 
laurin.rank,User,Rank Laurin, Oberstufe extern,Rank Laurin, , , ,Rank,Laurin,l.rank@mail.xyz, 
laurin.schramm,User,Laurin Schramm, deaktiviert,Laurin Schramm, , , ,Schramm,Laurin,keineMailAddy, 
lea.sch,User,Leandra Schrader, Oberstufe - Matur,Leandra Schrader, , , ,Schrader,Leandra,leandra.schrader@mail.xyz, 
leander.seel,User,Seel Leander, Oberstufe extern,Seel Leander, , , ,Seel,Leander,l.seel@mail.xyz, 
lei.rod,User,Leif Rodriquez, Oberstufe - Matur,Leif Rodriquez, , , ,Rodriquez,Leif,leif.rodriquez@mail.xyz, 
lennard.ranft,User,Ranft Lennard, Handelsmatur,Ranft Lennard, , , ,Ranft,Lennard,lennard.ranft@mail.xyz, 
lennox.rice,User,Rice Lennox, Handelsmatur,Rice Lennox, , , ,Rice,Lennox,keineMailAddy, 
lennox.ricer,User,Ricer Lennox, Handelsmatur,Ricer Lennox, , , ,Ricer,Lennox,l.rice@mail.xyz, 
leoni.rainer,User,Leoni Rainer, Sekundar extern,Leoni Rainer, , , ,Rainer,Leoni,leoni.rainer@mail.xyz, 
lew.sau,User,Lewin Saupe, Oberstufe - Matur,Lewin Saupe, , , ,Saupe,Lewin,l.saupe@mail.xyz, 
lewin.scholl,User,Scholl Lewin, Oberstufe extern,Scholl Lewin, , , ,Scholl,Lewin,l.scholl@mail.xyz, 
lia.qui,User,Lia Quinn, Oberstufe - Matur,Lia Quinn, , , ,Quinn,Lia,keineMailAddy, 
liah.reichelt,User,Reichelt Liah, Oberstufe extern,Reichelt Liah, , , ,Reichelt,Liah,liah.reichelt@mail.xyz, 
liam.schrader,User,Liam Schrader, Sekundar extern,Liam Schrader, , , ,Schrader,Liam,l.schrader@mail.xyz, 
lili.schuette,User,Lili Schuette, deaktiviert,Lili Schuette, , , ,Schuette,Lili,lili.schuette@mail.xyz, 
lilly.pfeffer,User,Pfeffer Lilly, Oberstufe extern,Pfeffer Lilly, , , ,Pfeffer,Lilly,keineMailAddy, 
linda.schumacher,User,Schumacher Linda, Oberstufe extern,Schumacher Linda, , , ,Schumacher,Linda,keineMailAddy, 
linn.rech,User,Rech Linn, Handelsmatur,Rech Linn, , , ,Rech,Linn,l.rech@mail.xyz, 
linus.rademacher,User,Rademacher Linus, Oberstufe extern,Rademacher Linus, , , ,Rademacher,Linus,l.rademacher@mail.xyz, 
linus.schweitzer,User,Schweitzer Linus, Handelsmatur,Schweitzer Linus, , , ,Schweitzer,Linus,keineMailAddy, 
liv.sch,User,Liv Schmidt, Oberstufe - Matur,Liv Schmidt, , , ,Schmidt,Liv,l.schmidt@mail.xyz, 
lorena.pfeifer,User,Pfeifer Lorena, Oberstufe extern,Pfeifer Lorena, , , ,Pfeifer,Lorena,lorena.pfeifer@mail.xyz, 
lothar.reisinger,User,Lothar Reisinger, deaktiviert,Lothar Reisinger, , , ,Reisinger,Lothar,l.reisinger@mail.xyz, 
luc.rei,User,Lucia Reisinger, Oberstufe - Matur,Lucia Reisinger, , , ,Reisinger,Lucia,lucia.reisinger@mail.xyz, 
luc.roessler,User,Roessler Luc, Handelsmatur,Roessler Luc, , , ,Roessler,Luc,luc.roessler@mail.xyz, 
luc.sau,User,Luc Sautter, Oberstufe - Matur,Luc Sautter, , , ,Sautter,Luc,l.sautter@mail.xyz, 
lucia.phelps,User,Lucia Phelps, Sekundar extern,Lucia Phelps, , , ,Phelps,Lucia,lucia.phelps@mail.xyz, 
lucy.rhein,User,Lucy Rhein, Sekundar extern,Lucy Rhein, , , ,Rhein,Lucy,keineMailAddy, 
lucy.schick,User,Schick Lucy, Oberstufe extern,Schick Lucy, , , ,Schick,Lucy,lucy.schick@mail.xyz, 
luis.schweiger,User,Luis Schweiger, Sekundar extern,Luis Schweiger, , , ,Schweiger,Luis,l.schweiger@mail.xyz, 
luka.ruf,User,Luka Ruf, deaktiviert,Luka Ruf, , , ,Ruf,Luka,luka.ruf@mail.xyz, 
lyn.ruf,User,Lyn Ruf, Oberstufe - Matur,Lyn Ruf, , , ,Ruf,Lyn,keineMailAddy, 
lynn.provinzial,User,Lynn Provinzial, deaktiviert,Lynn Provinzial, , , ,Provinzial,Lynn,lynn.provinzial@mail.xyz, 
maik.schatz,User,Schatz Maik, Handelsmatur,Schatz Maik, , , ,Schatz,Maik,m.schatz@mail.xyz, 
maike.price,User,Maike Price, deaktiviert,Maike Price, , , ,Price,Maike,maike.price@mail.xyz, 
maja.phillips,User,Phillips Maja, Handelsmatur,Phillips Maja, , , ,Phillips,Maja,maja.phillips@mail.xyz, 
manfred.radermacher,User,Radermacher Manfred, Handelsmatur,Radermacher Manfred, , , ,Radermacher,Manfred,m.radermacher@mail.xyz, 
manfred.rasche,User,Rasche Manfred, Handelsmatur,Rasche Manfred, , , ,Rasche,Manfred,keineMailAddy, 
manuela.rein,User,Manuela Rein, Sekundar extern,Manuela Rein, , , ,Rein,Manuela,m.rein@mail.xyz, 
mar.sas,User,Marc Sasse, Oberstufe - Matur,Marc Sasse, , , ,Sasse,Marc,m.sasse@mail.xyz, 
mar.sch,User,Maria Scheer, Oberstufe - Matur,Maria Scheer, , , ,Scheer,Maria,maria.scheer@mail.xyz, 
marah.rieger,User,Marah Rieger, deaktiviert,Marah Rieger, , , ,Rieger,Marah,marah.rieger@mail.xyz, 
marcel.seeger,User,Marcel Seeger, Sekundar extern,Marcel Seeger, , , ,Seeger,Marcel,marcel.seeger@mail.xyz, 
mareike.roos,User,Mareike Roos, Sekundar extern,Mareike Roos, , , ,Roos,Mareike,m.roos@mail.xyz, 
maren.pfeffer,User,Maren Pfeffer, Sekundar extern,Maren Pfeffer, , , ,Pfeffer,Maren,m.pfeffer@mail.xyz, 
maren.schoen,User,Schoen Maren, Oberstufe extern,Schoen Maren, , , ,Schoen,Maren,maren.schoen@mail.xyz, 
maria.sahin,User,Maria Sahin, deaktiviert,Maria Sahin, , , ,Sahin,Maria,m.sahin@mail.xyz, 
marianne.rademacher,User,Rademacher Marianne, Oberstufe extern,Rademacher Marianne, , , ,Rademacher,Marianne,keineMailAddy, 
marike.reineke,User,Marike Reineke, deaktiviert,Marike Reineke, , , ,Reineke,Marike,keineMailAddy, 
marius.pueschel,User,Pueschel Marius, Handelsmatur,Pueschel Marius, , , ,Pueschel,Marius,keineMailAddy, 
marius.sack,User,Marius Sack, Sekundar extern,Marius Sack, , , ,Sack,Marius,marius.sack@mail.xyz, 
markus.schmied,User,Markus Schmied, deaktiviert,Markus Schmied, , , ,Schmied,Markus,m.schmied@mail.xyz, 
marlies.riley,User,Marlies Riley, Sekundar extern,Marlies Riley, , , ,Riley,Marlies,marlies.riley@mail.xyz, 
marlis.seger,User,Seger Marlis, Oberstufe extern,Seger Marlis, , , ,Seger,Marlis,m.seger@mail.xyz, 
marta.reinke,User,Reinke Marta, Oberstufe extern,Reinke Marta, , , ,Reinke,Marta,m.reinke@mail.xyz, 
marten.rother,User,Rother Marten, Handelsmatur,Rother Marten, , , ,Rother,Marten,keineMailAddy, 
martin.seeberger,User,Martin Seeberger, deaktiviert,Martin Seeberger, , , ,Seeberger,Martin,martin.seeberger@mail.xyz, 
martina.petermann,User,Martina Petermann, deaktiviert,Martina Petermann, , , ,Petermann,Martina,keineMailAddy, 
marvin.rodriguez,User,Marvin Rodriguez, deaktiviert,Marvin Rodriguez, , , ,Rodriguez,Marvin,marvin.rodriguez@mail.xyz, 
marvin.scheerer,User,Scheerer Marvin, Handelsmatur,Scheerer Marvin, , , ,Scheerer,Marvin,marvin.scheerer@mail.xyz, 
marvin.schweikert,User,Marvin Schweikert, deaktiviert,Marvin Schweikert, , , ,Schweikert,Marvin,m.schweikert@mail.xyz, 
mathis.schell,User,Mathis Schell, deaktiviert,Mathis Schell, , , ,Schell,Mathis,keineMailAddy, 
mats.schuetz,User,Schuetz Mats, Handelsmatur,Schuetz Mats, , , ,Schuetz,Mats,mats.schuetz@mail.xyz, 
matthias.saal,User,Saal Matthias, Oberstufe extern,Saal Matthias, , , ,Saal,Matthias,m.saal@mail.xyz, 
matthis.schleicher,User,Matthis Schleicher, Lehrer Gym,Matthis Schleicher, , , ,Schleicher,Matthis,matthis.schleicher@mail.xyz, 
mattis.schneider,User,Schneider Mattis, Handelsmatur,Schneider Mattis, , , ,Schneider,Mattis,keineMailAddy, 
maurice.schuessler,User,Maurice Schuessler, deaktiviert,Maurice Schuessler, , , ,Schuessler,Maurice,maurice.schuessler@mail.xyz, 
max.sch,User,Maximilian Schuhmacher, Oberstufe - Matur,Maximilian Schuhmacher, , , ,Schuhmacher,Maximilian,keineMailAddy, 
maxim.schaedler,User,Schaedler Maxim, Oberstufe extern,Schaedler Maxim, , , ,Schaedler,Maxim,maxim.schaedler@mail.xyz, 
maximilian.pelzer,User,Maximilian Pelzer, deaktiviert,Maximilian Pelzer, , , ,Pelzer,Maximilian,maximilian.pelzer@mail.xyz, 
mic.sei,User,Michel Seibel, Oberstufe - Matur,Michel Seibel, , , ,Seibel,Michel,michel.seibel@mail.xyz, 
michel.roemer,User,Roemer Michel, Oberstufe extern,Roemer Michel, , , ,Roemer,Michel,m.roemer@mail.xyz, 
michelle.schauer,User,Michelle Schauer, Lehrer Gym,Michelle Schauer, , , ,Schauer,Michelle,keineMailAddy, 
michelle.schnell,User,Schnell Michelle, Oberstufe extern,Schnell Michelle, , , ,Schnell,Michelle,michelle.schnell@mail.xyz, 
mina.seemann,User,Seemann Mina, Handelsmatur,Seemann Mina, , , ,Seemann,Mina,m.seemann@mail.xyz, 
mir.rei,User,Mirco Reischl, Oberstufe - Matur,Mirco Reischl, , , ,Reischl,Mirco,keineMailAddy, 
miriam.peschel,User,Miriam Peschel, Sekundar extern,Miriam Peschel, , , ,Peschel,Miriam,m.peschel@mail.xyz, 
mirko.reinke,User,Reinke Mirko, Oberstufe extern,Reinke Mirko, , , ,Reinke,Mirko,mirko.reinke@mail.xyz, 
mirko.renner,User,Renner Mirko, Handelsmatur,Renner Mirko, , , ,Renner,Mirko,m.renner@mail.xyz, 
mirko.schatz,User,Mirko Schatz, deaktiviert,Mirko Schatz, , , ,Schatz,Mirko,m.schatz@mail.xyz, 
mona.schoenfeld,User,Schoenfeld Mona, Handelsmatur,Schoenfeld Mona, , , ,Schoenfeld,Mona,m.schoenfeld@mail.xyz, 
monica.renner,User,Renner Monica, Handelsmatur,Renner Monica, , , ,Renner,Monica,monica.renner@mail.xyz, 
nadin.schmidt,User,Nadin Schmidt, Sekundar extern,Nadin Schmidt, , , ,Schmidt,Nadin,n.schmidt@mail.xyz, 
nadine.schuhmacher,User,Nadine Schuhmacher, Sekundar extern,Nadine Schuhmacher, , , ,Schuhmacher,Nadine,keineMailAddy, 
nic.pfa,User,Nic Pfaff, Oberstufe - Matur,Nic Pfaff, , , ,Pfaff,Nic,keineMailAddy, 
nicole.schwarze,User,Schwarze Nicole, Handelsmatur,Schwarze Nicole, , , ,Schwarze,Nicole,keineMailAddy, 
norbert.sacher,User,Norbert Sacher, Sekundar extern,Norbert Sacher, , , ,Sacher,Norbert,keineMailAddy, 
ole.saul,User,Ole Saul, deaktiviert,Ole Saul, , , ,Saul,Ole,ole.saul@mail.xyz, 
oli.rei,User,Olivia Reiners, Oberstufe - Matur,Olivia Reiners, , , ,Reiners,Olivia,olivia.reiners@mail.xyz, 
oskar.richardson,User,Oskar Richardson, Sekundar extern,Oskar Richardson, , , ,Richardson,Oskar,keineMailAddy, 
otto.rau,User,Rau Otto, Handelsmatur,Rau Otto, , , ,Rau,Otto,o.rau@mail.xyz, 
pat.rei,User,Patrik Reim, Oberstufe - Matur,Patrik Reim, , , ,Reim,Patrik,p.reim@mail.xyz, 
paula.salon,User,Salon Paula, Oberstufe extern,Salon Paula, , , ,Salon,Paula,paula.salon@mail.xyz, 
paulina.schwer,User,Paulina Schwer, deaktiviert,Paulina Schwer, , , ,Schwer,Paulina,paulina.schwer@mail.xyz, 
pet.raa,User,Peter Raab, Oberstufe - Matur,Peter Raab, , , ,Raab,Peter,keineMailAddy, 
pet.rei,User,Petra Reinartz, Oberstufe - Matur,Petra Reinartz, , , ,Reinartz,Petra,p.reinartz@mail.xyz, 
peter.rank,User,Peter Rank, Sekundar extern,Peter Rank, , , ,Rank,Peter,keineMailAddy, 
petra.scholz,User,Petra Scholz, Sekundar extern,Petra Scholz, , , ,Scholz,Petra,p.scholz@mail.xyz, 
phil.schumacher,User,Schumacher Phil, Handelsmatur,Schumacher Phil, , , ,Schumacher,Phil,phil.schumacher@mail.xyz, 
philip.roesner,User,Philip Roesner, Sekundar extern,Philip Roesner, , , ,Roesner,Philip,p.roesner@mail.xyz, 
rafael.powell,User,Powell Rafael, Oberstufe extern,Powell Rafael, , , ,Powell,Rafael,r.powell@mail.xyz, 
rafael.schubert,User,Rafael Schubert, deaktiviert,Rafael Schubert, , , ,Schubert,Rafael,rafael.schubert@mail.xyz, 
ras.sch,User,Rasmus Schaf, Oberstufe - Matur,Rasmus Schaf, , , ,Schaf,Rasmus,keineMailAddy, 
rasmus.sedlmeier,User,Rasmus Sedlmeier, deaktiviert,Rasmus Sedlmeier, , , ,Sedlmeier,Rasmus,rasmus.sedlmeier@mail.xyz, 
reb.ras,User,Rebecca Rasch, Oberstufe - Matur,Rebecca Rasch, , , ,Rasch,Rebecca,rebecca.rasch@mail.xyz, 
rebekka.schindler,User,Schindler Rebekka, Oberstufe extern,Schindler Rebekka, , , ,Schindler,Rebekka,r.schindler@mail.xyz, 
reinhard.sander,User,Sander Reinhard, Oberstufe extern,Sander Reinhard, , , ,Sander,Reinhard,r.sander@mail.xyz, 
reinhard.schweers,User,Schweers Reinhard, Handelsmatur,Schweers Reinhard, , , ,Schweers,Reinhard,reinhard.schweers@mail.xyz, 
renate.saul,User,Saul Renate, Handelsmatur,Saul Renate, , , ,Saul,Renate,r.saul@mail.xyz, 
rené.rhodes,User,Rhodes René, Oberstufe extern,Rhodes René, , , ,Rhodes,René,r.rhodes@mail.xyz, 
rené.schuetze,User,Schuetze René, Handelsmatur,Schuetze René, , , ,Schuetze,René,r.schuetze@mail.xyz, 
richard.prinz,User,Prinz Richard, Oberstufe extern,Prinz Richard, , , ,Prinz,Richard,r.prinz@mail.xyz, 
rieke.ross,User,Rieke Ross, Sekundar extern,Rieke Ross, , , ,Ross,Rieke,rieke.ross@mail.xyz, 
rieke.schaible,User,Rieke Schaible, Sekundar extern,Rieke Schaible, , , ,Schaible,Rieke,r.schaible@mail.xyz, 
robin.rodriquez,User,Robin Rodriquez, deaktiviert,Robin Rodriquez, , , ,Rodriquez,Robin,r.rodriquez@mail.xyz, 
rolf.rauscher,User,Rolf Rauscher, Sekundar extern,Rolf Rauscher, , , ,Rauscher,Rolf,rolf.rauscher@mail.xyz, 
roman.raab,User,Roman Raab, Sekundar extern,Roman Raab, , , ,Raab,Roman,r.raab@mail.xyz, 
ronja.schaefer,User,Ronja Schaefer, deaktiviert,Ronja Schaefer, , , ,Schaefer,Ronja,ronja.schaefer@mail.xyz, 
rudolf.schwoerer,User,Rudolf Schwoerer, deaktiviert,Rudolf Schwoerer, , , ,Schwoerer,Rudolf,rudolf.schwoerer@mail.xyz, 
rudolph.reiners,User,Rudolph Reiners, Sekundar extern,Rudolph Reiners, , , ,Reiners,Rudolph,rudolph.reiners@mail.xyz, 
ruth.rex,User,Ruth Rex, deaktiviert,Ruth Rex, , , ,Rex,Ruth,r.rex@mail.xyz, 
ruth.roesner,User,Roesner Ruth, Handelsmatur,Roesner Ruth, , , ,Roesner,Ruth,r.roesner@mail.xyz, 
sab.sch,User,Sabrina Schuh, Oberstufe - Matur,Sabrina Schuh, , , ,Schuh,Sabrina,sabrina.schuh@mail.xyz, 
sam.sch,User,Sam Schneider, Oberstufe - Matur,Sam Schneider, , , ,Schneider,Sam,keineMailAddy, 
samantha.rentsch,User,Samantha Rentsch, Sekundar extern,Samantha Rentsch, , , ,Rentsch,Samantha,s.rentsch@mail.xyz, 
samantha.schaffrath,User,Samantha Schaffrath, Sekundar extern,Samantha Schaffrath, , , ,Schaffrath,Samantha,s.schaffrath@mail.xyz, 
sandra.rein,User,Rein Sandra, Handelsmatur,Rein Sandra, , , ,Rein,Sandra,sandra.rein@mail.xyz, 
sarah.robinson,User,Sarah Robinson, deaktiviert,Sarah Robinson, , , ,Robinson,Sarah,keineMailAddy, 
sas.rac,User,Sascha Rack, Oberstufe - Matur,Sascha Rack, , , ,Rack,Sascha,sascha.rack@mail.xyz, 
saskia.rehm,User,Rehm Saskia, Oberstufe extern,Rehm Saskia, , , ,Rehm,Saskia,s.rehm@mail.xyz, 
seb.put,User,Sebastian Putz, Oberstufe - Matur,Sebastian Putz, , , ,Putz,Sebastian,s.putz@mail.xyz, 
sebastian.reimann,User,Reimann Sebastian, Handelsmatur,Reimann Sebastian, , , ,Reimann,Sebastian,sebastian.reimann@mail.xyz, 
selina.renate,User,Selina Renate, Sekundar extern,Selina Renate, , , ,Renate,Selina,s.renate@mail.xyz, 
selina.sandoval,User,Sandoval Selina, Oberstufe extern,Sandoval Selina, , , ,Sandoval,Selina,s.sandoval@mail.xyz, 
sil.rus,User,Silas Russell, Oberstufe - Matur,Silas Russell, , , ,Russell,Silas,s.russell@mail.xyz, 
silas.peschke,User,Peschke Silas, Handelsmatur,Peschke Silas, , , ,Peschke,Silas,keineMailAddy, 
silas.schreiber,User,Schreiber Silas, Oberstufe extern,Schreiber Silas, , , ,Schreiber,Silas,silas.schreiber@mail.xyz, 
sinah.prinz,User,Prinz Sinah, Oberstufe extern,Prinz Sinah, , , ,Prinz,Sinah,sinah.prinz@mail.xyz, 
smilla.santos,User,Santos Smilla, Handelsmatur,Santos Smilla, , , ,Santos,Smilla,keineMailAddy, 
son.rem,User,Sonja Remondis, Oberstufe - Matur,Sonja Remondis, , , ,Remondis,Sonja,s.remondis@mail.xyz, 
sophia.rode,User,Rode Sophia, Handelsmatur,Rode Sophia, , , ,Rode,Sophia,s.rode@mail.xyz, 
stefanie.puschmann,User,Stefanie Puschmann, Sekundar extern,Stefanie Puschmann, , , ,Puschmann,Stefanie,s.puschmann@mail.xyz, 
stefanie.salewski,User,Salewski Stefanie, Oberstufe extern,Salewski Stefanie, , , ,Salewski,Stefanie,keineMailAddy, 
stina.renate,User,Stina Renate, deaktiviert,Stina Renate, , , ,Renate,Stina,s.renate@mail.xyz, 
sve.rei,User,Sven Reinelt, Oberstufe - Matur,Sven Reinelt, , , ,Reinelt,Sven,sven.reinelt@mail.xyz, 
sven.schmied,User,Sven Schmied, Sekundar extern,Sven Schmied, , , ,Schmied,Sven,sven.schmied@mail.xyz, 
tabea.reimann,User,Reimann Tabea, Oberstufe extern,Reimann Tabea, , , ,Reimann,Tabea,tabea.reimann@mail.xyz, 
tabea.schwager,User,Tabea Schwager, Sekundar extern,Tabea Schwager, , , ,Schwager,Tabea,t.schwager@mail.xyz, 
tanja.scheel,User,Tanja Scheel, Sekundar extern,Tanja Scheel, , , ,Scheel,Tanja,t.scheel@mail.xyz, 
tara.reyes,User,Reyes Tara, Oberstufe extern,Reyes Tara, , , ,Reyes,Tara,keineMailAddy, 
tho.sch,User,Thorsten Schuetze, Oberstufe - Matur,Thorsten Schuetze, , , ,Schuetze,Thorsten,t.schuetze@mail.xyz, 
thomas.rupprecht,User,Thomas Rupprecht, Sekundar extern,Thomas Rupprecht, , , ,Rupprecht,Thomas,keineMailAddy, 
til.pross,User,Til Pross, Sekundar extern,Til Pross, , , ,Pross,Til,keineMailAddy, 
timm.powell,User,Timm Powell, deaktiviert,Timm Powell, , , ,Powell,Timm,t.powell@mail.xyz, 
timon.schuetz,User,Timon Schuetz, Sekundar extern,Timon Schuetz, , , ,Schuetz,Timon,t.schuetz@mail.xyz, 
timon.schulze,User,Timon Schulze, Sekundar extern,Timon Schulze, , , ,Schulze,Timon,t.schulze@mail.xyz, 
tob.rei,User,Tobias Reimer, Oberstufe - Matur,Tobias Reimer, , , ,Reimer,Tobias,keineMailAddy, 
tob.sch,User,Tobias Schnell, Oberstufe - Matur,Tobias Schnell, , , ,Schnell,Tobias,t.schnell@mail.xyz, 
tomas.schwartz,User,Tomas Schwartz, deaktiviert,Tomas Schwartz, , , ,Schwartz,Tomas,t.schwartz@mail.xyz, 
tore.reimer,User,Reimer Tore, Oberstufe extern,Reimer Tore, , , ,Reimer,Tore,keineMailAddy, 
torsten.schwarzbach,User,Schwarzbach Torsten, Handelsmatur,Schwarzbach Torsten, , , ,Schwarzbach,Torsten,t.schwarzbach@mail.xyz, 
ulrike.porter,User,Porter Ulrike, Handelsmatur,Porter Ulrike, , , ,Porter,Ulrike,keineMailAddy, 
van.rei,User,Vanessa Reichert, Oberstufe - Matur,Vanessa Reichert, , , ,Reichert,Vanessa,vanessa.reichert@mail.xyz, 
viktoria.reinhart,User,Viktoria Reinhart, deaktiviert,Viktoria Reinhart, , , ,Reinhart,Viktoria,v.reinhart@mail.xyz, 
viktoria.schalk,User,Viktoria Schalk, deaktiviert,Viktoria Schalk, , , ,Schalk,Viktoria,v.schalk@mail.xyz, 
viktoria.schirmer,User,Viktoria Schirmer, deaktiviert,Viktoria Schirmer, , , ,Schirmer,Viktoria,viktoria.schirmer@mail.xyz, 
walther.schaffer,User,Schaffer Walther, Handelsmatur,Schaffer Walther, , , ,Schaffer,Walther,keineMailAddy, 
walther.schaffner,User,Schaffner Walther, Handelsmatur,Schaffner Walther, , , ,Schaffner,Walther,keineMailAddy, 
waltraut.saunders,User,Saunders Waltraut, Oberstufe extern,Saunders Waltraut, , , ,Saunders,Waltraut,waltraut.saunders@mail.xyz, 
xenia.reimers,User,Reimers Xenia, Oberstufe extern,Reimers Xenia, , , ,Reimers,Xenia,xenia.reimers@mail.xyz, 
xenia.schaller,User,Xenia Schaller, Sekundar extern,Xenia Schaller, , , ,Schaller,Xenia,keineMailAddy, 
yannick.rach,User,Yannick Rach, deaktiviert,Yannick Rach, , , ,Rach,Yannick,yannick.rach@mail.xyz, 
yannis.rabe,User,Rabe Yannis, Oberstufe extern,Rabe Yannis, , , ,Rabe,Yannis,yannis.rabe@mail.xyz, 
yasmin.sautter,User,Yasmin Sautter, Sekundar extern,Yasmin Sautter, , , ,Sautter,Yasmin,keineMailAddy, 
yvonne.scheel,User,Scheel Yvonne, Oberstufe extern,Scheel Yvonne, , , ,Scheel,Yvonne,keineMailAddy, 
zoé.ralf,User,Zoé Ralf, Lehrer Gym,Zoé Ralf, , , ,Ralf,Zoé,zoe.ralf@mail.xyz, 
