Name,Type,Description,Display Name,E-Mail Address,Company,Job Title,Last Name,First Name,User Logon Name,Department
aar.har,User,Aaron Harris, Oberstufe - Matur,Aaron Harris, , , ,Harris,Aaron,a.harris@mail.xyz, 
aaron.fauser,User,Aaron Fauser, Sekundar,Aaron Fauser, , , ,Fauser,Aaron,keineMailAddy, 
aileen.ernst,User,Aileen Ernst, Sekundar,Aileen Ernst, , , ,Ernst,Aileen,aileen.ernst@mail.xyz, 
aileen.friedrichs,User,Aileen Friedrichs, Sekundar,Aileen Friedrichs, , , ,Friedrichs,Aileen,a.friedrichs@mail.xyz, 
alexandra.feldmann,User,Alexandra Feldmann, Sekundar,Alexandra Feldmann, , , ,Feldmann,Alexandra,a.feldmann@mail.xyz, 
alexandra.geist,User,Alexandra Geist, Sekundar,Alexandra Geist, , , ,Geist,Alexandra,a.geist@mail.xyz, 
aleyna.fahr,User,Aleyna Fahr, Sekundar,Aleyna Fahr, , , ,Fahr,Aleyna,aleyna.fahr@mail.xyz, 
alfred.durchstechen,User,Alfred Durchstechen, Sekundar,Alfred Durchstechen, , , ,Durchstechen,Alfred,alfred.durchstechen@mail.xyz, 
ali.frisch,User,Ali Frisch, Sekundar,Ali Frisch, , , ,Frisch,Ali,a.frisch@mail.xyz, 
ali.har,User,Alissa Hartl, Oberstufe - Matur,Alissa Hartl, , , ,Hartl,Alissa,keineMailAddy, 
alina.diaz,User,Alina Diaz, Sekundar,Alina Diaz, , , ,Diaz,Alina,alina.diaz@mail.xyz, 
alina.gehrig,User,Alina Gehrig, Sekundar,Alina Gehrig, , , ,Gehrig,Alina,alina.gehrig@mail.xyz, 
alissa.eibl,User,Alissa Eibl, Sekundar,Alissa Eibl, , , ,Eibl,Alissa,alissa.eibl@mail.xyz, 
alyssa.eichhorn,User,Alyssa Eichhorn, Sekundar,Alyssa Eichhorn, , , ,Eichhorn,Alyssa,alyssa.eichhorn@mail.xyz, 
alyssa.gibbs,User,Alyssa Gibbs, Sekundar,Alyssa Gibbs, , , ,Gibbs,Alyssa,alyssa.gibbs@mail.xyz, 
alyssa.hall,User,Alyssa Hall, Sekundar extern,Alyssa Hall, , , ,Hall,Alyssa,alyssa.hall@mail.xyz, 
amelie.fuchs,User,Amelie Fuchs, Sekundar,Amelie Fuchs, , , ,Fuchs,Amelie,amelie.fuchs@mail.xyz, 
anabel.douglas,User,Anabel Douglas, Sekundar,Anabel Douglas, , , ,Douglas,Anabel,a.douglas@mail.xyz, 
anabel.ehlert,User,Anabel Ehlert, Sekundar,Anabel Ehlert, , , ,Ehlert,Anabel,a.ehlert@mail.xyz, 
anastasia.franz,User,Anastasia Franz, Sekundar,Anastasia Franz, , , ,Franz,Anastasia,a.franz@mail.xyz, 
andré.harper,User,André Harper, deaktiviert,André Harper, , , ,Harper,André,andre.harper@mail.xyz, 
andrea.frank,User,Andrea Frank, Sekundar,Andrea Frank, , , ,Frank,Andrea,a.frank@mail.xyz, 
andrea.hantke,User,Hantke Andrea, Oberstufe extern,Hantke Andrea, , , ,Hantke,Andrea,a.hantke@mail.xyz, 
andreas.euler,User,Andreas Euler, Sekundar,Andreas Euler, , , ,Euler,Andreas,a.euler@mail.xyz, 
andreas.haehnel,User,Andreas Haehnel, Sekundar extern,Andreas Haehnel, , , ,Haehnel,Andreas,andreas.haehnel@mail.xyz, 
anette.hanson,User,Anette Hanson, deaktiviert,Anette Hanson, , , ,Hanson,Anette,anette.hanson@mail.xyz, 
angela.hauser,User,Angela Hauser, Sekundar extern,Angela Hauser, , , ,Hauser,Angela,keineMailAddy, 
anica.ebert,User,Anica Ebert, Sekundar,Anica Ebert, , , ,Ebert,Anica,a.ebert@mail.xyz, 
ann.haffner,User,Ann Haffner, deaktiviert,Ann Haffner, , , ,Haffner,Ann,a.haffner@mail.xyz, 
ann.har,User,Anne Harvey, Oberstufe - Matur,Anne Harvey, , , ,Harvey,Anne,keineMailAddy, 
annabel.heck,User,Heck Annabel, Oberstufe extern,Heck Annabel, , , ,Heck,Annabel,a.heck@mail.xyz, 
annalena.haegele,User,Annalena Haegele, deaktiviert,Annalena Haegele, , , ,Haegele,Annalena,keineMailAddy, 
anne.dieckmann,User,Anne Dieckmann, Sekundar,Anne Dieckmann, , , ,Dieckmann,Anne,keineMailAddy, 
annica.fleischmann,User,Annica Fleischmann, Sekundar,Annica Fleischmann, , , ,Fleischmann,Annica,a.fleischmann@mail.xyz, 
annika.geier,User,Annika Geier, Sekundar,Annika Geier, , , ,Geier,Annika,annika.geier@mail.xyz, 
annika.gutjahr,User,Annika Gutjahr, deaktiviert,Annika Gutjahr, , , ,Gutjahr,Annika,annika.gutjahr@mail.xyz, 
anouk.harvey,User,Harvey Anouk, Oberstufe extern,Harvey Anouk, , , ,Harvey,Anouk,a.harvey@mail.xyz, 
ant.hae,User,Antonia Haehnel, Oberstufe - Matur,Antonia Haehnel, , , ,Haehnel,Antonia,a.haehnel@mail.xyz, 
anton.dietz,User,Anton Dietz, Sekundar,Anton Dietz, , , ,Dietz,Anton,anton.dietz@mail.xyz, 
aylin.ernst,User,Aylin Ernst, Sekundar,Aylin Ernst, , , ,Ernst,Aylin,aylin.ernst@mail.xyz, 
beate.eckert,User,Beate Eckert, Sekundar,Beate Eckert, , , ,Eckert,Beate,b.eckert@mail.xyz, 
beate.gaebler,User,Beate Gaebler, Sekundar,Beate Gaebler, , , ,Gaebler,Beate,beate.gaebler@mail.xyz, 
ben.gottwald,User,Ben Gottwald, Sekundar,Ben Gottwald, , , ,Gottwald,Ben,b.gottwald@mail.xyz, 
bennet.douglas,User,Bennet Douglas, Sekundar,Bennet Douglas, , , ,Douglas,Bennet,b.douglas@mail.xyz, 
bennett.groth,User,Groth Bennett, Lehrer Handel,Groth Bennett, , , ,Groth,Bennett,bennett.groth@mail.xyz, 
bernd.ehrlich,User,Ehrlich Bernd, Lehrer Handel,Ehrlich Bernd, , , ,Ehrlich,Bernd,keineMailAddy, 
bernd.haake,User,Haake Bernd, Lehrer Handel,Haake Bernd, , , ,Haake,Bernd,bernd.haake@mail.xyz, 
bernhard.eden,User,Eden Bernhard, Lehrer Handel,Eden Bernhard, , , ,Eden,Bernhard,b.eden@mail.xyz, 
bernt.eckardt,User,Bernt Eckardt, Sekundar,Bernt Eckardt, , , ,Eckardt,Bernt,b.eckardt@mail.xyz, 
bernt.elliott,User,Bernt Elliott, Sekundar,Bernt Elliott, , , ,Elliott,Bernt,b.elliott@mail.xyz, 
birgit.hass,User,Birgit Hass, Sekundar extern,Birgit Hass, , , ,Hass,Birgit,b.hass@mail.xyz, 
bjoern.fischer,User,Bjoern Fischer, Sekundar,Bjoern Fischer, , , ,Fischer,Bjoern,keineMailAddy, 
bjoern.glueck,User,Bjoern Glueck, Sekundar,Bjoern Glueck, , , ,Glueck,Bjoern,keineMailAddy, 
brigitte.felder,User,Brigitte Felder, Sekundar,Brigitte Felder, , , ,Felder,Brigitte,keineMailAddy, 
britta.frey,User,Britta Frey, Sekundar,Britta Frey, , , ,Frey,Britta,keineMailAddy, 
britta.haynes,User,Haynes Britta, Handelsmatur,Haynes Britta, , , ,Haynes,Britta,britta.haynes@mail.xyz, 
can.dopler,User,Can Dopler, Sekundar,Can Dopler, , , ,Dopler,Can,keineMailAddy, 
car.hab,User,Carin Haberland, Oberstufe - Matur,Carin Haberland, , , ,Haberland,Carin,keineMailAddy, 
carin.harder,User,Harder Carin, Handelsmatur,Harder Carin, , , ,Harder,Carin,carin.harder@mail.xyz, 
carl.farmer,User,Carl Farmer, Sekundar,Carl Farmer, , , ,Farmer,Carl,carl.farmer@mail.xyz, 
carl.gall,User,Carl Gall, Sekundar,Carl Gall, , , ,Gall,Carl,keineMailAddy, 
carl.gerken,User,Carl Gerken, Sekundar,Carl Gerken, , , ,Gerken,Carl,c.gerken@mail.xyz, 
carolin.doll,User,Carolin Doll, Sekundar,Carolin Doll, , , ,Doll,Carolin,c.doll@mail.xyz, 
carolin.gallus,User,Carolin Gallus, Sekundar,Carolin Gallus, , , ,Gallus,Carolin,carolin.gallus@mail.xyz, 
carolin.hass,User,C. H., Verwaltung,C. H., , , ,Hass,Carolin,carolin.hass@mail.xyz, 
catharina.edler,User,Catharina Edler, Sekundar,Catharina Edler, , , ,Edler,Catharina,c.edler@mail.xyz, 
cedric.graham,User,Cedric Graham, Sekundar,Cedric Graham, , , ,Graham,Cedric,c.graham@mail.xyz, 
cedrik.gerhard,User,Cedrik Gerhard, Sekundar,Cedrik Gerhard, , , ,Gerhard,Cedrik,keineMailAddy, 
cedrik.geyer,User,Cedrik Geyer, Sekundar,Cedrik Geyer, , , ,Geyer,Cedrik,cedrik.geyer@mail.xyz, 
celina.fuchs,User,Celina Fuchs, Sekundar,Celina Fuchs, , , ,Fuchs,Celina,c.fuchs@mail.xyz, 
celine.ehrhardt,User,Celine Ehrhardt, Sekundar,Celine Ehrhardt, , , ,Ehrhardt,Celine,c.ehrhardt@mail.xyz, 
celine.gall,User,Celine Gall, Sekundar,Celine Gall, , , ,Gall,Celine,c.gall@mail.xyz, 
chantal.fletcher,User,Chantal Fletcher, Sekundar,Chantal Fletcher, , , ,Fletcher,Chantal,keineMailAddy, 
chantale.harrington,User,Harrington Chantale, Handelsmatur,Harrington Chantale, , , ,Harrington,Chantale,keineMailAddy, 
chi.gut,User,Chiara Gutzeit, Oberstufe - Matur,Chiara Gutzeit, , , ,Gutzeit,Chiara,c.gutzeit@mail.xyz, 
chr.ham,User,Christoph Hammer, Oberstufe - Matur,Christoph Hammer, , , ,Hammer,Christoph,keineMailAddy, 
chris.gottwald,User,Chris Gottwald, Sekundar,Chris Gottwald, , , ,Gottwald,Chris,c.gottwald@mail.xyz, 
christa.fenske,User,Christa Fenske, Sekundar,Christa Fenske, , , ,Fenske,Christa,christa.fenske@mail.xyz, 
christa.fiedler,User,Christa Fiedler, Sekundar,Christa Fiedler, , , ,Fiedler,Christa,keineMailAddy, 
christa.grimm,User,Christa Grimm, Sekundar,Christa Grimm, , , ,Grimm,Christa,c.grimm@mail.xyz, 
christel.gerner,User,Christel Gerner, Sekundar,Christel Gerner, , , ,Gerner,Christel,c.gerner@mail.xyz, 
christine.dopler,User,Christine Dopler, Sekundar,Christine Dopler, , , ,Dopler,Christine,c.dopler@mail.xyz, 
christoph.gottschalk,User,Christoph Gottschalk, Sekundar,Christoph Gottschalk, , , ,Gottschalk,Christoph,christoph.gottschalk@mail.xyz, 
christoph.hackl,User,Hackl Christoph, Oberstufe extern,Hackl Christoph, , , ,Hackl,Christoph,christoph.hackl@mail.xyz, 
claas.fehrenbach,User,Claas Fehrenbach, Sekundar,Claas Fehrenbach, , , ,Fehrenbach,Claas,c.fehrenbach@mail.xyz, 
claas.finke,User,Claas Finke, Sekundar,Claas Finke, , , ,Finke,Claas,c.finke@mail.xyz, 
claas.hammer,User,Hammer Claas, Handelsmatur,Hammer Claas, , , ,Hammer,Claas,claas.hammer@mail.xyz, 
claudia.duerr,User,C. D., Verwaltung,C. D., , , ,Duerr,Claudia,c.duerr@mail.xyz, 
claudia.ehrlich,User,Claudia Ehrlich, Sekundar,Claudia Ehrlich, , , ,Ehrlich,Claudia,c.ehrlich@mail.xyz, 
claus.gehlen,User,Claus Gehlen, Sekundar,Claus Gehlen, , , ,Gehlen,Claus,c.gehlen@mail.xyz, 
clemens.hagedorn,User,Clemens Hagedorn, Sekundar extern,Clemens Hagedorn, , , ,Hagedorn,Clemens,clemens.hagedorn@mail.xyz, 
colin.fauser,User,Colin Fauser, Sekundar,Colin Fauser, , , ,Fauser,Colin,keineMailAddy, 
colin.haak,User,Haak Colin, Handelsmatur,Haak Colin, , , ,Haak,Colin,c.haak@mail.xyz, 
collin.ecker,User,Collin Ecker, Sekundar,Collin Ecker, , , ,Ecker,Collin,collin.ecker@mail.xyz, 
collin.gans,User,Collin Gans, Sekundar,Collin Gans, , , ,Gans,Collin,c.gans@mail.xyz, 
conner.fahl,User,Conner Fahl, Sekundar,Conner Fahl, , , ,Fahl,Conner,keineMailAddy, 
conner.greene,User,Conner Greene, Sekundar,Conner Greene, , , ,Greene,Conner,c.greene@mail.xyz, 
daniel.grosse,User,Daniel Grosse, Sekundar,Daniel Grosse, , , ,Grosse,Daniel,d.grosse@mail.xyz, 
daniela.fahl,User,Daniela Fahl, Sekundar,Daniela Fahl, , , ,Fahl,Daniela,keineMailAddy, 
danny.doppelpunkt,User,Danny Doppelpunkt, Sekundar,Danny Doppelpunkt, , , ,Doppelpunkt,Danny,danny.doppelpunkt@mail.xyz, 
danny.eckhard,User,Danny Eckhard, Sekundar,Danny Eckhard, , , ,Eckhard,Danny,danny.eckhard@mail.xyz, 
denis.gericke,User,Denis Gericke, Sekundar,Denis Gericke, , , ,Gericke,Denis,denis.gericke@mail.xyz, 
dieter.hackenberg,User,Hackenberg Dieter, Oberstufe extern,Hackenberg Dieter, , , ,Hackenberg,Dieter,keineMailAddy, 
dilara.eckhard,User,Dilara Eckhard, Sekundar,Dilara Eckhard, , , ,Eckhard,Dilara,d.eckhard@mail.xyz, 
dirk.dopler,User,Dirk Dopler, Sekundar,Dirk Dopler, , , ,Dopler,Dirk,keineMailAddy, 
doris.fahl,User,Doris Fahl, Sekundar,Doris Fahl, , , ,Fahl,Doris,d.fahl@mail.xyz, 
dustin.habel,User,Dustin Habel, deaktiviert,Dustin Habel, , , ,Habel,Dustin,dustin.habel@mail.xyz, 
elena.hamann,User,Hamann Elena, Handelsmatur,Hamann Elena, , , ,Hamann,Elena,keineMailAddy, 
elke.fleck,User,Elke Fleck, Sekundar,Elke Fleck, , , ,Fleck,Elke,e.fleck@mail.xyz, 
emilia.eckard,User,Emilia Eckard, Sekundar,Emilia Eckard, , , ,Eckard,Emilia,e.eckard@mail.xyz, 
emre.fleischer,User,Emre Fleischer, Sekundar,Emre Fleischer, , , ,Fleischer,Emre,keineMailAddy, 
emre.genz,User,Emre Genz, Sekundar,Emre Genz, , , ,Genz,Emre,emre.genz@mail.xyz, 
emre.hager,User,Hager Emre, Handelsmatur,Hager Emre, , , ,Hager,Emre,keineMailAddy, 
enrico.hackbarth,User,Enrico Hackbarth, Sekundar extern,Enrico Hackbarth, , , ,Hackbarth,Enrico,e.hackbarth@mail.xyz, 
eri.hal,User,Erich Haller, Oberstufe - Matur,Erich Haller, , , ,Haller,Erich,erich.haller@mail.xyz, 
eri.har,User,Erika Hartwig, Oberstufe - Matur,Erika Hartwig, , , ,Hartwig,Erika,e.hartwig@mail.xyz, 
fab.hay,User,Fabio Haynes, Oberstufe - Matur,Fabio Haynes, , , ,Haynes,Fabio,keineMailAddy, 
fabian.fendt,User,Fabian Fendt, Sekundar,Fabian Fendt, , , ,Fendt,Fabian,fabian.fendt@mail.xyz, 
fabian.gomez,User,Fabian Gomez, Sekundar,Fabian Gomez, , , ,Gomez,Fabian,fabian.gomez@mail.xyz, 
fabienne.gerber,User,Fabienne Gerber, Sekundar,Fabienne Gerber, , , ,Gerber,Fabienne,keineMailAddy, 
fel.gue,User,Felix Guenter, Oberstufe - Matur,Felix Guenter, , , ,Guenter,Felix,keineMailAddy, 
felicitas.froehlich,User,Felicitas Froehlich, Sekundar,Felicitas Froehlich, , , ,Froehlich,Felicitas,f.froehlich@mail.xyz, 
filip.falkenberg,User,Filip Falkenberg, Sekundar,Filip Falkenberg, , , ,Falkenberg,Filip,filip.falkenberg@mail.xyz, 
finja.engelhardt,User,Finja Engelhardt, Sekundar,Finja Engelhardt, , , ,Engelhardt,Finja,keineMailAddy, 
finn.freie,User,Finn Freie, Sekundar,Finn Freie, , , ,Freie,Finn,finn.freie@mail.xyz, 
finnja.gomez,User,Finnja Gomez, Sekundar,Finnja Gomez, , , ,Gomez,Finnja,f.gomez@mail.xyz, 
finnja.guerrero,User,Finnja Guerrero, Sekundar,Finnja Guerrero, , , ,Guerrero,Finnja,keineMailAddy, 
florian.ehlers,User,Florian Ehlers, Sekundar,Florian Ehlers, , , ,Ehlers,Florian,florian.ehlers@mail.xyz, 
franz.gebhardt,User,Franz Gebhardt, Sekundar,Franz Gebhardt, , , ,Gebhardt,Franz,franz.gebhardt@mail.xyz, 
frederic.funk,User,Frederic Funk, Sekundar,Frederic Funk, , , ,Funk,Frederic,f.funk@mail.xyz, 
frederic.haller,User,Frederic Haller, Sekundar extern,Frederic Haller, , , ,Haller,Frederic,f.haller@mail.xyz, 
frederik.germann,User,Frederik Germann, Sekundar,Frederik Germann, , , ,Germann,Frederik,f.germann@mail.xyz, 
frieda.ebel,User,Frieda Ebel, Sekundar,Frieda Ebel, , , ,Ebel,Frieda,keineMailAddy, 
frieda.haarmann,User,Haarmann Frieda, Oberstufe extern,Haarmann Frieda, , , ,Haarmann,Frieda,frieda.haarmann@mail.xyz, 
fritz.eckerstein,User,Fritz Eckerstein, Sekundar,Fritz Eckerstein, , , ,Eckerstein,Fritz,f.eckstein@mail.xyz, 
fritz.eckstein,User,Fritz Eckstein, Sekundar,Fritz Eckstein, , , ,Eckstein,Fritz,keineMailAddy, 
fynn.franz,User,Fynn Franz, Sekundar,Fynn Franz, , , ,Franz,Fynn,fynn.franz@mail.xyz, 
fynn.gilbert,User,Fynn Gilbert, Sekundar,Fynn Gilbert, , , ,Gilbert,Fynn,fynn.gilbert@mail.xyz, 
gerd.gray,User,Gerd Gray, Sekundar,Gerd Gray, , , ,Gray,Gerd,keineMailAddy, 
gerhard.gonzalez,User,Gerhard Gonzalez, Sekundar,Gerhard Gonzalez, , , ,Gonzalez,Gerhard,keineMailAddy, 
gisela.diehl,User,Gisela Diehl, Sekundar,Gisela Diehl, , , ,Diehl,Gisela,g.diehl@mail.xyz, 
gudrun.guerrero,User,Gudrun Guerrero, Sekundar,Gudrun Guerrero, , , ,Guerrero,Gudrun,g.guerrero@mail.xyz, 
guenter.eden,User,Guenter Eden, Sekundar,Guenter Eden, , , ,Eden,Guenter,keineMailAddy, 
hanna.eder,User,Hanna Eder, Sekundar,Hanna Eder, , , ,Eder,Hanna,hanna.eder@mail.xyz, 
hannah.eckart,User,Hannah Eckart, Sekundar,Hannah Eckart, , , ,Eckart,Hannah,h.eckart@mail.xyz, 
hannah.foster,User,Hannah Foster, Sekundar,Hannah Foster, , , ,Foster,Hannah,hannah.foster@mail.xyz, 
hannah.garbe,User,Hannah Garbe, Sekundar,Hannah Garbe, , , ,Garbe,Hannah,keineMailAddy, 
hans.fechner,User,Hans Fechner, Sekundar,Hans Fechner, , , ,Fechner,Hans,hans.fechner@mail.xyz, 
harald.grosse,User,Harald Grosse, Sekundar,Harald Grosse, , , ,Grosse,Harald,h.grosse@mail.xyz, 
hartmut.falk,User,Hartmut Falk, Sekundar,Hartmut Falk, , , ,Falk,Hartmut,hartmut.falk@mail.xyz, 
heinrich.fehrenbach,User,Heinrich Fehrenbach, Sekundar,Heinrich Fehrenbach, , , ,Fehrenbach,Heinrich,heinrich.fehrenbach@mail.xyz, 
helene.engel,User,Helene Engel, Sekundar,Helene Engel, , , ,Engel,Helene,helene.engel@mail.xyz, 
helga.duerr,User,Helga Duerr, Sekundar,Helga Duerr, , , ,Duerr,Helga,h.duerr@mail.xyz, 
helmut.feller,User,Helmut Feller, Sekundar,Helmut Feller, , , ,Feller,Helmut,helmut.feller@mail.xyz, 
helmuth.feldhaus,User,Helmuth Feldhaus, Sekundar,Helmuth Feldhaus, , , ,Feldhaus,Helmuth,keineMailAddy, 
helmuth.hardt,User,Hardt Helmuth, Oberstufe extern,Hardt Helmuth, , , ,Hardt,Helmuth,h.hardt@mail.xyz, 
henriette.george,User,Henriette George, Sekundar,Henriette George, , , ,George,Henriette,h.george@mail.xyz, 
henry.ernst,User,Henry Ernst, Sekundar,Henry Ernst, , , ,Ernst,Henry,keineMailAddy, 
henry.fey,User,Henry Fey, Sekundar,Henry Fey, , , ,Fey,Henry,h.fey@mail.xyz, 
henry.fuerst,User,Henry Fuerst, Sekundar,Henry Fuerst, , , ,Fuerst,Henry,keineMailAddy, 
her.hab,User,Hertha Habermann, Oberstufe - Matur,Hertha Habermann, , , ,Habermann,Hertha,h.habermann@mail.xyz, 
hildegard.gabriel,User,Hildegard Gabriel, Sekundar,Hildegard Gabriel, , , ,Gabriel,Hildegard,h.gabriel@mail.xyz, 
holger.ecker,User,Holger Ecker, Sekundar,Holger Ecker, , , ,Ecker,Holger,holger.ecker@mail.xyz, 
holger.hager,User,Holger Hager, deaktiviert,Holger Hager, , , ,Hager,Holger,keineMailAddy, 
hor.haa,User,Horst Haase, Oberstufe - Matur,Horst Haase, , , ,Haase,Horst,horst.haase@mail.xyz, 
horst.fisher,User,Horst Fisher, Sekundar,Horst Fisher, , , ,Fisher,Horst,h.fisher@mail.xyz, 
horst.frank,User,Horst Frank, Sekundar,Horst Frank, , , ,Frank,Horst,horst.frank@mail.xyz, 
ida.ganter,User,Ida Ganter, Sekundar,Ida Ganter, , , ,Ganter,Ida,i.ganter@mail.xyz, 
ida.griffith,User,Ida Griffith, Sekundar,Ida Griffith, , , ,Griffith,Ida,i.griffith@mail.xyz, 
ilse.ford,User,Ilse Ford, Sekundar,Ilse Ford, , , ,Ford,Ilse,i.ford@mail.xyz, 
inge.fenner,User,Inge Fenner, Sekundar,Inge Fenner, , , ,Fenner,Inge,inge.fenner@mail.xyz, 
ingo.gerdes,User,Ingo Gerdes, Sekundar,Ingo Gerdes, , , ,Gerdes,Ingo,ingo.gerdes@mail.xyz, 
irmgard.fahl,User,Irmgard Fahl, Sekundar,Irmgard Fahl, , , ,Fahl,Irmgard,irmgard.fahl@mail.xyz, 
irmgart.dieckmann,User,Irmgart Dieckmann, Sekundar,Irmgart Dieckmann, , , ,Dieckmann,Irmgart,i.dieckmann@mail.xyz, 
irmgart.falkenberg,User,Irmgart Falkenberg, Sekundar,Irmgart Falkenberg, , , ,Falkenberg,Irmgart,i.falkenberg@mail.xyz, 
isabel.fenner,User,Isabel Fenner, Sekundar,Isabel Fenner, , , ,Fenner,Isabel,i.fenner@mail.xyz, 
isabel.giese,User,Isabel Giese, Sekundar,Isabel Giese, , , ,Giese,Isabel,isabel.giese@mail.xyz, 
isabella.graves,User,Isabella Graves, Sekundar,Isabella Graves, , , ,Graves,Isabella,isabella.graves@mail.xyz, 
isabelle.haberland,User,Isabelle Haberland, Sekundar extern,Isabelle Haberland, , , ,Haberland,Isabelle,isabelle.haberland@mail.xyz, 
jacob.faust,User,Jacob Faust, Sekundar,Jacob Faust, , , ,Faust,Jacob,j.faust@mail.xyz, 
jacqueline.gehrke,User,Jacqueline Gehrke, Sekundar,Jacqueline Gehrke, , , ,Gehrke,Jacqueline,keineMailAddy, 
jakob.eberspaecher,User,Jakob Eberspaecher, Sekundar,Jakob Eberspaecher, , , ,Eberspaecher,Jakob,j.eberspaecher@mail.xyz, 
jamie.eckart,User,Jamie Eckart, Sekundar,Jamie Eckart, , , ,Eckart,Jamie,jamie.eckart@mail.xyz, 
jamie.egner,User,Jamie Egner, Sekundar,Jamie Egner, , , ,Egner,Jamie,jamie.egner@mail.xyz, 
jan.grosse,User,Jan Grosse, Sekundar,Jan Grosse, , , ,Grosse,Jan,jan.grosse@mail.xyz, 
jan.guerrero,User,Jan Guerrero, Sekundar,Jan Guerrero, , , ,Guerrero,Jan,j.guerrero@mail.xyz, 
jana.falter,User,Jana Falter, Sekundar,Jana Falter, , , ,Falter,Jana,keineMailAddy, 
jana.grossmann,User,Jana Grossmann, Sekundar,Jana Grossmann, , , ,Grossmann,Jana,j.grossmann@mail.xyz, 
janine.esser,User,Janine Esser, Sekundar,Janine Esser, , , ,Esser,Janine,j.esser@mail.xyz, 
janine.gibson,User,Janine Gibson, Sekundar,Janine Gibson, , , ,Gibson,Janine,keineMailAddy, 
jannes.engelhardt,User,Jannes Engelhardt, Sekundar,Jannes Engelhardt, , , ,Engelhardt,Jannes,keineMailAddy, 
jannis.glocke,User,Jannis Glocke, Sekundar,Jannis Glocke, , , ,Glocke,Jannis,jannis.glocke@mail.xyz, 
jaqueline.fassbender,User,Jaqueline Fassbender, Sekundar,Jaqueline Fassbender, , , ,Fassbender,Jaqueline,j.fassbender@mail.xyz, 
jasmin.gesund,User,Jasmin Gesund, Sekundar,Jasmin Gesund, , , ,Gesund,Jasmin,jasmin.gesund@mail.xyz, 
jason.gessler,User,Jason Gessler, Sekundar,Jason Gessler, , , ,Gessler,Jason,j.gessler@mail.xyz, 
jasper.ehlert,User,Jasper Ehlert, Sekundar,Jasper Ehlert, , , ,Ehlert,Jasper,j.ehlert@mail.xyz, 
jennifer.flores,User,Jennifer Flores, Sekundar,Jennifer Flores, , , ,Flores,Jennifer,j.flores@mail.xyz, 
jenny.hartwig,User,Jenny Hartwig, Sekundar extern,Jenny Hartwig, , , ,Hartwig,Jenny,j.hartwig@mail.xyz, 
jens.girard,User,Jens Girard, Sekundar,Jens Girard, , , ,Girard,Jens,j.girard@mail.xyz, 
jens.hafner,User,Jens Hafner, deaktiviert,Jens Hafner, , , ,Hafner,Jens,j.hafner@mail.xyz, 
jessica.gottwald,User,Jessica Gottwald, Sekundar,Jessica Gottwald, , , ,Gottwald,Jessica,keineMailAddy, 
jette.funk,User,Jette Funk, Sekundar,Jette Funk, , , ,Funk,Jette,j.funk@mail.xyz, 
jette.hammond,User,Jette Hammond, Sekundar extern,Jette Hammond, , , ,Hammond,Jette,jette.hammond@mail.xyz, 
jil.gerling,User,Jil Gerling, Sekundar,Jil Gerling, , , ,Gerling,Jil,j.gerling@mail.xyz, 
joachim.fleischer,User,Joachim Fleischer, Sekundar,Joachim Fleischer, , , ,Fleischer,Joachim,keineMailAddy, 
joana.drechsler,User,Joana Drechsler, Sekundar,Joana Drechsler, , , ,Drechsler,Joana,joana.drechsler@mail.xyz, 
joel.gebauer,User,Joel Gebauer, Sekundar,Joel Gebauer, , , ,Gebauer,Joel,joel.gebauer@mail.xyz, 
joern.erickson,User,Joern Erickson, Sekundar,Joern Erickson, , , ,Erickson,Joern,j.erickson@mail.xyz, 
joern.gehrig,User,Joern Gehrig, Sekundar,Joern Gehrig, , , ,Gehrig,Joern,joern.gehrig@mail.xyz, 
johann.geis,User,Johann Geis, Sekundar,Johann Geis, , , ,Geis,Johann,johann.geis@mail.xyz, 
johann.greene,User,Johann Greene, Sekundar,Johann Greene, , , ,Greene,Johann,johann.greene@mail.xyz, 
john.hafner,User,John Hafner, deaktiviert,John Hafner, , , ,Hafner,John,john.hafner@mail.xyz, 
jol.han,User,Jolina Hansen, Oberstufe - Matur,Jolina Hansen, , , ,Hansen,Jolina,j.hansen@mail.xyz, 
jol.hanso,User,Jolina Hansons, Oberstufe - Matur,Jolina Hansons, , , ,Hansons,Jolina,keineMailAddy, 
jonah.gibson,User,Jonah Gibson, Sekundar,Jonah Gibson, , , ,Gibson,Jonah,jonah.gibson@mail.xyz, 
jonah.guzman,User,Jonah Guzman, deaktiviert,Jonah Guzman, , , ,Guzman,Jonah,jonah.guzman@mail.xyz, 
jonas.fricke,User,Jonas Fricke, Sekundar,Jonas Fricke, , , ,Fricke,Jonas,keineMailAddy, 
joy.feiler,User,Joy Feiler, Sekundar,Joy Feiler, , , ,Feiler,Joy,j.feiler@mail.xyz, 
judith.fauser,User,Judith Fauser, Sekundar,Judith Fauser, , , ,Fauser,Judith,j.fauser@mail.xyz, 
judith.fleck,User,Judith Fleck, Sekundar,Judith Fleck, , , ,Fleck,Judith,judith.fleck@mail.xyz, 
judith.graf,User,Judith Graf, Sekundar,Judith Graf, , , ,Graf,Judith,keineMailAddy, 
juergen.fitzgerald,User,Juergen Fitzgerald, Sekundar,Juergen Fitzgerald, , , ,Fitzgerald,Juergen,juergen.fitzgerald@mail.xyz, 
jule.friedrichs,User,Jule Friedrichs, Sekundar,Jule Friedrichs, , , ,Friedrichs,Jule,j.friedrichs@mail.xyz, 
julia.geier,User,Julia Geier, Sekundar,Julia Geier, , , ,Geier,Julia,julia.geier@mail.xyz, 
julia.hackel,User,Hackel Julia, Handelsmatur,Hackel Julia, , , ,Hackel,Julia,julia.hackel@mail.xyz, 
julian.gerdes,User,Julian Gerdes, Sekundar,Julian Gerdes, , , ,Gerdes,Julian,julian.gerdes@mail.xyz, 
julien.endres,User,Julien Endres, Sekundar,Julien Endres, , , ,Endres,Julien,julien.endres@mail.xyz, 
juri.elsner,User,Juri Elsner, Sekundar,Juri Elsner, , , ,Elsner,Juri,j.elsner@mail.xyz, 
justin.ebinger,User,Justin Ebinger, Sekundar,Justin Ebinger, , , ,Ebinger,Justin,justin.ebinger@mail.xyz, 
justin.greene,User,Justin Greene, Sekundar,Justin Greene, , , ,Greene,Justin,keineMailAddy, 
kaja.gass,User,Kaja Gass, Sekundar,Kaja Gass, , , ,Gass,Kaja,kaja.gass@mail.xyz, 
kar.hae,User,Karolina Haeussler, Oberstufe - Matur,Karolina Haeussler, , , ,Haeussler,Karolina,k.haeussler@mail.xyz, 
kar.hec,User,Karlotta Heckmann, Oberstufe - Matur,Karlotta Heckmann, , , ,Heckmann,Karlotta,k.heckmann@mail.xyz, 
karin.ebeling,User,Karin Ebeling, Sekundar,Karin Ebeling, , , ,Ebeling,Karin,karin.ebeling@mail.xyz, 
karin.enders,User,Karin Enders, Sekundar,Karin Enders, , , ,Enders,Karin,karin.enders@mail.xyz, 
karl.falk,User,Karl Falk, Sekundar,Karl Falk, , , ,Falk,Karl,karl.falk@mail.xyz, 
karla.dreyer,User,Karla Dreyer, Sekundar,Karla Dreyer, , , ,Dreyer,Karla,karla.dreyer@mail.xyz, 
karla.fritz,User,Karla Fritz, Sekundar,Karla Fritz, , , ,Fritz,Karla,karla.fritz@mail.xyz, 
karla.geiss,User,Karla Geiss, Sekundar,Karla Geiss, , , ,Geiss,Karla,k.geiss@mail.xyz, 
karlo.faerber,User,Karlo Faerber, Sekundar,Karlo Faerber, , , ,Faerber,Karlo,karlo.faerber@mail.xyz, 
karlo.gutierrez,User,Gutierrez Karlo, Handelsmatur,Gutierrez Karlo, , , ,Gutierrez,Karlo,karlo.gutierrez@mail.xyz, 
karlo.haffner,User,Haffner Karlo, Oberstufe extern,Haffner Karlo, , , ,Haffner,Karlo,k.haffner@mail.xyz, 
karsten.dietrich,User,Karsten Dietrich, Sekundar,Karsten Dietrich, , , ,Dietrich,Karsten,karsten.dietrich@mail.xyz, 
kathrin.geppert,User,Kathrin Geppert, Sekundar,Kathrin Geppert, , , ,Geppert,Kathrin,keineMailAddy, 
kay.grieche,User,Kay Grieche, Sekundar,Kay Grieche, , , ,Grieche,Kay,k.grieche@mail.xyz, 
kerstin.eberhard,User,Kerstin Eberhard, Sekundar,Kerstin Eberhard, , , ,Eberhard,Kerstin,k.eberhard@mail.xyz, 
kerstin.haid,User,Haid Kerstin, Oberstufe extern,Haid Kerstin, , , ,Haid,Kerstin,k.haid@mail.xyz, 
kevin.haeberle,User,Kevin Haeberle, deaktiviert,Kevin Haeberle, , , ,Haeberle,Kevin,keineMailAddy, 
kiara.harmon,User,Kiara Harmon, deaktiviert,Kiara Harmon, , , ,Harmon,Kiara,k.harmon@mail.xyz, 
kim.gerlach,User,Kim Gerlach, Sekundar,Kim Gerlach, , , ,Gerlach,Kim,kim.gerlach@mail.xyz, 
kimberley.haberl,User,Kimberley Haberl, deaktiviert,Kimberley Haberl, , , ,Haberl,Kimberley,k.haberl@mail.xyz, 
kir.haa,User,Kira Haack, Oberstufe - Matur,Kira Haack, , , ,Haack,Kira,kira.haack@mail.xyz, 
kjell.eberhard,User,Kjell Eberhard, Sekundar,Kjell Eberhard, , , ,Eberhard,Kjell,k.eberhard@mail.xyz, 
kjell.fritsche,User,Kjell Fritsche, Sekundar,Kjell Fritsche, , , ,Fritsche,Kjell,kjell.fritsche@mail.xyz, 
klaas.eckstein,User,Klaas Eckstein, Sekundar,Klaas Eckstein, , , ,Eckstein,Klaas,k.eckstein@mail.xyz, 
klara.freund,User,Klara Freund, Sekundar,Klara Freund, , , ,Freund,Klara,keineMailAddy, 
klaudia.haynes,User,Klaudia Haynes, deaktiviert,Klaudia Haynes, , , ,Haynes,Klaudia,klaudia.haynes@mail.xyz, 
klaus.geiser,User,Klaus Geiser, Sekundar,Klaus Geiser, , , ,Geiser,Klaus,klaus.geiser@mail.xyz, 
klemens.geissler,User,Klemens Geissler, Sekundar,Klemens Geissler, , , ,Geissler,Klemens,k.geissler@mail.xyz, 
konstantin.gilbert,User,Konstantin Gilbert, Sekundar,Konstantin Gilbert, , , ,Gilbert,Konstantin,konstantin.gilbert@mail.xyz, 
krista.hammond,User,Krista Hammond, Sekundar extern,Krista Hammond, , , ,Hammond,Krista,k.hammond@mail.xyz, 
kristina.gutsche,User,Kristina Gutsche, deaktiviert,Kristina Gutsche, , , ,Gutsche,Kristina,k.gutsche@mail.xyz, 
kristine.gehring,User,Kristine Gehring, Sekundar,Kristine Gehring, , , ,Gehring,Kristine,kristine.gehring@mail.xyz, 
laila.hamann,User,Laila Hamann, deaktiviert,Laila Hamann, , , ,Hamann,Laila,laila.hamann@mail.xyz, 
lar.haf,User,Lara Hafner, Oberstufe - Matur,Lara Hafner, , , ,Hafner,Lara,keineMailAddy, 
lara.gilbert,User,Lara Gilbert, Sekundar,Lara Gilbert, , , ,Gilbert,Lara,keineMailAddy, 
lara.hafner,User,Lara Hafner, Sekundar extern,Lara Hafner, , , ,Hafner,Lara,keineMailAddy, 
lara.hans,User,Hans Lara, Oberstufe extern,Hans Lara, , , ,Hans,Lara,lara.hans@mail.xyz, 
laura.fuchs,User,Laura Fuchs, Sekundar,Laura Fuchs, , , ,Fuchs,Laura,laura.fuchs@mail.xyz, 
laura.glover,User,Laura Glover, Sekundar,Laura Glover, , , ,Glover,Laura,laura.glover@mail.xyz, 
laura.goebel,User,Laura Goebel, Sekundar,Laura Goebel, , , ,Goebel,Laura,laura.goebel@mail.xyz, 
laurens.haeger,User,Haeger Laurens, Handelsmatur,Haeger Laurens, , , ,Haeger,Laurens,l.haeger@mail.xyz, 
laurenz.georg,User,Laurenz Georg, Sekundar,Laurenz Georg, , , ,Georg,Laurenz,l.georg@mail.xyz, 
laurin.drews,User,Laurin Drews, Sekundar,Laurin Drews, , , ,Drews,Laurin,laurin.drews@mail.xyz, 
leander.evans,User,Leander Evans, Sekundar,Leander Evans, , , ,Evans,Leander,l.evans@mail.xyz, 
leander.hardt,User,Hardt Leander, Oberstufe extern,Hardt Leander, , , ,Hardt,Leander,l.hardt@mail.xyz, 
leandro.hawkins,User,Leandro Hawkins, Sekundar extern,Leandro Hawkins, , , ,Hawkins,Leandro,keineMailAddy, 
leif.geyer,User,Leif Geyer, Sekundar,Leif Geyer, , , ,Geyer,Leif,l.geyer@mail.xyz, 
leif.haas,User,Leif Haas, deaktiviert,Leif Haas, , , ,Haas,Leif,l.haas@mail.xyz, 
lene.gutierrez,User,Gutierrez Lene, Handelsmatur,Gutierrez Lene, , , ,Gutierrez,Lene,keineMailAddy, 
lennard.gerth,User,Lennard Gerth, Sekundar,Lennard Gerth, , , ,Gerth,Lennard,lennard.gerth@mail.xyz, 
leonardo.falk,User,Leonardo Falk, Sekundar,Leonardo Falk, , , ,Falk,Leonardo,keineMailAddy, 
leonardo.fox,User,Leonardo Fox, Sekundar,Leonardo Fox, , , ,Fox,Leonardo,keineMailAddy, 
lewin.gross,User,Lewin Gross, Sekundar,Lewin Gross, , , ,Gross,Lewin,l.gross@mail.xyz, 
lewin.haberland,User,Haberland Lewin, Handelsmatur,Haberland Lewin, , , ,Haberland,Lewin,l.haberland@mail.xyz, 
liam.ehrlich,User,Liam Ehrlich, Sekundar,Liam Ehrlich, , , ,Ehrlich,Liam,l.ehrlich@mail.xyz, 
lieselotte.drechsler,User,Lieselotte Drechsler, Sekundar,Lieselotte Drechsler, , , ,Drechsler,Lieselotte,lieselotte.drechsler@mail.xyz, 
lina.edler,User,Lina Edler, Sekundar,Lina Edler, , , ,Edler,Lina,keineMailAddy, 
lina.fahr,User,Lina Fahr, Sekundar,Lina Fahr, , , ,Fahr,Lina,keineMailAddy, 
linda.hafner,User,Linda Hafner, Sekundar extern,Linda Hafner, , , ,Hafner,Linda,l.hafner@mail.xyz, 
linus.gilbert,User,Linus Gilbert, Sekundar,Linus Gilbert, , , ,Gilbert,Linus,linus.gilbert@mail.xyz, 
lisa.gerth,User,Lisa Gerth, Sekundar,Lisa Gerth, , , ,Gerth,Lisa,lisa.gerth@mail.xyz, 
liv.fassbender,User,Liv Fassbender, Sekundar,Liv Fassbender, , , ,Fassbender,Liv,l.fassbender@mail.xyz, 
lotta.doll,User,Lotta Doll, Sekundar,Lotta Doll, , , ,Doll,Lotta,lotta.doll@mail.xyz, 
louis.fauser,User,Louis Fauser, Sekundar,Louis Fauser, , , ,Fauser,Louis,l.fauser@mail.xyz, 
louis.hausmann,User,L. H., Verwaltung,L. H., , , ,Hausmann,Louis,louis.hausmann@mail.xyz, 
louisa.drews,User,Louisa Drews, Sekundar,Louisa Drews, , , ,Drews,Louisa,l.drews@mail.xyz, 
luc.ernst,User,Luc Ernst, Sekundar,Luc Ernst, , , ,Ernst,Luc,luc.ernst@mail.xyz, 
luc.han,User,Lucie Hantke, Oberstufe - Matur,Lucie Hantke, , , ,Hantke,Lucie,l.hantke@mail.xyz, 
lucie.gellert,User,Lucie Gellert, Sekundar,Lucie Gellert, , , ,Gellert,Lucie,keineMailAddy, 
luisa.guerrero,User,Luisa Guerrero, Sekundar,Luisa Guerrero, , , ,Guerrero,Luisa,l.guerrero@mail.xyz, 
luk.flame,User,Luk Flame, Sekundar,Luk Flame, , , ,Flame,Luk,luk.flame@mail.xyz, 
luk.gerth,User,Luk Gerth, Sekundar,Luk Gerth, , , ,Gerth,Luk,keineMailAddy, 
luka.edler,User,Luka Edler, Sekundar,Luka Edler, , , ,Edler,Luka,luka.edler@mail.xyz, 
luka.goodman,User,Luka Goodman, Sekundar,Luka Goodman, , , ,Goodman,Luka,luka.goodman@mail.xyz, 
luka.gottwald,User,Luka Gottwald, Sekundar,Luka Gottwald, , , ,Gottwald,Luka,l.gottwald@mail.xyz, 
lya.fehr,User,Lya Fehr, Sekundar,Lya Fehr, , , ,Fehr,Lya,lya.fehr@mail.xyz, 
lyn.faerber,User,Lyn Faerber, Sekundar,Lyn Faerber, , , ,Faerber,Lyn,lyn.faerber@mail.xyz, 
lyn.gebauer,User,Lyn Gebauer, Sekundar,Lyn Gebauer, , , ,Gebauer,Lyn,l.gebauer@mail.xyz, 
lyn.gonzalez,User,Lyn Gonzalez, Sekundar,Lyn Gonzalez, , , ,Gonzalez,Lyn,keineMailAddy, 
lynn.gilbert,User,Lynn Gilbert, Sekundar,Lynn Gilbert, , , ,Gilbert,Lynn,l.gilbert@mail.xyz, 
magnus.engelhard,User,Magnus Engelhard, Sekundar,Magnus Engelhard, , , ,Engelhard,Magnus,m.engelhard@mail.xyz, 
maike.eberhard,User,Maike Eberhard, Sekundar,Maike Eberhard, , , ,Eberhard,Maike,keineMailAddy, 
mandy.fox,User,Mandy Fox, Sekundar,Mandy Fox, , , ,Fox,Mandy,m.fox@mail.xyz, 
mandy.gabriel,User,Mandy Gabriel, Sekundar,Mandy Gabriel, , , ,Gabriel,Mandy,m.gabriel@mail.xyz, 
manfred.gordon,User,Manfred Gordon, Sekundar,Manfred Gordon, , , ,Gordon,Manfred,manfred.gordon@mail.xyz, 
marc.gaebler,User,Marc Gaebler, Sekundar,Marc Gaebler, , , ,Gaebler,Marc,keineMailAddy, 
marcus.ehrlich,User,Marcus Ehrlich, Sekundar,Marcus Ehrlich, , , ,Ehrlich,Marcus,marcus.ehrlich@mail.xyz, 
marcus.french,User,Marcus French, Sekundar,Marcus French, , , ,French,Marcus,keineMailAddy, 
maren.feist,User,Maren Feist, Sekundar,Maren Feist, , , ,Feist,Maren,keineMailAddy, 
maren.hanisch,User,Hanisch Maren, Oberstufe extern,Hanisch Maren, , , ,Hanisch,Maren,maren.hanisch@mail.xyz, 
margot.fink,User,Margot Fink, Sekundar,Margot Fink, , , ,Fink,Margot,margot.fink@mail.xyz, 
maria.fitzgerald,User,Maria Fitzgerald, Sekundar,Maria Fitzgerald, , , ,Fitzgerald,Maria,maria.fitzgerald@mail.xyz, 
maria.gutierrez,User,Maria Gutierrez, Sekundar extern,Maria Gutierrez, , , ,Gutierrez,Maria,m.gutierrez@mail.xyz, 
maria.hackl,User,Maria Hackl, Sekundar extern,Maria Hackl, , , ,Hackl,Maria,maria.hackl@mail.xyz, 
marianne.eckl,User,Marianne Eckl, Sekundar,Marianne Eckl, , , ,Eckl,Marianne,marianne.eckl@mail.xyz, 
mariella.ganz,User,Mariella Ganz, Sekundar,Mariella Ganz, , , ,Ganz,Mariella,m.ganz@mail.xyz, 
marike.gebhard,User,Marike Gebhard, Sekundar,Marike Gebhard, , , ,Gebhard,Marike,marike.gebhard@mail.xyz, 
marina.glaser,User,Marina Glaser, Sekundar,Marina Glaser, , , ,Glaser,Marina,m.glaser@mail.xyz, 
marina.gomez,User,Marina Gomez, Sekundar,Marina Gomez, , , ,Gomez,Marina,marina.gomez@mail.xyz, 
marion.hahn,User,Marion Hahn, Sekundar extern,Marion Hahn, , , ,Hahn,Marion,m.hahn@mail.xyz, 
marius.hawkins,User,Marius Hawkins, Sekundar extern,Marius Hawkins, , , ,Hawkins,Marius,m.hawkins@mail.xyz, 
mark.fels,User,Mark Fels, Sekundar,Mark Fels, , , ,Fels,Mark,m.fels@mail.xyz, 
marlene.engelhardt,User,Marlene Engelhardt, Sekundar,Marlene Engelhardt, , , ,Engelhardt,Marlene,marlene.engelhardt@mail.xyz, 
marlies.ehrmann,User,Marlies Ehrmann, Sekundar,Marlies Ehrmann, , , ,Ehrmann,Marlies,m.ehrmann@mail.xyz, 
marlies.froehlich,User,Marlies Froehlich, Sekundar,Marlies Froehlich, , , ,Froehlich,Marlies,m.froehlich@mail.xyz, 
marlies.geiss,User,Marlies Geiss, Sekundar,Marlies Geiss, , , ,Geiss,Marlies,marlies.geiss@mail.xyz, 
marlon.gesund,User,Marlon Gesund, Sekundar,Marlon Gesund, , , ,Gesund,Marlon,keineMailAddy, 
marta.euler,User,Marta Euler, Sekundar,Marta Euler, , , ,Euler,Marta,m.euler@mail.xyz, 
martina.fascher,User,Martina Fascher, Sekundar,Martina Fascher, , , ,Fascher,Martina,m.fischer@mail.xyz, 
martina.fischer,User,Martina Fischer, Sekundar,Martina Fischer, , , ,Fischer,Martina,martina.fischer@mail.xyz, 
marvin.dieckmann,User,Marvin Dieckmann, Sekundar,Marvin Dieckmann, , , ,Dieckmann,Marvin,keineMailAddy, 
mathias.fett,User,Mathias Fett, Sekundar,Mathias Fett, , , ,Fett,Mathias,m.fett@mail.xyz, 
mathias.glaeser,User,Mathias Glaeser, Sekundar,Mathias Glaeser, , , ,Glaeser,Mathias,m.glaeser@mail.xyz, 
mathis.graf,User,Mathis Graf, Sekundar,Mathis Graf, , , ,Graf,Mathis,m.graf@mail.xyz, 
matilda.dick,User,Matilda Dick, Sekundar,Matilda Dick, , , ,Dick,Matilda,matilda.dick@mail.xyz, 
matthias.gottwald,User,Matthias Gottwald, Sekundar,Matthias Gottwald, , , ,Gottwald,Matthias,keineMailAddy, 
matthias.heckmann,User,Matthias Heckmann, deaktiviert,Matthias Heckmann, , , ,Heckmann,Matthias,m.heckmann@mail.xyz, 
matthis.hartung,User,Hartung Matthis, Handelsmatur,Hartung Matthis, , , ,Hartung,Matthis,m.hartung@mail.xyz, 
mattis.geier,User,Mattis Geier, Sekundar,Mattis Geier, , , ,Geier,Mattis,keineMailAddy, 
maurice.duerr,User,Maurice Duerr, Sekundar,Maurice Duerr, , , ,Duerr,Maurice,maurice.duerr@mail.xyz, 
maxim.faulhaber,User,Maxim Faulhaber, Sekundar,Maxim Faulhaber, , , ,Faulhaber,Maxim,m.faulhaber@mail.xyz, 
maya.gerstner,User,Maya Gerstner, Sekundar,Maya Gerstner, , , ,Gerstner,Maya,keineMailAddy, 
meike.fahl,User,Meike Fahl, Sekundar,Meike Fahl, , , ,Fahl,Meike,keineMailAddy, 
meike.hackel,User,Hackel Meike, Oberstufe extern,Hackel Meike, , , ,Hackel,Meike,meike.hackel@mail.xyz, 
melissa.fiedler,User,Melissa Fiedler, Sekundar,Melissa Fiedler, , , ,Fiedler,Melissa,m.fiedler@mail.xyz, 
merle.gebert,User,Merle Gebert, Sekundar,Merle Gebert, , , ,Gebert,Merle,merle.gebert@mail.xyz, 
michel.gebhart,User,Michel Gebhart, Sekundar,Michel Gebhart, , , ,Gebhart,Michel,keineMailAddy, 
mike.grube,User,Mike Grube, Sekundar,Mike Grube, , , ,Grube,Mike,keineMailAddy, 
milena.fell,User,Milena Fell, Sekundar,Milena Fell, , , ,Fell,Milena,milena.fell@mail.xyz, 
mina.flame,User,Mina Flame, Sekundar,Mina Flame, , , ,Flame,Mina,mina.flame@mail.xyz, 
mirco.geppert,User,Mirco Geppert, Sekundar,Mirco Geppert, , , ,Geppert,Mirco,mirco.geppert@mail.xyz, 
miriam.fritzsche,User,M. F., Verwaltung,M. F., , , ,Fritzsche,Miriam,miriam.fritzsche@mail.xyz, 
mon.har,User,Mona Harder, Oberstufe - Matur,Mona Harder, , , ,Harder,Mona,mona.harder@mail.xyz, 
monika.fuchs,User,Monika Fuchs, Sekundar,Monika Fuchs, , , ,Fuchs,Monika,keineMailAddy, 
nadine.gray,User,Nadine Gray, Sekundar,Nadine Gray, , , ,Gray,Nadine,nadine.gray@mail.xyz, 
neele.haak,User,Haak Neele, Oberstufe extern,Haak Neele, , , ,Haak,Neele,n.haak@mail.xyz, 
nelli.gerken,User,Nelli Gerken, Sekundar,Nelli Gerken, , , ,Gerken,Nelli,n.gerken@mail.xyz, 
nelli.haeussler,User,Nelli Haeussler, deaktiviert,Nelli Haeussler, , , ,Haeussler,Nelli,nelli.haeussler@mail.xyz, 
nicholas.franke,User,Nicholas Franke, Sekundar,Nicholas Franke, , , ,Franke,Nicholas,n.franke@mail.xyz, 
nick.garcia,User,Nick Garcia, Sekundar,Nick Garcia, , , ,Garcia,Nick,nick.garcia@mail.xyz, 
nico.geppert,User,Nico Geppert, Sekundar,Nico Geppert, , , ,Geppert,Nico,keineMailAddy, 
nico.hartung,User,Hartung Nico, Oberstufe extern,Hartung Nico, , , ,Hartung,Nico,n.hartung@mail.xyz, 
niels.exner,User,Niels Exner, Sekundar,Niels Exner, , , ,Exner,Niels,keineMailAddy, 
niko.fels,User,Niko Fels, Sekundar,Niko Fels, , , ,Fels,Niko,n.fels@mail.xyz, 
nin.ham,User,Nina Hammer, Oberstufe - Matur,Nina Hammer, , , ,Hammer,Nina,nina.hammer@mail.xyz, 
noah.floyd,User,Noah Floyd, Sekundar,Noah Floyd, , , ,Floyd,Noah,noah.floyd@mail.xyz, 
noah.gerd,User,Noah Gerd, Sekundar,Noah Gerd, , , ,Gerd,Noah,keineMailAddy, 
noel.hage,User,Hage Noel, Oberstufe extern,Hage Noel, , , ,Hage,Noel,noel.hage@mail.xyz, 
norbert.dittmann,User,Norbert Dittmann, Sekundar,Norbert Dittmann, , , ,Dittmann,Norbert,n.dittmann@mail.xyz, 
ole.douglas,User,Ole Douglas, Sekundar,Ole Douglas, , , ,Douglas,Ole,ole.douglas@mail.xyz, 
olivia.ehrmann,User,Olivia Ehrmann, Sekundar,Olivia Ehrmann, , , ,Ehrmann,Olivia,olivia.ehrmann@mail.xyz, 
olivia.fuerst,User,Olivia Fuerst, Sekundar,Olivia Fuerst, , , ,Fuerst,Olivia,keineMailAddy, 
oscar.gans,User,Oscar Gans, Sekundar,Oscar Gans, , , ,Gans,Oscar,oscar.gans@mail.xyz, 
otto.goertz,User,Otto Goertz, Sekundar,Otto Goertz, , , ,Goertz,Otto,keineMailAddy, 
paul.feierabend,User,Paul Feierabend, Sekundar,Paul Feierabend, , , ,Feierabend,Paul,paul.feierabend@mail.xyz, 
paula.hampel,User,Hampel Paula, Oberstufe extern,Hampel Paula, , , ,Hampel,Paula,paula.hampel@mail.xyz, 
pauline.gehrmann,User,Pauline Gehrmann, Sekundar,Pauline Gehrmann, , , ,Gehrmann,Pauline,p.gehrmann@mail.xyz, 
petra.georg,User,Petra Georg, Sekundar,Petra Georg, , , ,Georg,Petra,petra.georg@mail.xyz, 
petra.gesund,User,Petra Gesund, Sekundar,Petra Gesund, , , ,Gesund,Petra,keineMailAddy, 
petra.harms,User,Petra Harms, deaktiviert,Petra Harms, , , ,Harms,Petra,p.harms@mail.xyz, 
phil.hardt,User,Phil Hardt, deaktiviert,Phil Hardt, , , ,Hardt,Phil,phil.hardt@mail.xyz, 
phillipp.grote,User,Phillipp Grote, Sekundar,Phillipp Grote, , , ,Grote,Phillipp,p.grote@mail.xyz, 
quentin.ferstl,User,Quentin Ferstl, Sekundar,Quentin Ferstl, , , ,Ferstl,Quentin,q.ferstl@mail.xyz, 
rai.hau,User,Rainer Hausmann, Oberstufe - Matur,Rainer Hausmann, , , ,Hausmann,Rainer,keineMailAddy, 
ralf.eichhorn,User,Ralf Eichhorn, Sekundar,Ralf Eichhorn, , , ,Eichhorn,Ralf,r.eichhorn@mail.xyz, 
rebekka.edel,User,Rebekka Edel, Sekundar,Rebekka Edel, , , ,Edel,Rebekka,r.edel@mail.xyz, 
reiner.girard,User,Reiner Girard, Sekundar,Reiner Girard, , , ,Girard,Reiner,r.girard@mail.xyz, 
reinhard.gottwald,User,Reinhard Gottwald, Sekundar,Reinhard Gottwald, , , ,Gottwald,Reinhard,keineMailAddy, 
renate.eckard,User,Renate Eckard, Sekundar,Renate Eckard, , , ,Eckard,Renate,keineMailAddy, 
renate.graef,User,Renate Graef, Sekundar,Renate Graef, , , ,Graef,Renate,renate.graef@mail.xyz, 
rené.flowers,User,René Flowers, Sekundar,René Flowers, , , ,Flowers,René,r.flowers@mail.xyz, 
rené.glaeser,User,René Glaeser, Sekundar,René Glaeser, , , ,Glaeser,René,r.glaeser@mail.xyz, 
ricardo.falke,User,Ricardo Falke, Sekundar,Ricardo Falke, , , ,Falke,Ricardo,keineMailAddy, 
ricardo.grimm,User,Ricardo Grimm, Sekundar,Ricardo Grimm, , , ,Grimm,Ricardo,keineMailAddy, 
richard.felber,User,Richard Felber, Sekundar,Richard Felber, , , ,Felber,Richard,r.felber@mail.xyz, 
richard.gebhard,User,Richard Gebhard, Sekundar,Richard Gebhard, , , ,Gebhard,Richard,richard.gebhard@mail.xyz, 
robert.haase,User,Haase Robert, Handelsmatur,Haase Robert, , , ,Haase,Robert,robert.haase@mail.xyz, 
ronja.fast,User,Ronja Fast, Sekundar,Ronja Fast, , , ,Fast,Ronja,ronja.fast@mail.xyz, 
ronja.finke,User,Ronja Finke, Sekundar,Ronja Finke, , , ,Finke,Ronja,r.finke@mail.xyz, 
rosa.forster,User,Rosa Forster, Sekundar,Rosa Forster, , , ,Forster,Rosa,r.forster@mail.xyz, 
rosa.gebhart,User,Rosa Gebhart, Sekundar,Rosa Gebhart, , , ,Gebhart,Rosa,keineMailAddy, 
rosemarie.ernst,User,Rosemarie Ernst, Sekundar,Rosemarie Ernst, , , ,Ernst,Rosemarie,r.ernst@mail.xyz, 
ruben.gebert,User,Ruben Gebert, Sekundar,Ruben Gebert, , , ,Gebert,Ruben,ruben.gebert@mail.xyz, 
ruediger.emmerich,User,Ruediger Emmerich, Sekundar,Ruediger Emmerich, , , ,Emmerich,Ruediger,ruediger.emmerich@mail.xyz, 
ruediger.fitzgerald,User,Ruediger Fitzgerald, Sekundar,Ruediger Fitzgerald, , , ,Fitzgerald,Ruediger,ruediger.fitzgerald@mail.xyz, 
ruediger.hampel,User,Hampel Ruediger, Oberstufe extern,Hampel Ruediger, , , ,Hampel,Ruediger,r.hampel@mail.xyz, 
sabine.fendt,User,Sabine Fendt, Sekundar,Sabine Fendt, , , ,Fendt,Sabine,s.fendt@mail.xyz, 
sabrina.guettler,User,Sabrina Guettler, deaktiviert,Sabrina Guettler, , , ,Guettler,Sabrina,sabrina.guettler@mail.xyz, 
sam.gabel,User,Sam Gabel, Sekundar,Sam Gabel, , , ,Gabel,Sam,s.gabel@mail.xyz, 
sam.har,User,Samira Hardy, Oberstufe - Matur,Samira Hardy, , , ,Hardy,Samira,samira.hardy@mail.xyz, 
samantha.faulhaber,User,Samantha Faulhaber, Sekundar,Samantha Faulhaber, , , ,Faulhaber,Samantha,keineMailAddy, 
samantha.gebel,User,Samantha Gebel, Sekundar,Samantha Gebel, , , ,Gebel,Samantha,s.gebel@mail.xyz, 
sandra.ehrlich,User,Sandra Ehrlich, Sekundar,Sandra Ehrlich, , , ,Ehrlich,Sandra,sandra.ehrlich@mail.xyz, 
sara.engler,User,Sara Engler, Sekundar,Sara Engler, , , ,Engler,Sara,keineMailAddy, 
sara.geppert,User,Sara Geppert, Sekundar,Sara Geppert, , , ,Geppert,Sara,sara.geppert@mail.xyz, 
sascha.haack,User,Sascha Haack, deaktiviert,Sascha Haack, , , ,Haack,Sascha,s.haack@mail.xyz, 
sebastian.haberland,User,Haberland Sebastian, Oberstufe extern,Haberland Sebastian, , , ,Haberland,Sebastian,sebastian.haberland@mail.xyz, 
sigrid.hardy,User,Hardy Sigrid, Oberstufe extern,Hardy Sigrid, , , ,Hardy,Sigrid,keineMailAddy, 
silke.hanson,User,Silke Hanson, deaktiviert,Silke Hanson, , , ,Hanson,Silke,keineMailAddy, 
silvia.geppert,User,Silvia Geppert, Sekundar,Silvia Geppert, , , ,Geppert,Silvia,s.geppert@mail.xyz, 
silvia.hahn,User,Silvia Hahn, deaktiviert,Silvia Hahn, , , ,Hahn,Silvia,silvia.hahn@mail.xyz, 
sina.gerber,User,Sina Gerber, Sekundar,Sina Gerber, , , ,Gerber,Sina,keineMailAddy, 
sinah.haffner,User,Sinah Haffner, deaktiviert,Sinah Haffner, , , ,Haffner,Sinah,sinah.haffner@mail.xyz, 
smilla.ewald,User,Smilla Ewald, Sekundar,Smilla Ewald, , , ,Ewald,Smilla,s.ewald@mail.xyz, 
sofie.eckard,User,Sofie Eckard, Sekundar,Sofie Eckard, , , ,Eckard,Sofie,s.eckard@mail.xyz, 
sofie.gabriel,User,Sofie Gabriel, Sekundar,Sofie Gabriel, , , ,Gabriel,Sofie,s.gabriel@mail.xyz, 
sophia.douglas,User,Sophia Douglas, Sekundar,Sophia Douglas, , , ,Douglas,Sophia,s.douglas@mail.xyz, 
sophia.ehrlich,User,Sophia Ehrlich, Sekundar,Sophia Ehrlich, , , ,Ehrlich,Sophia,s.ehrlich@mail.xyz, 
ste.han,User,Stephan Hanke, Oberstufe - Matur,Stephan Hanke, , , ,Hanke,Stephan,s.hanke@mail.xyz, 
stefan.eckardt,User,Stefan Eckardt, Sekundar,Stefan Eckardt, , , ,Eckardt,Stefan,s.eckardt@mail.xyz, 
stefanie.ferstl,User,Stefanie Ferstl, Sekundar,Stefanie Ferstl, , , ,Ferstl,Stefanie,keineMailAddy, 
stephan.ebeling,User,Stephan Ebeling, Sekundar,Stephan Ebeling, , , ,Ebeling,Stephan,s.ebeling@mail.xyz, 
stephanie.eibl,User,Stephanie Eibl, Sekundar,Stephanie Eibl, , , ,Eibl,Stephanie,stephanie.eibl@mail.xyz, 
stephanie.gaiser,User,Stephanie Gaiser, Sekundar,Stephanie Gaiser, , , ,Gaiser,Stephanie,stephanie.gaiser@mail.xyz, 
svea.eberl,User,Svea Eberl, Sekundar,Svea Eberl, , , ,Eberl,Svea,keineMailAddy, 
sven.eberle,User,Sven Eberle, Sekundar,Sven Eberle, , , ,Eberle,Sven,s.eberle@mail.xyz, 
swen.fleck,User,Swen Fleck, deaktiviert,Swen Fleck, , , ,Fleck,Swen,swen.fleck@mail.xyz, 
sylvia.engelmann,User,Sylvia Engelmann, Sekundar,Sylvia Engelmann, , , ,Engelmann,Sylvia,s.engelmann@mail.xyz, 
tara.felten,User,Tara Felten, Sekundar,Tara Felten, , , ,Felten,Tara,tara.felten@mail.xyz, 
tara.gerstner,User,Tara Gerstner, Sekundar,Tara Gerstner, , , ,Gerstner,Tara,t.gerstner@mail.xyz, 
teresa.fell,User,Teresa Fell, Sekundar,Teresa Fell, , , ,Fell,Teresa,t.fell@mail.xyz, 
teresa.guenter,User,Teresa Guenter, deaktiviert,Teresa Guenter, , , ,Guenter,Teresa,teresa.guenter@mail.xyz, 
theo.gerling,User,Theo Gerling, Sekundar,Theo Gerling, , , ,Gerling,Theo,keineMailAddy, 
thomas.gerlach,User,Thomas Gerlach, Sekundar,Thomas Gerlach, , , ,Gerlach,Thomas,keineMailAddy, 
thore.diekmann,User,Thore Diekmann, Sekundar,Thore Diekmann, , , ,Diekmann,Thore,t.diekmann@mail.xyz, 
thore.gebert,User,Thore Gebert, Sekundar,Thore Gebert, , , ,Gebert,Thore,t.gebert@mail.xyz, 
thorsten.faust,User,Thorsten Faust, Sekundar,Thorsten Faust, , , ,Faust,Thorsten,keineMailAddy, 
til.franklin,User,Til Franklin, Sekundar,Til Franklin, , , ,Franklin,Til,t.franklin@mail.xyz, 
tim.ham,User,Timm Hammond, Oberstufe - Matur,Timm Hammond, , , ,Hammond,Timm,keineMailAddy, 
timo.gassner,User,Timo Gassner, Sekundar,Timo Gassner, , , ,Gassner,Timo,timo.gassner@mail.xyz, 
tore.hagemann,User,Hagemann Tore, Oberstufe extern,Hagemann Tore, , , ,Hagemann,Tore,keineMailAddy, 
tore.hardy,User,Tore Hardy, Sekundar extern,Tore Hardy, , , ,Hardy,Tore,tore.hardy@mail.xyz, 
torsten.edinger,User,Torsten Edinger, Sekundar,Torsten Edinger, , , ,Edinger,Torsten,keineMailAddy, 
torsten.freund,User,Torsten Freund, Sekundar,Torsten Freund, , , ,Freund,Torsten,torsten.freund@mail.xyz, 
ulrich.frick,User,Ulrich Frick, Sekundar,Ulrich Frick, , , ,Frick,Ulrich,ulrich.frick@mail.xyz, 
ulrich.gruenewald,User,Ulrich Gruenewald, Sekundar,Ulrich Gruenewald, , , ,Gruenewald,Ulrich,u.gruenewald@mail.xyz, 
ulrike.exner,User,Ulrike Exner, Sekundar,Ulrike Exner, , , ,Exner,Ulrike,u.exner@mail.xyz, 
ulrike.franke,User,Ulrike Franke, Sekundar,Ulrike Franke, , , ,Franke,Ulrike,ulrike.franke@mail.xyz, 
ulrike.heck,User,Ulrike Heck, deaktiviert,Ulrike Heck, , , ,Heck,Ulrike,u.heck@mail.xyz, 
val.hac,User,Valentin Hackmann, Oberstufe - Matur,Valentin Hackmann, , , ,Hackmann,Valentin,valentin.hackmann@mail.xyz, 
vanessa.gesund,User,Vanessa Gesund, Sekundar,Vanessa Gesund, , , ,Gesund,Vanessa,keineMailAddy, 
victor.harms,User,Victor Harms, Sekundar extern,Victor Harms, , , ,Harms,Victor,v.harms@mail.xyz, 
victoria.gonzales,User,Victoria Gonzales, Sekundar,Victoria Gonzales, , , ,Gonzales,Victoria,victoria.gonzales@mail.xyz, 
victoria.gray,User,Victoria Gray, Sekundar,Victoria Gray, , , ,Gray,Victoria,v.gray@mail.xyz, 
victoria.haid,User,Haid Victoria, Oberstufe extern,Haid Victoria, , , ,Haid,Victoria,v.haid@mail.xyz, 
viktor.eckhard,User,Viktor Eckhard, Sekundar,Viktor Eckhard, , , ,Eckhard,Viktor,viktor.eckhard@mail.xyz, 
vincent.feldmann,User,Vincent Feldmann, Sekundar,Vincent Feldmann, , , ,Feldmann,Vincent,keineMailAddy, 
vivien.germann,User,Vivien Germann, Sekundar,Vivien Germann, , , ,Germann,Vivien,v.germann@mail.xyz, 
volker.dieckmann,User,Volker Dieckmann, Sekundar,Volker Dieckmann, , , ,Dieckmann,Volker,keineMailAddy, 
volker.geissler,User,Volker Geissler, Sekundar,Volker Geissler, , , ,Geissler,Volker,v.geissler@mail.xyz, 
volker.heckmann,User,Volker Heckmann, deaktiviert,Volker Heckmann, , , ,Heckmann,Volker,volker.heckmann@mail.xyz, 
wal.hai,User,Waltraut Haid, Oberstufe - Matur,Waltraut Haid, , , ,Haid,Waltraut,w.haid@mail.xyz, 
walther.gast,User,Walther Gast, Sekundar,Walther Gast, , , ,Gast,Walther,w.gast@mail.xyz, 
waltraut.harder,User,Waltraut Harder, Sekundar extern,Waltraut Harder, , , ,Harder,Waltraut,waltraut.harder@mail.xyz, 
werner.euler,User,Werner Euler, Sekundar,Werner Euler, , , ,Euler,Werner,werner.euler@mail.xyz, 
werner.fett,User,Werner Fett, Sekundar,Werner Fett, , , ,Fett,Werner,werner.fett@mail.xyz, 
willi.geist,User,Willi Geist, Sekundar,Willi Geist, , , ,Geist,Willi,willi.geist@mail.xyz, 
willy.ewald,User,Willy Ewald, Sekundar,Willy Ewald, , , ,Ewald,Willy,keineMailAddy, 
wolfgang.gray,User,Wolfgang Gray, Sekundar,Wolfgang Gray, , , ,Gray,Wolfgang,wolfgang.gray@mail.xyz, 
wolfgang.haas,User,Wolfgang Haas, deaktiviert,Wolfgang Haas, , , ,Haas,Wolfgang,keineMailAddy, 
yannic.dreyer,User,Yannic Dreyer, Sekundar,Yannic Dreyer, , , ,Dreyer,Yannic,keineMailAddy, 
yannik.graf,User,Yannik Graf, Sekundar,Yannik Graf, , , ,Graf,Yannik,keineMailAddy, 
yasmin.eckard,User,Yasmin Eckard, Sekundar,Yasmin Eckard, , , ,Eckard,Yasmin,yasmin.eckard@mail.xyz, 
yasmin.gering,User,Yasmin Gering, Sekundar,Yasmin Gering, , , ,Gering,Yasmin,y.gering@mail.xyz, 
yvonne.dorn,User,Yvonne Dorn, Sekundar,Yvonne Dorn, , , ,Dorn,Yvonne,yvonne.dorn@mail.xyz, 
yvonne.engelhardt,User,Yvonne Engelhardt, Sekundar,Yvonne Engelhardt, , , ,Engelhardt,Yvonne,yvonne.engelhardt@mail.xyz, 
zoe.drescher,User,Zoe Drescher, Sekundar,Zoe Drescher, , , ,Drescher,Zoe,keineMailAddy, 
