Name,Type,Description,Display Name,E-Mail Address,Company,Job Title,Last Name,First Name,User Logon Name,Department
adrian.heidemann,User,Heidemann Adrian, Oberstufe extern,Heidemann Adrian, , , ,Heidemann,Adrian,adrian.heidemann@mail.xyz, 
ale.her,User,Alena Herwig, Oberstufe - Matur,Alena Herwig, , , ,Herwig,Alena,a.herwig@mail.xyz, 
ale.kan,User,Alena Kanone, Oberstufe - Matur,Alena Kanone, , , ,Kanone,Alena,alena.kanone@mail.xyz, 
alena.kolb,User,Alena Kolb, deaktiviert,Alena Kolb, , , ,Kolb,Alena,alena.kolb@mail.xyz, 
alexa.heinz,User,Heinz Alexa, Oberstufe extern,Heinz Alexa, , , ,Heinz,Alexa,a.heinz@mail.xyz, 
alicia.hill,User,Alicia Hill, deaktiviert,Alicia Hill, , , ,Hill,Alicia,alicia.hill@mail.xyz, 
alisa.kemmer,User,Kemmer Alisa, Oberstufe extern,Kemmer Alisa, , , ,Kemmer,Alisa,alisa.kemmer@mail.xyz, 
alissa.hillebrand,User,Alissa Hillebrand, Sekundar extern,Alissa Hillebrand, , , ,Hillebrand,Alissa,keineMailAddy, 
alyssa.herr,User,Alyssa Herr, Sekundar extern,Alyssa Herr, , , ,Herr,Alyssa,alyssa.herr@mail.xyz, 
alyssa.kaczmarek,User,Kaczmarek Alyssa, Handelsmatur,Kaczmarek Alyssa, , , ,Kaczmarek,Alyssa,a.kaczmarek@mail.xyz, 
alyssa.kieslich,User,Kieslich Alyssa, Handelsmatur,Kieslich Alyssa, , , ,Kieslich,Alyssa,alyssa.kieslich@mail.xyz, 
ame.hoe,User,Amelie Hoehn, Oberstufe - Matur,Amelie Hoehn, , , ,Hoehn,Amelie,a.hoehn@mail.xyz, 
ame.kan,User,Amely Kania, Oberstufe - Matur,Amely Kania, , , ,Kania,Amely,amely.kania@mail.xyz, 
amelie.hoch,User,Amelie Hoch, Sekundar extern,Amelie Hoch, , , ,Hoch,Amelie,a.hoch@mail.xyz, 
andré.kahn,User,André Kahn, Sekundar extern,André Kahn, , , ,Kahn,André,a.kahn@mail.xyz, 
andrea.kruse,User,Kruse Andrea, Oberstufe extern,Kruse Andrea, , , ,Kruse,Andrea,andrea.kruse@mail.xyz, 
angelina.jakob,User,Angelina Jakob, deaktiviert,Angelina Jakob, , , ,Jakob,Angelina,angelina.jakob@mail.xyz, 
ani.hil,User,Anica Hilgers, Oberstufe - Matur,Anica Hilgers, , , ,Hilgers,Anica,anica.hilgers@mail.xyz, 
ani.kru,User,Anika Krug, Oberstufe - Matur,Anika Krug, , , ,Krug,Anika,a.krug@mail.xyz, 
anika.kemper,User,Kemper Anika, Oberstufe extern,Kemper Anika, , , ,Kemper,Anika,keineMailAddy, 
ann.hin,User,Annabelle Hinz, Oberstufe - Matur,Annabelle Hinz, , , ,Hinz,Annabelle,keineMailAddy, 
ann.hof,User,Annette Hoffmann, Oberstufe - Matur,Annette Hoffmann, , , ,Hoffmann,Annette,keineMailAddy, 
anna.kropp,User,Kropp Anna, Handelsmatur,Kropp Anna, , , ,Kropp,Anna,keineMailAddy, 
annabel.henke,User,Henke Annabel, Oberstufe extern,Henke Annabel, , , ,Henke,Annabel,keineMailAddy, 
annabell.hessel,User,Annabell Hessel, deaktiviert,Annabell Hessel, , , ,Hessel,Annabell,annabell.hessel@mail.xyz, 
annabelle.heider,User,Heider Annabelle, Handelsmatur,Heider Annabelle, , , ,Heider,Annabelle,annabelle.heider@mail.xyz, 
anneke.katz,User,Katz Anneke, Oberstufe extern,Katz Anneke, , , ,Katz,Anneke,keineMailAddy, 
anneke.kaufhold,User,Anneke Kaufhold, deaktiviert,Anneke Kaufhold, , , ,Kaufhold,Anneke,anneke.kaufhold@mail.xyz, 
annette.kalisch,User,Annette Kalisch, deaktiviert,Annette Kalisch, , , ,Kalisch,Annette,keineMailAddy, 
anouk.himmel,User,Himmel Anouk, Handelsmatur,Himmel Anouk, , , ,Himmel,Anouk,anouk.himmel@mail.xyz, 
arne.krenz,User,Arne Krenz, Sekundar extern,Arne Krenz, , , ,Krenz,Arne,arne.krenz@mail.xyz, 
arthur.kaden,User,Arthur Kaden, deaktiviert,Arthur Kaden, , , ,Kaden,Arthur,arthur.kaden@mail.xyz, 
astrid.jacoby,User,Jacoby Astrid, Handelsmatur,Jacoby Astrid, , , ,Jacoby,Astrid,keineMailAddy, 
astrid.jaeschke,User,Astrid Jaeschke, deaktiviert,Astrid Jaeschke, , , ,Jaeschke,Astrid,astrid.jaeschke@mail.xyz, 
astrid.johnston,User,Johnston Astrid, Oberstufe extern,Johnston Astrid, , , ,Johnston,Astrid,a.johnston@mail.xyz, 
axel.hernandez,User,Axel Hernandez, Lehrer Sekundar,Axel Hernandez, , , ,Hernandez,Axel,keineMailAddy, 
baerbel.hensel,User,Baerbel Hensel, deaktiviert,Baerbel Hensel, , , ,Hensel,Baerbel,baerbel.hensel@mail.xyz, 
baerbel.knapp,User,Baerbel Knapp, Lehrer Sekundar,Baerbel Knapp, , , ,Knapp,Baerbel,b.knapp@mail.xyz, 
bar.kre,User,Barbara Kretschmann, Oberstufe - Matur,Barbara Kretschmann, , , ,Kretschmann,Barbara,b.kretschmann@mail.xyz, 
bastian.herz,User,Bastian Herz, deaktiviert,Bastian Herz, , , ,Herz,Bastian,b.herz@mail.xyz, 
bastian.kemper,User,Bastian Kemper, deaktiviert,Bastian Kemper, , , ,Kemper,Bastian,bastian.kemper@mail.xyz, 
bastian.kugler,User,Kugler Bastian, Handelsmatur,Kugler Bastian, , , ,Kugler,Bastian,keineMailAddy, 
ben.hor,User,Benedict Horn, Oberstufe - Matur,Benedict Horn, , , ,Horn,Benedict,benedict.horn@mail.xyz, 
benedict.kroell,User,Kroell Benedict, Oberstufe extern,Kroell Benedict, , , ,Kroell,Benedict,b.kroell@mail.xyz, 
bennett.kastner,User,Kastner Bennett, Lehrer Handel,Kastner Bennett, , , ,Kastner,Bennett,bennett.kastner@mail.xyz, 
ber.her,User,Bernhard Herrera, Oberstufe - Matur,Bernhard Herrera, , , ,Herrera,Bernhard,bernhard.herrera@mail.xyz, 
ber.kro,User,Bernhard Krone, Oberstufe - Matur,Bernhard Krone, , , ,Krone,Bernhard,keineMailAddy, 
bernd.heuser,User,Heuser Bernd, Lehrer Handel,Heuser Bernd, , , ,Heuser,Bernd,bernd.heuser@mail.xyz, 
berndt.kiefer,User,Kiefer Berndt, Lehrer Handel,Kiefer Berndt, , , ,Kiefer,Berndt,keineMailAddy, 
bir.jos,User,Birgit Joseph, Oberstufe - Matur,Birgit Joseph, , , ,Joseph,Birgit,b.joseph@mail.xyz, 
caja.hellwig,User,Caja Hellwig, Sekundar extern,Caja Hellwig, , , ,Hellwig,Caja,keineMailAddy, 
caja.krenz,User,Krenz Caja, Handelsmatur,Krenz Caja, , , ,Krenz,Caja,caja.krenz@mail.xyz, 
can.karst,User,Karst Can, Handelsmatur,Karst Can, , , ,Karst,Can,c.karst@mail.xyz, 
car.jak,User,Carla Jakobi, Oberstufe - Matur,Carla Jakobi, , , ,Jakobi,Carla,c.jakobi@mail.xyz, 
car.kat,User,Carlotta Katz, Oberstufe - Matur,Carlotta Katz, , , ,Katz,Carlotta,c.katz@mail.xyz, 
carina.hernandez,User,Carina Hernandez, Sekundar extern,Carina Hernandez, , , ,Hernandez,Carina,carina.hernandez@mail.xyz, 
carla.kammerer,User,Carla Kammerer, Sekundar extern,Carla Kammerer, , , ,Kammerer,Carla,carla.kammerer@mail.xyz, 
carlotta.hildebrandt,User,Carlotta Hildebrandt, Sekundar extern,Carlotta Hildebrandt, , , ,Hildebrandt,Carlotta,keineMailAddy, 
carolina.hilscher,User,Carolina Hilscher, Lehrer Sekundar,Carolina Hilscher, , , ,Hilscher,Carolina,c.hilscher@mail.xyz, 
carsten.henry,User,Carsten Henry, deaktiviert,Carsten Henry, , , ,Henry,Carsten,carsten.henry@mail.xyz, 
carsten.kaden,User,Carsten Kaden, Sekundar extern,Carsten Kaden, , , ,Kaden,Carsten,keineMailAddy, 
carsten.koerner,User,Koerner Carsten, Oberstufe extern,Koerner Carsten, , , ,Koerner,Carsten,c.koerner@mail.xyz, 
céline.huetter,User,Huetter Céline, Oberstufe extern,Huetter Céline, , , ,Huetter,Céline,celine.huetter@mail.xyz, 
cha.kap,User,Charlotte Kappes, Oberstufe - Matur,Charlotte Kappes, , , ,Kappes,Charlotte,c.kappes@mail.xyz, 
cha.kim,User,Chantall Kim, Oberstufe - Matur,Chantall Kim, , , ,Kim,Chantall,chantall.kim@mail.xyz, 
cha.kre,User,Chantall Krebs, Oberstufe - Matur,Chantall Krebs, , , ,Krebs,Chantall,keineMailAddy, 
chantal.hille,User,Chantal Hille, deaktiviert,Chantal Hille, , , ,Hille,Chantal,c.hille@mail.xyz, 
chantal.kaul,User,Chantal Kaul, Sekundar extern,Chantal Kaul, , , ,Kaul,Chantal,chantal.kaul@mail.xyz, 
chantale.klein,User,Chantale Klein, Lehrer Sekundar,Chantale Klein, , , ,Klein,Chantale,keineMailAddy, 
chantalle.hoff,User,Chantalle Hoff, deaktiviert,Chantalle Hoff, , , ,Hoff,Chantalle,c.hoff@mail.xyz, 
chiara.kahle,User,Kahle Chiara, Handelsmatur,Kahle Chiara, , , ,Kahle,Chiara,c.kahle@mail.xyz, 
chiara.kroener,User,Kroener Chiara, Oberstufe extern,Kroener Chiara, , , ,Kroener,Chiara,chiara.kroener@mail.xyz, 
chr.hir,User,Christoph Hirte, Oberstufe - Matur,Christoph Hirte, , , ,Hirte,Christoph,christoph.hirte@mail.xyz, 
chr.kay,User,Christel Kayser, Oberstufe - Matur,Christel Kayser, , , ,Kayser,Christel,c.kayser@mail.xyz, 
chr.kem,User,Christel Kempf, Oberstufe - Matur,Christel Kempf, , , ,Kempf,Christel,c.kempf@mail.xyz, 
christel.huber,User,Christel Huber, deaktiviert,Christel Huber, , , ,Huber,Christel,c.huber@mail.xyz, 
christian.herbst,User,Christian Herbst, deaktiviert,Christian Herbst, , , ,Herbst,Christian,christian.herbst@mail.xyz, 
christiane.herb,User,Herb Christiane, Oberstufe extern,Herb Christiane, , , ,Herb,Christiane,christiane.herb@mail.xyz, 
christiane.kropp,User,Kropp Christiane, Oberstufe extern,Kropp Christiane, , , ,Kropp,Christiane,c.kropp@mail.xyz, 
christin.hilgers,User,Christin Hilgers, deaktiviert,Christin Hilgers, , , ,Hilgers,Christin,c.hilgers@mail.xyz, 
christina.krauss,User,Krauss Christina, Handelsmatur,Krauss Christina, , , ,Krauss,Christina,christina.krauss@mail.xyz, 
christine.hummel,User,Christine Hummel, Sekundar extern,Christine Hummel, , , ,Hummel,Christine,c.hummel@mail.xyz, 
christof.kaplan,User,Christof Kaplan, deaktiviert,Christof Kaplan, , , ,Kaplan,Christof,c.kaplan@mail.xyz, 
christoph.kron,User,Kron Christoph, Oberstufe extern,Kron Christoph, , , ,Kron,Christoph,christoph.kron@mail.xyz, 
claas.klose,User,Klose Claas, Oberstufe extern,Klose Claas, , , ,Klose,Claas,c.klose@mail.xyz, 
clara.herter,User,Clara Herter, deaktiviert,Clara Herter, , , ,Herter,Clara,c.herter@mail.xyz, 
clara.kaup,User,Kaup Clara, Oberstufe extern,Kaup Clara, , , ,Kaup,Clara,clara.kaup@mail.xyz, 
claudia.jakobi,User,Jakobi Claudia, Handelsmatur,Jakobi Claudia, , , ,Jakobi,Claudia,claudia.jakobi@mail.xyz, 
claus.kling,User,Kling Claus, Handelsmatur,Kling Claus, , , ,Kling,Claus,c.kling@mail.xyz, 
collin.kemper,User,Kemper Collin, Handelsmatur,Kemper Collin, , , ,Kemper,Collin,collin.kemper@mail.xyz, 
con.hen,User,Conner Hentschel, Oberstufe - Matur,Conner Hentschel, , , ,Hentschel,Conner,keineMailAddy, 
conner.hoefer,User,Conner Hoefer, deaktiviert,Conner Hoefer, , , ,Hoefer,Conner,c.hoefer@mail.xyz, 
conner.jackson,User,Jackson Conner, Oberstufe extern,Jackson Conner, , , ,Jackson,Conner,conner.jackson@mail.xyz, 
cornelia.heyer,User,Cornelia Heyer, Lehrer Sekundar,Cornelia Heyer, , , ,Heyer,Cornelia,cornelia.heyer@mail.xyz, 
curt.herbert,User,Curt Herbert, Sekundar extern,Curt Herbert, , , ,Herbert,Curt,keineMailAddy, 
damian.kramer,User,Damian Kramer, deaktiviert,Damian Kramer, , , ,Kramer,Damian,d.kramer@mail.xyz, 
damian.kranker,User,Damian Kranker, deaktiviert,Damian Kranker, , , ,Kranker,Damian,damian.kramer@mail.xyz, 
dan.kei,User,Daniel Keiser, Oberstufe - Matur,Daniel Keiser, , , ,Keiser,Daniel,d.keiser@mail.xyz, 
den.her,User,Denis Herr, Oberstufe - Matur,Denis Herr, , , ,Herr,Denis,denis.herr@mail.xyz, 
denis.hilger,User,Hilger Denis, Oberstufe extern,Hilger Denis, , , ,Hilger,Denis,denis.hilger@mail.xyz, 
denis.hornung,User,Hornung Denis, Oberstufe extern,Hornung Denis, , , ,Hornung,Denis,d.hornung@mail.xyz, 
denis.kropf,User,Kropf Denis, Oberstufe extern,Kropf Denis, , , ,Kropf,Denis,denis.kropf@mail.xyz, 
denise.jaschke,User,Denise Jaschke, Sekundar extern,Denise Jaschke, , , ,Jaschke,Denise,denise.jaschke@mail.xyz, 
dennis.kellner,User,Dennis Kellner, deaktiviert,Dennis Kellner, , , ,Kellner,Dennis,d.kellner@mail.xyz, 
dia.kar,User,Diana Karcher, Oberstufe - Matur,Diana Karcher, , , ,Karcher,Diana,diana.karcher@mail.xyz, 
dieter.krey,User,Krey Dieter, Oberstufe extern,Krey Dieter, , , ,Krey,Dieter,keineMailAddy, 
dilara.kuhlmann,User,Kuhlmann Dilara, Handelsmatur,Kuhlmann Dilara, , , ,Kuhlmann,Dilara,d.kuhlmann@mail.xyz, 
dirk.heyer,User,Dirk Heyer, deaktiviert,Dirk Heyer, , , ,Heyer,Dirk,dirk.heyer@mail.xyz, 
doris.hillenbrand,User,Doris Hillenbrand, deaktiviert,Doris Hillenbrand, , , ,Hillenbrand,Doris,keineMailAddy, 
edith.janzen,User,Janzen Edith, Handelsmatur,Janzen Edith, , , ,Janzen,Edith,e.janzen@mail.xyz, 
eileen.henschel,User,Henschel Eileen, Handelsmatur,Henschel Eileen, , , ,Henschel,Eileen,e.henschel@mail.xyz, 
elf.hir,User,Elfriede Hirt, Oberstufe - Matur,Elfriede Hirt, , , ,Hirt,Elfriede,elfriede.hirt@mail.xyz, 
eli.kar,User,Elisa Karle, Oberstufe - Matur,Elisa Karle, , , ,Karle,Elisa,e.karle@mail.xyz, 
elisa.kilian,User,Elisa Kilian, Sekundar extern,Elisa Kilian, , , ,Kilian,Elisa,keineMailAddy, 
elisabeth.janson,User,Janson Elisabeth, Oberstufe extern,Janson Elisabeth, , , ,Janson,Elisabeth,elisabeth.janson@mail.xyz, 
elizabeth.king,User,King Elizabeth, Oberstufe extern,King Elizabeth, , , ,King,Elizabeth,e.king@mail.xyz, 
elk.hil,User,Elke Hild, Oberstufe - Matur,Elke Hild, , , ,Hild,Elke,keineMailAddy, 
elke.herter,User,Herter Elke, Handelsmatur,Herter Elke, , , ,Herter,Elke,e.herter@mail.xyz, 
elke.krieg,User,Krieg Elke, Oberstufe extern,Krieg Elke, , , ,Krieg,Elke,elke.krieg@mail.xyz, 
emely.keiser,User,Keiser Emely, Oberstufe extern,Keiser Emely, , , ,Keiser,Emely,emely.keiser@mail.xyz, 
emi.kap,User,Emilia Kappler, Oberstufe - Matur,Emilia Kappler, , , ,Kappler,Emilia,e.kappler@mail.xyz, 
emilie.hilgers,User,Hilgers Emilie, Oberstufe extern,Hilgers Emilie, , , ,Hilgers,Emilie,e.hilgers@mail.xyz, 
emilie.hoehn,User,Emilie Hoehn, Sekundar extern,Emilie Hoehn, , , ,Hoehn,Emilie,emilie.hoehn@mail.xyz, 
emilie.kegel,User,Emilie Kegel, deaktiviert,Emilie Kegel, , , ,Kegel,Emilie,e.kegel@mail.xyz, 
enno.hughes,User,Hughes Enno, Oberstufe extern,Hughes Enno, , , ,Hughes,Enno,enno.hughes@mail.xyz, 
eric.kopp,User,Eric Kopp, deaktiviert,Eric Kopp, , , ,Kopp,Eric,keineMailAddy, 
erik.kersten,User,Kersten Erik, Oberstufe extern,Kersten Erik, , , ,Kersten,Erik,erik.kersten@mail.xyz, 
erika.heine,User,Heine Erika, Handelsmatur,Heine Erika, , , ,Heine,Erika,erika.heine@mail.xyz, 
erika.henseler,User,Henseler Erika, Handelsmatur,Henseler Erika, , , ,Henseler,Erika,e.henseler@mail.xyz, 
erika.james,User,Erika James, deaktiviert,Erika James, , , ,James,Erika,keineMailAddy, 
erna.hirsch,User,Hirsch Erna, Oberstufe extern,Hirsch Erna, , , ,Hirsch,Erna,erna.hirsch@mail.xyz, 
erna.hoyer,User,Hoyer Erna, Oberstufe extern,Hoyer Erna, , , ,Hoyer,Erna,erna.hoyer@mail.xyz, 
erna.kaeser,User,Kaeser Erna, Oberstufe extern,Kaeser Erna, , , ,Kaeser,Erna,keineMailAddy, 
ernst.jonas,User,Jonas Ernst, Oberstufe extern,Jonas Ernst, , , ,Jonas,Ernst,keineMailAddy, 
ernst.kaefer,User,Kaefer Ernst, Oberstufe extern,Kaefer Ernst, , , ,Kaefer,Ernst,ernst.kaefer@mail.xyz, 
eva.janzen,User,Eva Janzen, deaktiviert,Eva Janzen, , , ,Janzen,Eva,keineMailAddy, 
eva.kanone,User,Kanone Eva, Oberstufe extern,Kanone Eva, , , ,Kanone,Eva,e.kanone@mail.xyz, 
fabio.hoehne,User,Fabio Hoehne, deaktiviert,Fabio Hoehne, , , ,Hoehne,Fabio,keineMailAddy, 
fabio.kaminski,User,Kaminski Fabio, Oberstufe extern,Kaminski Fabio, , , ,Kaminski,Fabio,fabio.kaminski@mail.xyz, 
falk.klose,User,Falk Klose, deaktiviert,Falk Klose, , , ,Klose,Falk,falk.klose@mail.xyz, 
falk.kropp,User,Falk Kropp, deaktiviert,Falk Kropp, , , ,Kropp,Falk,falk.kropp@mail.xyz, 
fel.kli,User,Felicitas Kling, Oberstufe - Matur,Felicitas Kling, , , ,Kling,Felicitas,felicitas.kling@mail.xyz, 
fen.hil,User,Fenja Hild, Oberstufe - Matur,Fenja Hild, , , ,Hild,Fenja,f.hild@mail.xyz, 
fen.kol,User,Fenja Kolb, Oberstufe - Matur,Fenja Kolb, , , ,Kolb,Fenja,keineMailAddy, 
fenja.hintze,User,Hintze Fenja, Oberstufe extern,Hintze Fenja, , , ,Hintze,Fenja,f.hintze@mail.xyz, 
finja.kropf,User,Finja Kropf, Sekundar extern,Finja Kropf, , , ,Kropf,Finja,finja.kropf@mail.xyz, 
finnja.keidel,User,Finnja Keidel, deaktiviert,Finnja Keidel, , , ,Keidel,Finnja,f.keidel@mail.xyz, 
fri.kae,User,Friedrich Kaemper, Oberstufe - Matur,Friedrich Kaemper, , , ,Kaemper,Friedrich,keineMailAddy, 
frida.krause,User,Krause Frida, Oberstufe extern,Krause Frida, , , ,Krause,Frida,frida.krause@mail.xyz, 
frieda.hey,User,Frieda Hey, deaktiviert,Frieda Hey, , , ,Hey,Frieda,keineMailAddy, 
fritz.horton,User,Horton Fritz, Handelsmatur,Horton Fritz, , , ,Horton,Fritz,fritz.horton@mail.xyz, 
fynn.kleinert,User,Fynn Kleinert, Sekundar extern,Fynn Kleinert, , , ,Kleinert,Fynn,f.kleinert@mail.xyz, 
gabriel.jaeger,User,Gabriel Jaeger, deaktiviert,Gabriel Jaeger, , , ,Jaeger,Gabriel,gabriel.jaeger@mail.xyz, 
geo.kal,User,Georg Kalinowski, Oberstufe - Matur,Georg Kalinowski, , , ,Kalinowski,Georg,g.kalinowski@mail.xyz, 
ger.jan,User,Gerhardt Jansen, Oberstufe - Matur,Gerhardt Jansen, , , ,Jansen,Gerhardt,gerhardt.jansen@mail.xyz, 
gerd.krings,User,Gerd Krings, Sekundar extern,Gerd Krings, , , ,Krings,Gerd,gerd.krings@mail.xyz, 
gina.keil,User,Gina Keil, deaktiviert,Gina Keil, , , ,Keil,Gina,gina.keil@mail.xyz, 
giu.kat,User,Giulia Kath, Oberstufe - Matur,Giulia Kath, , , ,Kath,Giulia,giulia.kath@mail.xyz, 
giulia.kelley,User,Giulia Kelley, deaktiviert,Giulia Kelley, , , ,Kelley,Giulia,giulia.kelley@mail.xyz, 
gudrun.howell,User,Howell Gudrun, Handelsmatur,Howell Gudrun, , , ,Howell,Gudrun,g.howell@mail.xyz, 
han.how,User,Hannes Howard, Oberstufe - Matur,Hannes Howard, , , ,Howard,Hannes,hannes.howard@mail.xyz, 
han.jak,User,Hannelore Jakobs, Oberstufe - Matur,Hannelore Jakobs, , , ,Jakobs,Hannelore,h.jakobs@mail.xyz, 
hannah.kron,User,Hannah Kron, Sekundar extern,Hannah Kron, , , ,Kron,Hannah,keineMailAddy, 
hannelore.knight,User,Hannelore Knight, Sekundar extern,Hannelore Knight, , , ,Knight,Hannelore,h.knight@mail.xyz, 
hannes.hennings,User,Hennings Hannes, Oberstufe extern,Hennings Hannes, , , ,Hennings,Hannes,h.hennings@mail.xyz, 
heidi.klaus,User,Klaus Heidi, Handelsmatur,Klaus Heidi, , , ,Klaus,Heidi,heidi.klaus@mail.xyz, 
heike.herzig,User,Heike Herzig, deaktiviert,Heike Herzig, , , ,Herzig,Heike,keineMailAddy, 
heiko.henschel,User,Henschel Heiko, Oberstufe extern,Henschel Heiko, , , ,Henschel,Heiko,heiko.henschel@mail.xyz, 
heinrich.kuehl,User,Heinrich Kuehl, Sekundar extern,Heinrich Kuehl, , , ,Kuehl,Heinrich,h.kuehl@mail.xyz, 
helena.kath,User,Helena Kath, deaktiviert,Helena Kath, , , ,Kath,Helena,keineMailAddy, 
helene.hillmann,User,Hillmann Helene, Handelsmatur,Hillmann Helene, , , ,Hillmann,Helene,helene.hillmann@mail.xyz, 
helga.kretschmann,User,Helga Kretschmann, Sekundar extern,Helga Kretschmann, , , ,Kretschmann,Helga,helga.kretschmann@mail.xyz, 
helmut.kaya,User,Helmut Kaya, Sekundar extern,Helmut Kaya, , , ,Kaya,Helmut,keineMailAddy, 
hendrik.herr,User,Herr Hendrik, Oberstufe extern,Herr Hendrik, , , ,Herr,Hendrik,h.herr@mail.xyz, 
hendrik.huff,User,Huff Hendrik, Oberstufe extern,Huff Hendrik, , , ,Huff,Hendrik,h.huff@mail.xyz, 
henning.kasper,User,Kasper Henning, Oberstufe extern,Kasper Henning, , , ,Kasper,Henning,henning.kasper@mail.xyz, 
henri.kern,User,Kern Henri, Handelsmatur,Kern Henri, , , ,Kern,Henri,keineMailAddy, 
henri.kuehl,User,Kuehl Henri, Oberstufe extern,Kuehl Henri, , , ,Kuehl,Henri,henri.kuehl@mail.xyz, 
henry.james,User,Henry James, deaktiviert,Henry James, , , ,James,Henry,h.james@mail.xyz, 
herta.hilgers,User,Hilgers Herta, Oberstufe extern,Hilgers Herta, , , ,Hilgers,Herta,keineMailAddy, 
herta.kirchner,User,Kirchner Herta, Oberstufe extern,Kirchner Herta, , , ,Kirchner,Herta,keineMailAddy, 
herta.koehler,User,Koehler Herta, Handelsmatur,Koehler Herta, , , ,Koehler,Herta,herta.koehler@mail.xyz, 
hertha.kroeber,User,Hertha Kroeber, deaktiviert,Hertha Kroeber, , , ,Kroeber,Hertha,h.kroeber@mail.xyz, 
holger.imhof,User,Holger Imhof, deaktiviert,Holger Imhof, , , ,Imhof,Holger,holger.imhof@mail.xyz, 
horst.kriegel,User,Kriegel Horst, Handelsmatur,Kriegel Horst, , , ,Kriegel,Horst,keineMailAddy, 
ian.hic,User,Ian Hicks, Oberstufe - Matur,Ian Hicks, , , ,Hicks,Ian,i.hicks@mail.xyz, 
ian.kirchner,User,Ian Kirchner, deaktiviert,Ian Kirchner, , , ,Kirchner,Ian,i.kirchner@mail.xyz, 
ilse.hofbauer,User,Ilse Hofbauer, deaktiviert,Ilse Hofbauer, , , ,Hofbauer,Ilse,ilse.hofbauer@mail.xyz, 
jacob.kron,User,Kron Jacob, Handelsmatur,Kron Jacob, , , ,Kron,Jacob,j.kron@mail.xyz, 
jakob.himmelsbach,User,Jakob Himmelsbach, deaktiviert,Jakob Himmelsbach, , , ,Himmelsbach,Jakob,jakob.himmelsbach@mail.xyz, 
jamie.hirth,User,Hirth Jamie, Handelsmatur,Hirth Jamie, , , ,Hirth,Jamie,j.hirth@mail.xyz, 
jamie.hofmann,User,Hofmann Jamie, Oberstufe extern,Hofmann Jamie, , , ,Hofmann,Jamie,j.hofmann@mail.xyz, 
jan.jae,User,Jan Jaekel, Oberstufe - Matur,Jan Jaekel, , , ,Jaekel,Jan,jan.jaekel@mail.xyz, 
jana.heuser,User,Jana Heuser, deaktiviert,Jana Heuser, , , ,Heuser,Jana,keineMailAddy, 
janis.himmel,User,Janis Himmel, Sekundar extern,Janis Himmel, , , ,Himmel,Janis,j.himmel@mail.xyz, 
janne.hennig,User,Janne Hennig, deaktiviert,Janne Hennig, , , ,Hennig,Janne,j.hennig@mail.xyz, 
janne.jakobs,User,Jakobs Janne, Oberstufe extern,Jakobs Janne, , , ,Jakobs,Janne,janne.jakobs@mail.xyz, 
janne.knorr,User,Janne Knorr, Sekundar extern,Janne Knorr, , , ,Knorr,Janne,j.knorr@mail.xyz, 
jannick.koehler,User,Koehler Jannick, Handelsmatur,Koehler Jannick, , , ,Koehler,Jannick,jannick.koehler@mail.xyz, 
jannik.heil,User,Heil Jannik, Handelsmatur,Heil Jannik, , , ,Heil,Jannik,j.heil@mail.xyz, 
jens.hering,User,Jens Hering, Sekundar extern,Jens Hering, , , ,Hering,Jens,jens.hering@mail.xyz, 
jens.hoehn,User,Jens Hoehn, deaktiviert,Jens Hoehn, , , ,Hoehn,Jens,j.hoehn@mail.xyz, 
jessica.hermann,User,Jessica Hermann, deaktiviert,Jessica Hermann, , , ,Hermann,Jessica,jessica.hermann@mail.xyz, 
jette.klaus,User,Klaus Jette, Oberstufe extern,Klaus Jette, , , ,Klaus,Jette,jette.klaus@mail.xyz, 
joachim.heyder,User,Joachim Heyder, deaktiviert,Joachim Heyder, , , ,Heyder,Joachim,j.heyder@mail.xyz, 
joe.kar,User,Joern Karcher, Oberstufe - Matur,Joern Karcher, , , ,Karcher,Joern,joern.karcher@mail.xyz, 
joel.kranz,User,Joel Kranz, deaktiviert,Joel Kranz, , , ,Kranz,Joel,keineMailAddy, 
joelina.henderson,User,Joelina Henderson, deaktiviert,Joelina Henderson, , , ,Henderson,Joelina,joelina.henderson@mail.xyz, 
joerg.klose,User,Klose Joerg, Oberstufe extern,Klose Joerg, , , ,Klose,Joerg,keineMailAddy, 
joern.karcher,User,Joern Karcher, deaktiviert,Joern Karcher, , , ,Karcher,Joern,j.karcher@mail.xyz, 
joh.hub,User,Johann Huber, Oberstufe - Matur,Johann Huber, , , ,Huber,Johann,keineMailAddy, 
johannes.hilgert,User,Johannes Hilgert, deaktiviert,Johannes Hilgert, , , ,Hilgert,Johannes,johannes.hilgert@mail.xyz, 
john.holland,User,John Holland, deaktiviert,John Holland, , , ,Holland,John,john.holland@mail.xyz, 
john.hubbard,User,John Hubbard, deaktiviert,John Hubbard, , , ,Hubbard,John,keineMailAddy, 
john.kappler,User,John Kappler, Sekundar extern,John Kappler, , , ,Kappler,John,john.kappler@mail.xyz, 
jon.hil,User,Jona Hillenbrand, Oberstufe - Matur,Jona Hillenbrand, , , ,Hillenbrand,Jona,j.hillenbrand@mail.xyz, 
jon.kei,User,Jonna Keim, Oberstufe - Matur,Jonna Keim, , , ,Keim,Jonna,jonna.keim@mail.xyz, 
jonna.katz,User,Jonna Katz, Sekundar extern,Jonna Katz, , , ,Katz,Jonna,keineMailAddy, 
joy.kennedy,User,Kennedy Joy, Oberstufe extern,Kennedy Joy, , , ,Kennedy,Joy,keineMailAddy, 
judith.koerber,User,Judith Koerber, deaktiviert,Judith Koerber, , , ,Koerber,Judith,judith.koerber@mail.xyz, 
jue.kae,User,Juergen Kaemmerer, Oberstufe - Matur,Juergen Kaemmerer, , , ,Kaemmerer,Juergen,j.kaemmerer@mail.xyz, 
juergen.krueger,User,Krueger Juergen, Oberstufe extern,Krueger Juergen, , , ,Krueger,Juergen,keineMailAddy, 
jule.kahle,User,Jule Kahle, deaktiviert,Jule Kahle, , , ,Kahle,Jule,jule.kahle@mail.xyz, 
juli.kowalski,User,Kowalski Juli, Handelsmatur,Kowalski Juli, , , ,Kowalski,Juli,j.kowalski@mail.xyz, 
julie.krenz,User,Krenz Julie, Handelsmatur,Krenz Julie, , , ,Krenz,Julie,julie.krenz@mail.xyz, 
julius.jenkins,User,Jenkins Julius, Oberstufe extern,Jenkins Julius, , , ,Jenkins,Julius,julius.jenkins@mail.xyz, 
julius.kalb,User,Julius Kalb, Sekundar extern,Julius Kalb, , , ,Kalb,Julius,julius.kalb@mail.xyz, 
juri.helm,User,Juri Helm, Sekundar extern,Juri Helm, , , ,Helm,Juri,j.helm@mail.xyz, 
justin.herold,User,Justin Herold, deaktiviert,Justin Herold, , , ,Herold,Justin,justin.herold@mail.xyz, 
justus.jakobi,User,Jakobi Justus, Oberstufe extern,Jakobi Justus, , , ,Jakobi,Justus,j.jakobi@mail.xyz, 
kaete.hunter,User,Hunter Kaete, Oberstufe extern,Hunter Kaete, , , ,Hunter,Kaete,keineMailAddy, 
kai.jordan,User,Kai Jordan, deaktiviert,Kai Jordan, , , ,Jordan,Kai,k.jordan@mail.xyz, 
kaja.heinen,User,Heinen Kaja, Handelsmatur,Heinen Kaja, , , ,Heinen,Kaja,kaja.heinen@mail.xyz, 
karl.kaluza,User,Karl Kaluza, deaktiviert,Karl Kaluza, , , ,Kaluza,Karl,k.kaluza@mail.xyz, 
karlo.kappes,User,Karlo Kappes, Sekundar extern,Karlo Kappes, , , ,Kappes,Karlo,keineMailAddy, 
karlotta.hofer,User,Hofer Karlotta, Handelsmatur,Hofer Karlotta, , , ,Hofer,Karlotta,k.hofer@mail.xyz, 
karlotta.imhof,User,Imhof Karlotta, Handelsmatur,Imhof Karlotta, , , ,Imhof,Karlotta,keineMailAddy, 
karoline.hielscher,User,Karoline Hielscher, deaktiviert,Karoline Hielscher, , , ,Hielscher,Karoline,karoline.hielscher@mail.xyz, 
karsten.klatt,User,Klatt Karsten, Oberstufe extern,Klatt Karsten, , , ,Klatt,Karsten,k.klatt@mail.xyz, 
kat.kri,User,Kathrin Krings, Oberstufe - Matur,Kathrin Krings, , , ,Krings,Kathrin,kathrin.krings@mail.xyz, 
katharina.hilbert,User,Katharina Hilbert, deaktiviert,Katharina Hilbert, , , ,Hilbert,Katharina,keineMailAddy, 
kathrin.henry,User,Henry Kathrin, Handelsmatur,Henry Kathrin, , , ,Henry,Kathrin,kathrin.henry@mail.xyz, 
kay.karst,User,Karst Kay, Oberstufe extern,Karst Kay, , , ,Karst,Kay,k.karst@mail.xyz, 
kay.koenig,User,Kay Koenig, deaktiviert,Kay Koenig, , , ,Koenig,Kay,k.koenig@mail.xyz, 
kaya.kastner,User,Kaya Kastner, Sekundar extern,Kaya Kastner, , , ,Kastner,Kaya,kaya.kastner@mail.xyz, 
kev.hen,User,Kevin Henninger, Oberstufe - Matur,Kevin Henninger, , , ,Henninger,Kevin,k.henninger@mail.xyz, 
kiara.hiller,User,Kiara Hiller, deaktiviert,Kiara Hiller, , , ,Hiller,Kiara,k.hiller@mail.xyz, 
kim.karst,User,Karst Kim, Handelsmatur,Karst Kim, , , ,Karst,Kim,k.karst@mail.xyz, 
kimberley.joerg,User,Kimberley Joerg, deaktiviert,Kimberley Joerg, , , ,Joerg,Kimberley,kimberley.joerg@mail.xyz, 
kimberley.kaluza,User,Kaluza Kimberley, Handelsmatur,Kaluza Kimberley, , , ,Kaluza,Kimberley,kimberley.kaluza@mail.xyz, 
kira.kallweit,User,Kallweit Kira, Handelsmatur,Kallweit Kira, , , ,Kallweit,Kira,k.kallweit@mail.xyz, 
kjell.kretschmer,User,Kjell Kretschmer, deaktiviert,Kjell Kretschmer, , , ,Kretschmer,Kjell,kjell.kretschmer@mail.xyz, 
klara.kraemer,User,Klara Kraemer, deaktiviert,Klara Kraemer, , , ,Kraemer,Klara,klara.kraemer@mail.xyz, 
klemens.kaplan,User,Klemens Kaplan, Sekundar extern,Klemens Kaplan, , , ,Kaplan,Klemens,klemens.kaplan@mail.xyz, 
krista.herr,User,Krista Herr, deaktiviert,Krista Herr, , , ,Herr,Krista,krista.herr@mail.xyz, 
kyra.kalb,User,Kyra Kalb, Sekundar extern,Kyra Kalb, , , ,Kalb,Kyra,kyra.kalb@mail.xyz, 
laila.kim,User,Laila Kim, deaktiviert,Laila Kim, , , ,Kim,Laila,l.kim@mail.xyz, 
lasse.jankowski,User,Lasse Jankowski, Sekundar extern,Lasse Jankowski, , , ,Jankowski,Lasse,l.jankowski@mail.xyz, 
lasse.kiessling,User,Kiessling Lasse, Oberstufe extern,Kiessling Lasse, , , ,Kiessling,Lasse,lasse.kiessling@mail.xyz, 
layla.heinrichs,User,Heinrichs Layla, Handelsmatur,Heinrichs Layla, , , ,Heinrichs,Layla,layla.heinrichs@mail.xyz, 
leah.hoehn,User,Hoehn Leah, Handelsmatur,Hoehn Leah, , , ,Hoehn,Leah,leah.hoehn@mail.xyz, 
leah.kahlert,User,Leah Kahlert, deaktiviert,Leah Kahlert, , , ,Kahlert,Leah,keineMailAddy, 
leander.john,User,Leander John, deaktiviert,Leander John, , , ,John,Leander,l.john@mail.xyz, 
leandro.junker,User,Leandro Junker, deaktiviert,Leandro Junker, , , ,Junker,Leandro,l.junker@mail.xyz, 
leif.kemmer,User,Leif Kemmer, Sekundar extern,Leif Kemmer, , , ,Kemmer,Leif,keineMailAddy, 
lena.heinemann,User,Heinemann Lena, Oberstufe extern,Heinemann Lena, , , ,Heinemann,Lena,l.heinemann@mail.xyz, 
lena.hirth,User,Lena Hirth, Sekundar extern,Lena Hirth, , , ,Hirth,Lena,keineMailAddy, 
lene.juergens,User,Juergens Lene, Oberstufe extern,Juergens Lene, , , ,Juergens,Lene,lene.juergens@mail.xyz, 
lennard.hilmer,User,Hilmer Lennard, Oberstufe extern,Hilmer Lennard, , , ,Hilmer,Lennard,lennard.hilmer@mail.xyz, 
leonard.himmelsbach,User,Leonard Himmelsbach, Sekundar extern,Leonard Himmelsbach, , , ,Himmelsbach,Leonard,leonard.himmelsbach@mail.xyz, 
leonard.kaluza,User,Kaluza Leonard, Oberstufe extern,Kaluza Leonard, , , ,Kaluza,Leonard,l.kaluza@mail.xyz, 
leonardo.hoff,User,Leonardo Hoff, deaktiviert,Leonardo Hoff, , , ,Hoff,Leonardo,leonardo.hoff@mail.xyz, 
levin.kain,User,Levin Kain, Sekundar extern,Levin Kain, , , ,Kain,Levin,keineMailAddy, 
lewin.junge,User,Junge Lewin, Oberstufe extern,Junge Lewin, , , ,Junge,Lewin,l.junge@mail.xyz, 
lewin.karsten,User,Karsten Lewin, Oberstufe extern,Karsten Lewin, , , ,Karsten,Lewin,keineMailAddy, 
lewin.katzer,User,Lewin Katzer, deaktiviert,Lewin Katzer, , , ,Katzer,Lewin,l.katzer@mail.xyz, 
lia.hielscher,User,Lia Hielscher, deaktiviert,Lia Hielscher, , , ,Hielscher,Lia,lia.hielscher@mail.xyz, 
liah.kirschner,User,Kirschner Liah, Handelsmatur,Kirschner Liah, , , ,Kirschner,Liah,l.kirschner@mail.xyz, 
liah.kluge,User,Liah Kluge, deaktiviert,Liah Kluge, , , ,Kluge,Liah,l.kluge@mail.xyz, 
liah.krohn,User,Liah Krohn, deaktiviert,Liah Krohn, , , ,Krohn,Liah,l.krohn@mail.xyz, 
lil.hes,User,Lilly Hessel, Oberstufe - Matur,Lilly Hessel, , , ,Hessel,Lilly,keineMailAddy, 
lilly.kalb,User,Lilly Kalb, Sekundar extern,Lilly Kalb, , , ,Kalb,Lilly,lilly.kalb@mail.xyz, 
lin.hei,User,Linus Heinrichs, Oberstufe - Matur,Linus Heinrichs, , , ,Heinrichs,Linus,keineMailAddy, 
lina.hillmann,User,Hillmann Lina, Oberstufe extern,Hillmann Lina, , , ,Hillmann,Lina,keineMailAddy, 
lina.hughes,User,Hughes Lina, Handelsmatur,Hughes Lina, , , ,Hughes,Lina,l.hughes@mail.xyz, 
linda.holmes,User,Holmes Linda, Handelsmatur,Holmes Linda, , , ,Holmes,Linda,linda.holmes@mail.xyz, 
lion.kroll,User,Kroll Lion, Oberstufe extern,Kroll Lion, , , ,Kroll,Lion,lion.kroll@mail.xyz, 
liv.kriegel,User,Kriegel Liv, Oberstufe extern,Kriegel Liv, , , ,Kriegel,Liv,liv.kriegel@mail.xyz, 
lorena.hellmann,User,Hellmann Lorena, Handelsmatur,Hellmann Lorena, , , ,Hellmann,Lorena,lorena.hellmann@mail.xyz, 
lorena.kieslich,User,Kieslich Lorena, Oberstufe extern,Kieslich Lorena, , , ,Kieslich,Lorena,l.kieslich@mail.xyz, 
lot.klu,User,Lotta Klug, Oberstufe - Matur,Lotta Klug, , , ,Klug,Lotta,l.klug@mail.xyz, 
lothar.kehl,User,Kehl Lothar, Handelsmatur,Kehl Lothar, , , ,Kehl,Lothar,lothar.kehl@mail.xyz, 
lotta.heilmann,User,Lotta Heilmann, deaktiviert,Lotta Heilmann, , , ,Heilmann,Lotta,lotta.heilmann@mail.xyz, 
lotta.heinemann,User,Heinemann Lotta, Oberstufe extern,Heinemann Lotta, , , ,Heinemann,Lotta,lotta.heinemann@mail.xyz, 
louis.janzen,User,Janzen Louis, Oberstufe extern,Janzen Louis, , , ,Janzen,Louis,l.janzen@mail.xyz, 
louise.jahnke,User,Louise Jahnke, Sekundar extern,Louise Jahnke, , , ,Jahnke,Louise,keineMailAddy, 
luc.hof,User,Lucia Hofmann, Oberstufe - Matur,Lucia Hofmann, , , ,Hofmann,Lucia,l.hofmann@mail.xyz, 
luc.kar,User,Lucas Karcher, Oberstufe - Matur,Lucas Karcher, , , ,Karcher,Lucas,keineMailAddy, 
luc.kas,User,Luca Kast, Oberstufe - Matur,Luca Kast, , , ,Kast,Luca,l.kast@mail.xyz, 
lui.her,User,Luise Herber, Oberstufe - Matur,Luise Herber, , , ,Herber,Luise,l.herber@mail.xyz, 
luis.holmes,User,Luis Holmes, deaktiviert,Luis Holmes, , , ,Holmes,Luis,l.holmes@mail.xyz, 
luise.jahns,User,Luise Jahns, Sekundar extern,Luise Jahns, , , ,Jahns,Luise,luise.jahns@mail.xyz, 
luk.hintze,User,Luk Hintze, deaktiviert,Luk Hintze, , , ,Hintze,Luk,l.hintze@mail.xyz, 
luke.jaenicke,User,Luke Jaenicke, Sekundar extern,Luke Jaenicke, , , ,Jaenicke,Luke,keineMailAddy, 
lun.jac,User,Luna Jacob, Oberstufe - Matur,Luna Jacob, , , ,Jacob,Luna,keineMailAddy, 
luna.himmelsbach,User,Luna Himmelsbach, Sekundar extern,Luna Himmelsbach, , , ,Himmelsbach,Luna,luna.himmelsbach@mail.xyz, 
lyn.huegel,User,Huegel Lyn, Oberstufe extern,Huegel Lyn, , , ,Huegel,Lyn,l.huegel@mail.xyz, 
madeleine.kemmer,User,Kemmer Madeleine, Oberstufe extern,Kemmer Madeleine, , , ,Kemmer,Madeleine,keineMailAddy, 
magdalena.kleinert,User,Magdalena Kleinert, deaktiviert,Magdalena Kleinert, , , ,Kleinert,Magdalena,m.kleinert@mail.xyz, 
magnus.herrman,User,Magnus Herrman, Sekundar extern,Magnus Herrman, , , ,Herrman,Magnus,keineMailAddy, 
maik.hertel,User,Maik Hertel, Sekundar extern,Maik Hertel, , , ,Hertel,Maik,maik.hertel@mail.xyz, 
malin.hoelscher,User,Hoelscher Malin, Oberstufe extern,Hoelscher Malin, , , ,Hoelscher,Malin,m.hoelscher@mail.xyz, 
mandy.kern,User,Kern Mandy, Oberstufe extern,Kern Mandy, , , ,Kern,Mandy,keineMailAddy, 
manuel.herzog,User,Herzog Manuel, Oberstufe extern,Herzog Manuel, , , ,Herzog,Manuel,manuel.herzog@mail.xyz, 
manuel.kretzer,User,Manuel Kretzer, Sekundar extern,Manuel Kretzer, , , ,Kretzer,Manuel,manuel.kretzer@mail.xyz, 
mar.hel,User,Margot Held, Oberstufe - Matur,Margot Held, , , ,Held,Margot,margot.held@mail.xyz, 
mar.hip,User,Marah Hipp, Oberstufe - Matur,Marah Hipp, , , ,Hipp,Marah,marah.hipp@mail.xyz, 
mar.hir,User,Mariella Hirschmann, Oberstufe - Matur,Mariella Hirschmann, , , ,Hirschmann,Mariella,m.hirschmann@mail.xyz, 
mar.kro,User,Marieke Kroeber, Oberstufe - Matur,Marieke Kroeber, , , ,Kroeber,Marieke,m.kroeber@mail.xyz, 
marah.kowalski,User,M. Kowalski, Leitung,M. Kowalski, , , ,Kowalski,Marah,keineMailAddy, 
marcel.hilscher,User,Hilscher Marcel, Oberstufe extern,Hilscher Marcel, , , ,Hilscher,Marcel,marcel.hilscher@mail.xyz, 
marco.holloway,User,Marco Holloway, deaktiviert,Marco Holloway, , , ,Holloway,Marco,m.holloway@mail.xyz, 
marcus.heinrichs,User,Heinrichs Marcus, Handelsmatur,Heinrichs Marcus, , , ,Heinrichs,Marcus,marcus.heinrichs@mail.xyz, 
maren.kaul,User,Kaul Maren, Oberstufe extern,Kaul Maren, , , ,Kaul,Maren,maren.kaul@mail.xyz, 
margarethe.kappes,User,Kappes Margarethe, Oberstufe extern,Kappes Margarethe, , , ,Kappes,Margarethe,m.kappes@mail.xyz, 
margot.herzberg,User,Margot Herzberg, Sekundar extern,Margot Herzberg, , , ,Herzberg,Margot,margot.herzberg@mail.xyz, 
mariella.hoermann,User,Mariella Hoermann, deaktiviert,Mariella Hoermann, , , ,Hoermann,Mariella,keineMailAddy, 
mariella.hubbard,User,Hubbard Mariella, Oberstufe extern,Hubbard Mariella, , , ,Hubbard,Mariella,m.hubbard@mail.xyz, 
marike.kretzer,User,Marike Kretzer, Sekundar extern,Marike Kretzer, , , ,Kretzer,Marike,m.kretzer@mail.xyz, 
marina.karrer,User,Marina Karrer, deaktiviert,Marina Karrer, , , ,Karrer,Marina,marina.karrer@mail.xyz, 
mario.huebner,User,Mario Huebner, Sekundar extern,Mario Huebner, , , ,Huebner,Mario,keineMailAddy, 
mario.keil,User,Mario Keil, Sekundar extern,Mario Keil, , , ,Keil,Mario,keineMailAddy, 
mark.kromer,User,Kromer Mark, Oberstufe extern,Kromer Mark, , , ,Kromer,Mark,mark.kromer@mail.xyz, 
markus.heidenreich,User,Heidenreich Markus, Oberstufe extern,Heidenreich Markus, , , ,Heidenreich,Markus,markus.heidenreich@mail.xyz, 
marlis.kohn,User,Marlis Kohn, Lehrer Sekundar,Marlis Kohn, , , ,Kohn,Marlis,m.kohn@mail.xyz, 
marta.knorr,User,Marta Knorr, deaktiviert,Marta Knorr, , , ,Knorr,Marta,m.knorr@mail.xyz, 
martina.henschke,User,Martina Henschke, deaktiviert,Martina Henschke, , , ,Henschke,Martina,m.henschke@mail.xyz, 
marvin.jones,User,Jones Marvin, Oberstufe extern,Jones Marvin, , , ,Jones,Marvin,marvin.jones@mail.xyz, 
marvin.koerner,User,Koerner Marvin, Oberstufe extern,Koerner Marvin, , , ,Koerner,Marvin,keineMailAddy, 
mathilda.jaeckle,User,Jaeckle Mathilda, Oberstufe extern,Jaeckle Mathilda, , , ,Jaeckle,Mathilda,m.jaeckle@mail.xyz, 
mathis.houston,User,Mathis Houston, Sekundar extern,Mathis Houston, , , ,Houston,Mathis,m.houston@mail.xyz, 
mathis.kamps,User,Mathis Kamps, deaktiviert,Mathis Kamps, , , ,Kamps,Mathis,mathis.kamps@mail.xyz, 
matthias.just,User,Matthias Just, deaktiviert,Matthias Just, , , ,Just,Matthias,keineMailAddy, 
mattis.herb,User,Herb Mattis, Oberstufe extern,Herb Mattis, , , ,Herb,Mattis,mattis.herb@mail.xyz, 
mattis.hering,User,Mattis Hering, Sekundar extern,Mattis Hering, , , ,Hering,Mattis,mattis.hering@mail.xyz, 
maurice.hilscher,User,Maurice Hilscher, Sekundar extern,Maurice Hilscher, , , ,Hilscher,Maurice,keineMailAddy, 
max.kamp,User,Kamp Max, Oberstufe extern,Kamp Max, , , ,Kamp,Max,m.kamp@mail.xyz, 
max.kirchhoff,User,Kirchhoff Max, Oberstufe extern,Kirchhoff Max, , , ,Kirchhoff,Max,keineMailAddy, 
max.kre,User,Max Krebs, Oberstufe - Matur,Max Krebs, , , ,Krebs,Max,m.krebs@mail.xyz, 
maxim.knoll,User,Knoll Maxim, Oberstufe extern,Knoll Maxim, , , ,Knoll,Maxim,m.knoll@mail.xyz, 
maximilian.heinrich,User,Maximilian Heinrich, deaktiviert,Maximilian Heinrich, , , ,Heinrich,Maximilian,m.heinrich@mail.xyz, 
maximilian.kopp,User,Kopp Maximilian, Handelsmatur,Kopp Maximilian, , , ,Kopp,Maximilian,m.kopp@mail.xyz, 
meike.hicks,User,Meike Hicks, deaktiviert,Meike Hicks, , , ,Hicks,Meike,meike.hicks@mail.xyz, 
meike.hildebrandt,User,Hildebrandt Meike, Oberstufe extern,Hildebrandt Meike, , , ,Hildebrandt,Meike,keineMailAddy, 
meike.kroemer,User,Kroemer Meike, Oberstufe extern,Kroemer Meike, , , ,Kroemer,Meike,m.kroemer@mail.xyz, 
melanie.kauffmann,User,Kauffmann Melanie, Handelsmatur,Kauffmann Melanie, , , ,Kauffmann,Melanie,m.kauffmann@mail.xyz, 
melissa.kaufmann,User,Kaufmann Melissa, Oberstufe extern,Kaufmann Melissa, , , ,Kaufmann,Melissa,m.kaufmann@mail.xyz, 
merle.hudson,User,Hudson Merle, Handelsmatur,Hudson Merle, , , ,Hudson,Merle,merle.hudson@mail.xyz, 
mert.kayser,User,Kayser Mert, Oberstufe extern,Kayser Mert, , , ,Kayser,Mert,mert.kayser@mail.xyz, 
michel.henninger,User,Henninger Michel, Oberstufe extern,Henninger Michel, , , ,Henninger,Michel,keineMailAddy, 
michel.hinrichsen,User,Hinrichsen Michel, Oberstufe extern,Hinrichsen Michel, , , ,Hinrichsen,Michel,michel.hinrichsen@mail.xyz, 
michelle.hessler,User,Michelle Hessler, deaktiviert,Michelle Hessler, , , ,Hessler,Michelle,m.hessler@mail.xyz, 
michelle.korn,User,Korn Michelle, Handelsmatur,Korn Michelle, , , ,Korn,Michelle,keineMailAddy, 
miguel.jenkins,User,Jenkins Miguel, Oberstufe extern,Jenkins Miguel, , , ,Jenkins,Miguel,m.jenkins@mail.xyz, 
mika.keck,User,Keck Mika, Oberstufe extern,Keck Mika, , , ,Keck,Mika,mika.keck@mail.xyz, 
mika.kemper,User,Kemper Mika, Oberstufe extern,Kemper Mika, , , ,Kemper,Mika,mika.kemper@mail.xyz, 
mike.kroemer,User,Mike Kroemer, Sekundar extern,Mike Kroemer, , , ,Kroemer,Mike,mike.kroemer@mail.xyz, 
mil.kel,User,Mila Kelly, Oberstufe - Matur,Mila Kelly, , , ,Kelly,Mila,keineMailAddy, 
mila.kehl,User,Mila Kehl, Sekundar extern,Mila Kehl, , , ,Kehl,Mila,keineMailAddy, 
mira.kelm,User,Mira Kelm, Sekundar extern,Mira Kelm, , , ,Kelm,Mira,keineMailAddy, 
mira.kluge,User,Kluge Mira, Oberstufe extern,Kluge Mira, , , ,Kluge,Mira,m.kluge@mail.xyz, 
mirco.kolb,User,Kolb Mirco, Oberstufe extern,Kolb Mirco, , , ,Kolb,Mirco,m.kolb@mail.xyz, 
miriam.hirte,User,Miriam Hirte, Sekundar extern,Miriam Hirte, , , ,Hirte,Miriam,miriam.hirte@mail.xyz, 
miriam.hof,User,Miriam Hof, deaktiviert,Miriam Hof, , , ,Hof,Miriam,miriam.hof@mail.xyz, 
mirko.kaluza,User,Kaluza Mirko, Oberstufe extern,Kaluza Mirko, , , ,Kaluza,Mirko,m.kaluza@mail.xyz, 
mona.hammel,User,Mona Hammel, deaktiviert,Mona Hammel, , , ,Hammel,Mona,mona.hummel@mail.xyz, 
mona.hummel,User,Mona Hummel, deaktiviert,Mona Hummel, , , ,Hummel,Mona,m.hummel@mail.xyz, 
mona.kemper,User,Kemper Mona, Handelsmatur,Kemper Mona, , , ,Kemper,Mona,mona.kemper@mail.xyz, 
nathalie.henrich,User,N. Henrich, Leitung,N. Henrich, , , ,Henrich,Nathalie,n.henrich@mail.xyz, 
nathalie.herrmann,User,Nathalie Herrmann, deaktiviert,Nathalie Herrmann, , , ,Herrmann,Nathalie,n.herrmann@mail.xyz, 
nathalie.hogan,User,Nathalie Hogan, Sekundar extern,Nathalie Hogan, , , ,Hogan,Nathalie,nathalie.hogan@mail.xyz, 
nelli.karl,User,Nelli Karl, deaktiviert,Nelli Karl, , , ,Karl,Nelli,nelli.karl@mail.xyz, 
nic.hor,User,Nico Horst, Oberstufe - Matur,Nico Horst, , , ,Horst,Nico,nico.horst@mail.xyz, 
nicholas.hildebrandt,User,Nicholas Hildebrandt, deaktiviert,Nicholas Hildebrandt, , , ,Hildebrandt,Nicholas,nicholas.hildebrandt@mail.xyz, 
nicolas.herget,User,Herget Nicolas, Oberstufe extern,Herget Nicolas, , , ,Herget,Nicolas,nicolas.herget@mail.xyz, 
niels.kroemer,User,Kroemer Niels, Oberstufe extern,Kroemer Niels, , , ,Kroemer,Niels,keineMailAddy, 
nike.krause,User,Nike Krause, deaktiviert,Nike Krause, , , ,Krause,Nike,keineMailAddy, 
niko.heider,User,Heider Niko, Handelsmatur,Heider Niko, , , ,Heider,Niko,n.heider@mail.xyz, 
niko.hicks,User,Niko Hicks, deaktiviert,Niko Hicks, , , ,Hicks,Niko,keineMailAddy, 
niko.kretz,User,Niko Kretz, deaktiviert,Niko Kretz, , , ,Kretz,Niko,n.kretz@mail.xyz, 
nikolas.henrichs,User,Nikolas Henrichs, Sekundar extern,Nikolas Henrichs, , , ,Henrichs,Nikolas,nikolas.henrichs@mail.xyz, 
nikolas.kleine,User,Kleine Nikolas, Oberstufe extern,Kleine Nikolas, , , ,Kleine,Nikolas,keineMailAddy, 
noah.krey,User,Noah Krey, deaktiviert,Noah Krey, , , ,Krey,Noah,keineMailAddy, 
noel.heller,User,Heller Noel, Handelsmatur,Heller Noel, , , ,Heller,Noel,n.heller@mail.xyz, 
ola.kam,User,Olaf Kamp, Oberstufe - Matur,Olaf Kamp, , , ,Kamp,Olaf,olaf.kamp@mail.xyz, 
ola.kan,User,Olaf Kania, Oberstufe - Matur,Olaf Kania, , , ,Kania,Olaf,o.kania@mail.xyz, 
oskar.joerg,User,Joerg Oskar, Oberstufe extern,Joerg Oskar, , , ,Joerg,Oskar,o.joerg@mail.xyz, 
pascal.hoefer,User,Pascal Hoefer, deaktiviert,Pascal Hoefer, , , ,Hoefer,Pascal,keineMailAddy, 
pat.kre,User,Patrick Kretzschmar, Oberstufe - Matur,Patrick Kretzschmar, , , ,Kretzschmar,Patrick,p.kretzschmar@mail.xyz, 
patrick.korte,User,Patrick Korte, Sekundar extern,Patrick Korte, , , ,Korte,Patrick,p.korte@mail.xyz, 
paul.hillen,User,Hillen Paul, Handelsmatur,Hillen Paul, , , ,Hillen,Paul,keineMailAddy, 
paula.jennings,User,Jennings Paula, Handelsmatur,Jennings Paula, , , ,Jennings,Paula,keineMailAddy, 
phi.kas,User,Phillipp Kasper, Oberstufe - Matur,Phillipp Kasper, , , ,Kasper,Phillipp,p.kasper@mail.xyz, 
phil.kaden,User,Kaden Phil, Oberstufe extern,Kaden Phil, , , ,Kaden,Phil,phil.kaden@mail.xyz, 
phillip.katrin,User,Phillip Katrin, Sekundar extern,Phillip Katrin, , , ,Katrin,Phillip,phillip.katrin@mail.xyz, 
phillipp.kaiser,User,Phillipp Kaiser, deaktiviert,Phillipp Kaiser, , , ,Kaiser,Phillipp,phillipp.kaiser@mail.xyz, 
pia.hilbert,User,Hilbert Pia, Oberstufe extern,Hilbert Pia, , , ,Hilbert,Pia,pia.hilbert@mail.xyz, 
pia.huff,User,Huff Pia, Oberstufe extern,Huff Pia, , , ,Huff,Pia,p.huff@mail.xyz, 
piet.klatt,User,Piet Klatt, deaktiviert,Piet Klatt, , , ,Klatt,Piet,piet.klatt@mail.xyz, 
quentin.henning,User,Henning Quentin, Oberstufe extern,Henning Quentin, , , ,Henning,Quentin,q.henning@mail.xyz, 
ras.hol,User,Rasmus Holmes, Oberstufe - Matur,Rasmus Holmes, , , ,Holmes,Rasmus,rasmus.holmes@mail.xyz, 
regina.krause,User,Krause Regina, Handelsmatur,Krause Regina, , , ,Krause,Regina,r.krause@mail.xyz, 
rei.kie,User,Reiner Kiefer, Oberstufe - Matur,Reiner Kiefer, , , ,Kiefer,Reiner,r.kiefer@mail.xyz, 
reinhard.holmes,User,Reinhard Holmes, deaktiviert,Reinhard Holmes, , , ,Holmes,Reinhard,keineMailAddy, 
reinhard.jimenez,User,Reinhard Jimenez, deaktiviert,Reinhard Jimenez, , , ,Jimenez,Reinhard,keineMailAddy, 
reinhard.krey,User,Reinhard Krey, Sekundar extern,Reinhard Krey, , , ,Krey,Reinhard,reinhard.krey@mail.xyz, 
reinhardt.kohler,User,Reinhardt Kohler, Sekundar extern,Reinhardt Kohler, , , ,Kohler,Reinhardt,r.kohler@mail.xyz, 
ren.jon,User,René Jones, Oberstufe - Matur,René Jones, , , ,Jones,René,rene.jones@mail.xyz, 
ric.koh,User,Riccardo Kohler, Oberstufe - Matur,Riccardo Kohler, , , ,Kohler,Riccardo,riccardo.kohler@mail.xyz, 
riccardo.hines,User,Hines Riccardo, Oberstufe extern,Hines Riccardo, , , ,Hines,Riccardo,keineMailAddy, 
richard.henning,User,Richard Henning, deaktiviert,Richard Henning, , , ,Henning,Richard,richard.henning@mail.xyz, 
rik.heg,User,Rike Heger, Oberstufe - Matur,Rike Heger, , , ,Heger,Rike,rike.heger@mail.xyz, 
rik.kle,User,Rike Klein, Oberstufe - Matur,Rike Klein, , , ,Klein,Rike,keineMailAddy, 
rita.herzig,User,Herzig Rita, Handelsmatur,Herzig Rita, , , ,Herzig,Rita,r.herzig@mail.xyz, 
robert.houston,User,Houston Robert, Oberstufe extern,Houston Robert, , , ,Houston,Robert,r.houston@mail.xyz, 
robin.kastner,User,Kastner Robin, Oberstufe extern,Kastner Robin, , , ,Kastner,Robin,keineMailAddy, 
rolf.kilian,User,Rolf Kilian, deaktiviert,Rolf Kilian, , , ,Kilian,Rolf,keineMailAddy, 
roman.jahn,User,Jahn Roman, Handelsmatur,Jahn Roman, , , ,Jahn,Roman,keineMailAddy, 
romy.jacobs,User,Jacobs Romy, Handelsmatur,Jacobs Romy, , , ,Jacobs,Romy,r.jacobs@mail.xyz, 
rosemarie.hoehn,User,Hoehn Rosemarie, Oberstufe extern,Hoehn Rosemarie, , , ,Hoehn,Rosemarie,r.hoehn@mail.xyz, 
rosemarie.kremer,User,Rosemarie Kremer, deaktiviert,Rosemarie Kremer, , , ,Kremer,Rosemarie,r.kremer@mail.xyz, 
rudolf.knoll,User,Knoll Rudolf, Handelsmatur,Knoll Rudolf, , , ,Knoll,Rudolf,r.knoll@mail.xyz, 
ruediger.hilgert,User,Ruediger Hilgert, Sekundar extern,Ruediger Hilgert, , , ,Hilgert,Ruediger,r.hilgert@mail.xyz, 
sabine.kromer,User,Sabine Kromer, Sekundar extern,Sabine Kromer, , , ,Kromer,Sabine,keineMailAddy, 
samantha.herwig,User,Samantha Herwig, deaktiviert,Samantha Herwig, , , ,Herwig,Samantha,s.herwig@mail.xyz, 
san.hof,User,Sandra Hof, Oberstufe - Matur,Sandra Hof, , , ,Hof,Sandra,sandra.hof@mail.xyz, 
seb.ker,User,Sebastian Kern, Oberstufe - Matur,Sebastian Kern, , , ,Kern,Sebastian,sebastian.kern@mail.xyz, 
sie.jan,User,Siegfried Jankowski, Oberstufe - Matur,Siegfried Jankowski, , , ,Jankowski,Siegfried,siegfried.jankowski@mail.xyz, 
sie.kae,User,Siegfried Kaemmerer, Oberstufe - Matur,Siegfried Kaemmerer, , , ,Kaemmerer,Siegfried,siegfried.kaemmerer@mail.xyz, 
sigrid.hofbauer,User,Hofbauer Sigrid, Oberstufe extern,Hofbauer Sigrid, , , ,Hofbauer,Sigrid,keineMailAddy, 
sil.jan,User,Silke Jansen, Oberstufe - Matur,Silke Jansen, , , ,Jansen,Silke,s.jansen@mail.xyz, 
silas.kleinert,User,Kleinert Silas, Handelsmatur,Kleinert Silas, , , ,Kleinert,Silas,keineMailAddy, 
simon.hilpert,User,Simon Hilpert, deaktiviert,Simon Hilpert, , , ,Hilpert,Simon,keineMailAddy, 
sinah.janzen,User,Janzen Sinah, Oberstufe extern,Janzen Sinah, , , ,Janzen,Sinah,keineMailAddy, 
sofie.hofmeister,User,Sofie Hofmeister, Sekundar extern,Sofie Hofmeister, , , ,Hofmeister,Sofie,s.hofmeister@mail.xyz, 
sofie.hubbard,User,Sofie Hubbard, deaktiviert,Sofie Hubbard, , , ,Hubbard,Sofie,s.hubbard@mail.xyz, 
sophia.katz,User,Sophia Katz, Sekundar extern,Sophia Katz, , , ,Katz,Sophia,s.katz@mail.xyz, 
stephan.janson,User,Stephan Janson, deaktiviert,Stephan Janson, , , ,Janson,Stephan,s.janson@mail.xyz, 
stephanie.heller,User,Heller Stephanie, Oberstufe extern,Heller Stephanie, , , ,Heller,Stephanie,stephanie.heller@mail.xyz, 
stephanie.hempel,User,Stephanie Hempel, Sekundar extern,Stephanie Hempel, , , ,Hempel,Stephanie,stephanie.hempel@mail.xyz, 
stina.hilger,User,Hilger Stina, Oberstufe extern,Hilger Stina, , , ,Hilger,Stina,s.hilger@mail.xyz, 
stina.hillebrandt,User,Hillebrandt Stina, Oberstufe extern,Hillebrandt Stina, , , ,Hillebrandt,Stina,keineMailAddy, 
susanne.kretz,User,Susanne Kretz, Sekundar extern,Susanne Kretz, , , ,Kretz,Susanne,susanne.kretz@mail.xyz, 
sve.kar,User,Svea Karger, Oberstufe - Matur,Svea Karger, , , ,Karger,Svea,keineMailAddy, 
sve.kre,User,Sven Kretzschmar, Oberstufe - Matur,Sven Kretzschmar, , , ,Kretzschmar,Sven,s.kretzschmar@mail.xyz, 
svea.henke,User,Henke Svea, Oberstufe extern,Henke Svea, , , ,Henke,Svea,keineMailAddy, 
svea.hintz,User,Svea Hintz, deaktiviert,Svea Hintz, , , ,Hintz,Svea,keineMailAddy, 
sylvia.kropp,User,Sylvia Kropp, deaktiviert,Sylvia Kropp, , , ,Kropp,Sylvia,sylvia.kropp@mail.xyz, 
the.kug,User,Theo Kugler, Oberstufe - Matur,Theo Kugler, , , ,Kugler,Theo,theo.kugler@mail.xyz, 
theo.kautz,User,Kautz Theo, Oberstufe extern,Kautz Theo, , , ,Kautz,Theo,keineMailAddy, 
theresa.joerg,User,Theresa Joerg, deaktiviert,Theresa Joerg, , , ,Joerg,Theresa,theresa.joerg@mail.xyz, 
thies.herzog,User,Herzog Thies, Handelsmatur,Herzog Thies, , , ,Herzog,Thies,keineMailAddy, 
thomas.hoeck,User,Thomas Hoeck, Sekundar extern,Thomas Hoeck, , , ,Hoeck,Thomas,thomas.hoeck@mail.xyz, 
thore.hille,User,Thore Hille, Lehrer Sekundar,Thore Hille, , , ,Hille,Thore,thore.hille@mail.xyz, 
thore.hoehn,User,Thore Hoehn, Sekundar extern,Thore Hoehn, , , ,Hoehn,Thore,thore.hoehn@mail.xyz, 
thorsten.kast,User,Thorsten Kast, Sekundar extern,Thorsten Kast, , , ,Kast,Thorsten,thorsten.kast@mail.xyz, 
til.karcher,User,Karcher Til, Oberstufe extern,Karcher Til, , , ,Karcher,Til,t.karcher@mail.xyz, 
till.hoff,User,Hoff Till, Handelsmatur,Hoff Till, , , ,Hoff,Till,t.hoff@mail.xyz, 
till.jones,User,Till Jones, deaktiviert,Till Jones, , , ,Jones,Till,till.jones@mail.xyz, 
timon.jones,User,Timon Jones, deaktiviert,Timon Jones, , , ,Jones,Timon,t.jones@mail.xyz, 
tomas.hense,User,Tomas Hense, Sekundar extern,Tomas Hense, , , ,Hense,Tomas,tomas.hense@mail.xyz, 
torben.kemmer,User,Torben Kemmer, Lehrer Sekundar,Torben Kemmer, , , ,Kemmer,Torben,keineMailAddy, 
torsten.heger,User,Heger Torsten, Oberstufe extern,Heger Torsten, , , ,Heger,Torsten,torsten.heger@mail.xyz, 
torsten.hoefer,User,Hoefer Torsten, Oberstufe extern,Hoefer Torsten, , , ,Hoefer,Torsten,torsten.hoefer@mail.xyz, 
torsten.kromer,User,Torsten Kromer, Sekundar extern,Torsten Kromer, , , ,Kromer,Torsten,t.kromer@mail.xyz, 
ulrike.krenz,User,Ulrike Krenz, Sekundar extern,Ulrike Krenz, , , ,Krenz,Ulrike,u.krenz@mail.xyz, 
ute.kehl,User,Ute Kehl, deaktiviert,Ute Kehl, , , ,Kehl,Ute,keineMailAddy, 
val.kem,User,Valentin Kemmer, Oberstufe - Matur,Valentin Kemmer, , , ,Kemmer,Valentin,valentin.kemmer@mail.xyz, 
valentin.jasper,User,Valentin Jasper, Sekundar extern,Valentin Jasper, , , ,Jasper,Valentin,valentin.jasper@mail.xyz, 
vanessa.horst,User,Vanessa Horst, deaktiviert,Vanessa Horst, , , ,Horst,Vanessa,vanessa.horst@mail.xyz, 
victor.kassner,User,V. Kassner, Leitung,V. Kassner, , , ,Kassner,Victor,victor.kassner@mail.xyz, 
vik.imh,User,Viktoria Imhof, Oberstufe - Matur,Viktoria Imhof, , , ,Imhof,Viktoria,v.imhof@mail.xyz, 
vik.kai,User,Viktoria Kainz, Oberstufe - Matur,Viktoria Kainz, , , ,Kainz,Viktoria,viktoria.kainz@mail.xyz, 
viktoria.hofmann,User,Viktoria Hofmann, deaktiviert,Viktoria Hofmann, , , ,Hofmann,Viktoria,v.hofmann@mail.xyz, 
waldtraut.kremer,User,Kremer Waldtraut, Oberstufe extern,Kremer Waldtraut, , , ,Kremer,Waldtraut,keineMailAddy, 
walter.kramer,User,Walter Kramer, Sekundar extern,Walter Kramer, , , ,Kramer,Walter,keineMailAddy, 
waltraut.kohler,User,Waltraut Kohler, Sekundar extern,Waltraut Kohler, , , ,Kohler,Waltraut,w.kohler@mail.xyz, 
werner.hilbig,User,Werner Hilbig, Sekundar extern,Werner Hilbig, , , ,Hilbig,Werner,w.hilbig@mail.xyz, 
wilfried.hertel,User,Wilfried Hertel, Lehrer Sekundar,Wilfried Hertel, , , ,Hertel,Wilfried,w.hertel@mail.xyz, 
wilhelm.hentschel,User,Wilhelm Hentschel, deaktiviert,Wilhelm Hentschel, , , ,Hentschel,Wilhelm,wilhelm.hentschel@mail.xyz, 
willi.horstmann,User,Willi Horstmann, deaktiviert,Willi Horstmann, , , ,Horstmann,Willi,willi.horstmann@mail.xyz, 
willi.kelly,User,Kelly Willi, Handelsmatur,Kelly Willi, , , ,Kelly,Willi,willi.kelly@mail.xyz, 
willy.hiller,User,Hiller Willy, Handelsmatur,Hiller Willy, , , ,Hiller,Willy,keineMailAddy, 
yannick.hock,User,Hock Yannick, Oberstufe extern,Hock Yannick, , , ,Hock,Yannick,y.hock@mail.xyz, 
yannik.hudson,User,Hudson Yannik, Handelsmatur,Hudson Yannik, , , ,Hudson,Yannik,yannik.hudson@mail.xyz, 
yannik.jennings,User,Yannik Jennings, Sekundar extern,Yannik Jennings, , , ,Jennings,Yannik,yannik.jennings@mail.xyz, 
yannik.kappes,User,Yannik Kappes, deaktiviert,Yannik Kappes, , , ,Kappes,Yannik,yannik.kappes@mail.xyz, 
