Name,Type,Description,Display Name,E-Mail Address,Company,Job Title,Last Name,First Name,User Logon Name,Department
aaron.nachtigall,User,Aaron Nachtigall, deaktiviert,Aaron Nachtigall, , , ,Nachtigall,Aaron,aaron.nachtigall@mail.xyz, 
aileen.kurz,User,Kurz Aileen, Handelsmatur,Kurz Aileen, , , ,Kurz,Aileen,aileen.kurz@mail.xyz, 
ale.nit,User,Alexa Nitsche, Oberstufe - Matur,Alexa Nitsche, , , ,Nitsche,Alexa,a.nitsche@mail.xyz, 
alena.martinez,User,Alena Martinez, deaktiviert,Alena Martinez, , , ,Martinez,Alena,a.martinez@mail.xyz, 
alexandra.lederer,User,Lederer Alexandra, Oberstufe extern,Lederer Alexandra, , , ,Lederer,Alexandra,a.lederer@mail.xyz, 
alf.lue,User,Alfred Luecke, Oberstufe - Matur,Alfred Luecke, , , ,Luecke,Alfred,alfred.luecke@mail.xyz, 
ali.lohmeier,User,Ali Lohmeier, Sekundar extern,Ali Lohmeier, , , ,Lohmeier,Ali,a.lohmeier@mail.xyz, 
alina.loeffler,User,Loeffler Alina, Oberstufe extern,Loeffler Alina, , , ,Loeffler,Alina,alina.loeffler@mail.xyz, 
alina.lukas,User,Alina Lukas, deaktiviert,Alina Lukas, , , ,Lukas,Alina,keineMailAddy, 
alisa.mcgee,User,Alisa McGee, Lehrer Gym,Alisa McGee, , , ,McGee,Alisa,a.mcgee@mail.xyz, 
alissa.matthes,User,Alissa Matthes, deaktiviert,Alissa Matthes, , , ,Matthes,Alissa,alissa.matthes@mail.xyz, 
amely.pausch,User,Pausch Amely, Handelsmatur,Pausch Amely, , , ,Pausch,Amely,a.pausch@mail.xyz, 
anabel.muendel,User,Muendel Anabel, Handelsmatur,Muendel Anabel, , , ,Muendel,Anabel,a.muendel@mail.xyz, 
anastasia.lucas,User,Lucas Anastasia, Oberstufe extern,Lucas Anastasia, , , ,Lucas,Anastasia,anastasia.lucas@mail.xyz, 
anastasia.normann,User,Normann Anastasia, Oberstufe extern,Normann Anastasia, , , ,Normann,Anastasia,a.normann@mail.xyz, 
andre.lehr,User,Andre Lehr, deaktiviert,Andre Lehr, , , ,Lehr,Andre,andre.lehr@mail.xyz, 
andré.maldonado,User,Maldonado André, Oberstufe extern,Maldonado André, , , ,Maldonado,André,a.maldonado@mail.xyz, 
andré.pech,User,André Pech, deaktiviert,André Pech, , , ,Pech,André,andre.pech@mail.xyz, 
anette.markert,User,Anette Markert, Sekundar extern,Anette Markert, , , ,Markert,Anette,a.markert@mail.xyz, 
anette.may,User,Anette May, Sekundar extern,Anette May, , , ,May,Anette,keineMailAddy, 
anette.moore,User,Anette Moore, Sekundar extern,Anette Moore, , , ,Moore,Anette,keineMailAddy, 
ang.lop,User,Angelika Lopez, Oberstufe - Matur,Angelika Lopez, , , ,Lopez,Angelika,angelika.lopez@mail.xyz, 
anja.paetzold,User,Paetzold Anja, Oberstufe extern,Paetzold Anja, , , ,Paetzold,Anja,a.paetzold@mail.xyz, 
ann.mayer,User,Mayer Ann, Oberstufe extern,Mayer Ann, , , ,Mayer,Ann,a.mayer@mail.xyz, 
anna.niemann,User,Niemann Anna, Oberstufe extern,Niemann Anna, , , ,Niemann,Anna,keineMailAddy, 
anneke.neuber,User,Anneke Neuber, deaktiviert,Anneke Neuber, , , ,Neuber,Anneke,keineMailAddy, 
anneliese.maack,User,Maack Anneliese, Oberstufe extern,Maack Anneliese, , , ,Maack,Anneliese,anneliese.maack@mail.xyz, 
anneliese.papst,User,Anneliese Papst, Sekundar extern,Anneliese Papst, , , ,Papst,Anneliese,a.papst@mail.xyz, 
anneliese.paul,User,Paul Anneliese, Oberstufe extern,Paul Anneliese, , , ,Paul,Anneliese,anneliese.paul@mail.xyz, 
annette.lueth,User,Lueth Annette, Oberstufe extern,Lueth Annette, , , ,Lueth,Annette,keineMailAddy, 
annette.martini,User,Martini Annette, Oberstufe extern,Martini Annette, , , ,Martini,Annette,annette.martini@mail.xyz, 
annette.moos,User,Moos Annette, Handelsmatur,Moos Annette, , , ,Moos,Annette,annette.moos@mail.xyz, 
annica.landwirt,User,Annica Landwirt, Sekundar extern,Annica Landwirt, , , ,Landwirt,Annica,a.landwirt@mail.xyz, 
annika.lehmkuhl,User,Annika Lehmkuhl, Sekundar extern,Annika Lehmkuhl, , , ,Lehmkuhl,Annika,keineMailAddy, 
anton.mendez,User,Mendez Anton, Oberstufe extern,Mendez Anton, , , ,Mendez,Anton,a.mendez@mail.xyz, 
art.nau,User,Artur Naujoks, Oberstufe - Matur,Artur Naujoks, , , ,Naujoks,Artur,keineMailAddy, 
aylin.lauer,User,Aylin Lauer, Sekundar extern,Aylin Lauer, , , ,Lauer,Aylin,a.lauer@mail.xyz, 
benjamin.mucha,User,Benjamin Mucha, deaktiviert,Benjamin Mucha, , , ,Mucha,Benjamin,b.mucha@mail.xyz, 
benjamin.munk,User,Munk Benjamin, Oberstufe extern,Munk Benjamin, , , ,Munk,Benjamin,benjamin.munk@mail.xyz, 
bennet.kuenzel,User,Kuenzel Bennet, Oberstufe extern,Kuenzel Bennet, , , ,Kuenzel,Bennet,bennet.kuenzel@mail.xyz, 
bennet.otto,User,Bennet Otto, Sekundar extern,Bennet Otto, , , ,Otto,Bennet,bennet.otto@mail.xyz, 
bennet.peetz,User,Bennet Peetz, deaktiviert,Bennet Peetz, , , ,Peetz,Bennet,bennet.peetz@mail.xyz, 
ber.mai,User,Bernhardt Maisch, Oberstufe - Matur,Bernhardt Maisch, , , ,Maisch,Bernhardt,b.maisch@mail.xyz, 
bernd.owens,User,Owens Bernd, Lehrer Handel,Owens Bernd, , , ,Owens,Bernd,bernd.owens@mail.xyz, 
berndt.pabst,User,Pabst Berndt, Lehrer Handel,Pabst Berndt, , , ,Pabst,Berndt,b.pabst@mail.xyz, 
bernhard.matthes,User,Matthes Bernhard, Handelsmatur,Matthes Bernhard, , , ,Matthes,Bernhard,bernhard.matthes@mail.xyz, 
bernhardt.nagel,User,Nagel Bernhardt, Handelsmatur,Nagel Bernhardt, , , ,Nagel,Bernhardt,b.nagel@mail.xyz, 
bir.mal,User,Birgit Maldonado, Oberstufe - Matur,Birgit Maldonado, , , ,Maldonado,Birgit,b.maldonado@mail.xyz, 
birgit.maisch,User,Birgit Maisch, Lehrer Gym,Birgit Maisch, , , ,Maisch,Birgit,birgit.maisch@mail.xyz, 
brigitte.pabst,User,Brigitte Pabst, deaktiviert,Brigitte Pabst, , , ,Pabst,Brigitte,keineMailAddy, 
bruno.patzelt,User,Bruno Patzelt, deaktiviert,Bruno Patzelt, , , ,Patzelt,Bruno,bruno.patzelt@mail.xyz, 
car.kun,User,Caroline Kunert, Oberstufe - Matur,Caroline Kunert, , , ,Kunert,Caroline,caroline.kunert@mail.xyz, 
car.nea,User,Carolin Neal, Oberstufe - Matur,Carolin Neal, , , ,Neal,Carolin,keineMailAddy, 
carin.lamers,User,Carin Lamers, deaktiviert,Carin Lamers, , , ,Lamers,Carin,keineMailAddy, 
carlo.morales,User,Morales Carlo, Oberstufe extern,Morales Carlo, , , ,Morales,Carlo,c.morales@mail.xyz, 
carlo.newton,User,Carlo Newton, Sekundar extern,Carlo Newton, , , ,Newton,Carlo,keineMailAddy, 
carlotta.mosch,User,Carlotta Mosch, Sekundar extern,Carlotta Mosch, , , ,Mosch,Carlotta,c.mosch@mail.xyz, 
cat.nic,User,Cathrin Nichols, Oberstufe - Matur,Cathrin Nichols, , , ,Nichols,Cathrin,c.nichols@mail.xyz, 
cathrin.laskowski,User,Laskowski Cathrin, Oberstufe extern,Laskowski Cathrin, , , ,Laskowski,Cathrin,cathrin.laskowski@mail.xyz, 
celina.lampert,User,Celina Lampert, deaktiviert,Celina Lampert, , , ,Lampert,Celina,celina.lampert@mail.xyz, 
celina.massey,User,Celina Massey, Sekundar extern,Celina Massey, , , ,Massey,Celina,c.massey@mail.xyz, 
céline.lohmeier,User,Lohmeier Céline, Handelsmatur,Lohmeier Céline, , , ,Lohmeier,Céline,celine.lohmeier@mail.xyz, 
celine.mair,User,Mair Celine, Handelsmatur,Mair Celine, , , ,Mair,Celine,keineMailAddy, 
cha.lar,User,Chantale Larson, Oberstufe - Matur,Chantale Larson, , , ,Larson,Chantale,keineMailAddy, 
cha.mar,User,Chantal Marschner, Oberstufe - Matur,Chantal Marschner, , , ,Marschner,Chantal,c.marschner@mail.xyz, 
cha.moo,User,Chantal Moore, Oberstufe - Matur,Chantal Moore, , , ,Moore,Chantal,chantal.moore@mail.xyz, 
chantal.lane,User,Lane Chantal, Oberstufe extern,Lane Chantal, , , ,Lane,Chantal,keineMailAddy, 
chantal.lechner,User,Chantal Lechner, deaktiviert,Chantal Lechner, , , ,Lechner,Chantal,c.lechner@mail.xyz, 
chantal.meurer,User,Meurer Chantal, Oberstufe extern,Meurer Chantal, , , ,Meurer,Chantal,chantal.meurer@mail.xyz, 
chantalle.loew,User,Chantalle Loew, Sekundar extern,Chantalle Loew, , , ,Loew,Chantalle,c.loew@mail.xyz, 
chantalle.marquart,User,Chantalle Marquart, deaktiviert,Chantalle Marquart, , , ,Marquart,Chantalle,keineMailAddy, 
chiara.oberle,User,Chiara Oberle, deaktiviert,Chiara Oberle, , , ,Oberle,Chiara,c.oberle@mail.xyz, 
chiara.obermeier,User,Chiara Obermeier, deaktiviert,Chiara Obermeier, , , ,Obermeier,Chiara,chiara.obermeier@mail.xyz, 
christel.mclaughlin,User,Christel McLaughlin, Sekundar extern,Christel McLaughlin, , , ,McLaughlin,Christel,christel.mclaughlin@mail.xyz, 
christina.marten,User,Christina Marten, deaktiviert,Christina Marten, , , ,Marten,Christina,c.marten@mail.xyz, 
christoph.malone,User,Malone Christoph, Oberstufe extern,Malone Christoph, , , ,Malone,Christoph,christoph.malone@mail.xyz, 
christopher.martinez,User,Christopher Martinez, deaktiviert,Christopher Martinez, , , ,Martinez,Christopher,keineMailAddy, 
claas.may,User,Claas May, deaktiviert,Claas May, , , ,May,Claas,c.may@mail.xyz, 
claas.neitzel,User,Neitzel Claas, Handelsmatur,Neitzel Claas, , , ,Neitzel,Claas,c.neitzel@mail.xyz, 
claus.lindner,User,Claus Lindner, Sekundar extern,Claus Lindner, , , ,Lindner,Claus,c.lindner@mail.xyz, 
col.lor,User,Collin Lorenz, Oberstufe - Matur,Collin Lorenz, , , ,Lorenz,Collin,c.lorenz@mail.xyz, 
colin.owens,User,Owens Colin, Handelsmatur,Owens Colin, , , ,Owens,Colin,colin.owens@mail.xyz, 
con.kue,User,Conner Kueppers, Oberstufe - Matur,Conner Kueppers, , , ,Kueppers,Conner,c.kueppers@mail.xyz, 
cornelia.osborne,User,Osborne Cornelia, Handelsmatur,Osborne Cornelia, , , ,Osborne,Cornelia,cornelia.osborne@mail.xyz, 
daniel.nitsche,User,Nitsche Daniel, Handelsmatur,Nitsche Daniel, , , ,Nitsche,Daniel,d.nitsche@mail.xyz, 
daniela.malone,User,Daniela Malone, Sekundar extern,Daniela Malone, , , ,Malone,Daniela,d.malone@mail.xyz, 
daniela.marquardt,User,Daniela Marquardt, deaktiviert,Daniela Marquardt, , , ,Marquardt,Daniela,keineMailAddy, 
danny.osborne,User,Danny Osborne, Sekundar extern,Danny Osborne, , , ,Osborne,Danny,danny.osborne@mail.xyz, 
dar.ost,User,Dario Ostrowski, Oberstufe - Matur,Dario Ostrowski, , , ,Ostrowski,Dario,dario.ostrowski@mail.xyz, 
dario.lau,User,Dario Lau, deaktiviert,Dario Lau, , , ,Lau,Dario,dario.lau@mail.xyz, 
dav.men,User,David Mendez, Oberstufe - Matur,David Mendez, , , ,Mendez,David,david.mendez@mail.xyz, 
dav.moo,User,David Moos, Oberstufe - Matur,David Moos, , , ,Moos,David,david.moos@mail.xyz, 
den.opp,User,Dennis Oppermann, Oberstufe - Matur,Dennis Oppermann, , , ,Oppermann,Dennis,dennis.oppermann@mail.xyz, 
denis.oliver,User,Denis Oliver, deaktiviert,Denis Oliver, , , ,Oliver,Denis,denis.oliver@mail.xyz, 
diana.lane,User,Diana Lane, Sekundar extern,Diana Lane, , , ,Lane,Diana,diana.lane@mail.xyz, 
dilara.martens,User,Dilara Martens, deaktiviert,Dilara Martens, , , ,Martens,Dilara,d.martens@mail.xyz, 
dominic.metzner,User,Metzner Dominic, Oberstufe extern,Metzner Dominic, , , ,Metzner,Dominic,d.metzner@mail.xyz, 
dustin.langhammer,User,Langhammer Dustin, Oberstufe extern,Langhammer Dustin, , , ,Langhammer,Dustin,d.langhammer@mail.xyz, 
edi.mil,User,Edith Miller, Oberstufe - Matur,Edith Miller, , , ,Miller,Edith,e.miller@mail.xyz, 
eil.moo,User,Eileen Moody, Oberstufe - Matur,Eileen Moody, , , ,Moody,Eileen,eileen.moody@mail.xyz, 
elena.noll,User,Noll Elena, Handelsmatur,Noll Elena, , , ,Noll,Elena,keineMailAddy, 
elfriede.malinowski,User,Malinowski Elfriede, Handelsmatur,Malinowski Elfriede, , , ,Malinowski,Elfriede,e.malinowski@mail.xyz, 
elisabeth.mccormick,User,McCormick Elisabeth, Oberstufe extern,McCormick Elisabeth, , , ,McCormick,Elisabeth,elisabeth.mccormick@mail.xyz, 
elk.lan,User,Elke Langen, Oberstufe - Matur,Elke Langen, , , ,Langen,Elke,elke.langen@mail.xyz, 
emelie.oberle,User,Emelie Oberle, deaktiviert,Emelie Oberle, , , ,Oberle,Emelie,e.oberle@mail.xyz, 
emely.neef,User,Emely Neef, deaktiviert,Emely Neef, , , ,Neef,Emely,e.neef@mail.xyz, 
emma.kuhn,User,Emma Kuhn, Sekundar extern,Emma Kuhn, , , ,Kuhn,Emma,e.kuhn@mail.xyz, 
emma.obermeier,User,Emma Obermeier, Sekundar extern,Emma Obermeier, , , ,Obermeier,Emma,emma.obermeier@mail.xyz, 
emmely.munz,User,Emmely Munz, Sekundar extern,Emmely Munz, , , ,Munz,Emmely,e.munz@mail.xyz, 
enrico.langhans,User,Langhans Enrico, Oberstufe extern,Langhans Enrico, , , ,Langhans,Enrico,enrico.langhans@mail.xyz, 
eri.mar,User,Erika Martina, Oberstufe - Matur,Erika Martina, , , ,Martina,Erika,keineMailAddy, 
erika.mandel,User,Erika Mandel, deaktiviert,Erika Mandel, , , ,Mandel,Erika,erika.mandel@mail.xyz, 
erwin.link,User,Link Erwin, Oberstufe extern,Link Erwin, , , ,Link,Erwin,keineMailAddy, 
eva.neef,User,Neef Eva, Oberstufe extern,Neef Eva, , , ,Neef,Eva,keineMailAddy, 
fabio.michaelis,User,Michaelis Fabio, Oberstufe extern,Michaelis Fabio, , , ,Michaelis,Fabio,fabio.michaelis@mail.xyz, 
fabio.nolte,User,Fabio Nolte, Sekundar extern,Fabio Nolte, , , ,Nolte,Fabio,fabio.nolte@mail.xyz, 
felix.marx,User,Marx Felix, Oberstufe extern,Marx Felix, , , ,Marx,Felix,felix.marx@mail.xyz, 
fer.may,User,Ferdinand Mayer, Oberstufe - Matur,Ferdinand Mayer, , , ,Mayer,Ferdinand,f.mayer@mail.xyz, 
ferdinand.mills,User,Mills Ferdinand, Handelsmatur,Mills Ferdinand, , , ,Mills,Ferdinand,ferdinand.mills@mail.xyz, 
ferdinand.muller,User,Ferdinand Muller, Sekundar extern,Ferdinand Muller, , , ,Muller,Ferdinand,ferdinand.muller@mail.xyz, 
filip.kunert,User,Kunert Filip, Oberstufe extern,Kunert Filip, , , ,Kunert,Filip,f.kunert@mail.xyz, 
florian.michel,User,Florian Michel, Lehrer Gym,Florian Michel, , , ,Michel,Florian,keineMailAddy, 
franz.mills,User,Franz Mills, Sekundar extern,Franz Mills, , , ,Mills,Franz,franz.mills@mail.xyz, 
franz.motz,User,Franz Motz, Sekundar extern,Franz Motz, , , ,Motz,Franz,keineMailAddy, 
franziska.mueller,User,Mueller Franziska, Oberstufe extern,Mueller Franziska, , , ,Mueller,Franziska,f.mueller@mail.xyz, 
franziska.parsons,User,Parsons Franziska, Oberstufe extern,Parsons Franziska, , , ,Parsons,Franziska,f.parsons@mail.xyz, 
frederic.mang,User,Mang Frederic, Oberstufe extern,Mang Frederic, , , ,Mang,Frederic,f.mang@mail.xyz, 
fri.max,User,Friederike Maxwell, Oberstufe - Matur,Friederike Maxwell, , , ,Maxwell,Friederike,f.maxwell@mail.xyz, 
frida.love,User,Love Frida, Handelsmatur,Love Frida, , , ,Love,Frida,keineMailAddy, 
friederike.lloyd,User,Friederike Lloyd, Sekundar extern,Friederike Lloyd, , , ,Lloyd,Friederike,f.lloyd@mail.xyz, 
friederike.page,User,Friederike Page, deaktiviert,Friederike Page, , , ,Page,Friederike,friederike.page@mail.xyz, 
friedrich.meurer,User,Friedrich Meurer, Lehrer Gym,Friedrich Meurer, , , ,Meurer,Friedrich,keineMailAddy, 
fritz.muller,User,Fritz Muller, deaktiviert,Fritz Muller, , , ,Muller,Fritz,fritz.muller@mail.xyz, 
fynn.moll,User,Moll Fynn, Oberstufe extern,Moll Fynn, , , ,Moll,Fynn,fynn.moll@mail.xyz, 
georg.linke,User,Georg Linke, deaktiviert,Georg Linke, , , ,Linke,Georg,g.linke@mail.xyz, 
georg.pelz,User,Georg Pelz, deaktiviert,Georg Pelz, , , ,Pelz,Georg,keineMailAddy, 
ger.mue,User,Gerhardt Muenster, Oberstufe - Matur,Gerhardt Muenster, , , ,Muenster,Gerhardt,gerhardt.muenster@mail.xyz, 
gisela.lehmann,User,Gisela Lehmann, Sekundar extern,Gisela Lehmann, , , ,Lehmann,Gisela,keineMailAddy, 
giulia.patrick,User,Giulia Patrick, Sekundar extern,Giulia Patrick, , , ,Patrick,Giulia,keineMailAddy, 
greta.malek,User,Greta Malek, deaktiviert,Greta Malek, , , ,Malek,Greta,g.malek@mail.xyz, 
gue.mai,User,Guenther Mai, Oberstufe - Matur,Guenther Mai, , , ,Mai,Guenther,guenther.mai@mail.xyz, 
hanna.normann,User,Hanna Normann, Sekundar extern,Hanna Normann, , , ,Normann,Hanna,hanna.normann@mail.xyz, 
hans.loewe,User,Hans Loewe, Sekundar extern,Hans Loewe, , , ,Loewe,Hans,hans.loewe@mail.xyz, 
har.kur,User,Hartmut Kurz, Oberstufe - Matur,Hartmut Kurz, , , ,Kurz,Hartmut,h.kurz@mail.xyz, 
harald.lau,User,Lau Harald, Oberstufe extern,Lau Harald, , , ,Lau,Harald,harald.lau@mail.xyz, 
hei.pab,User,Heike Pabst, Oberstufe - Matur,Heike Pabst, , , ,Pabst,Heike,heike.pabst@mail.xyz, 
hel.muc,User,Helga Mucha, Oberstufe - Matur,Helga Mucha, , , ,Mucha,Helga,h.mucha@mail.xyz, 
hendrik.murray,User,Hendrik Murray, deaktiviert,Hendrik Murray, , , ,Murray,Hendrik,h.murray@mail.xyz, 
henri.nell,User,Nell Henri, Oberstufe extern,Nell Henri, , , ,Nell,Henri,keineMailAddy, 
henrik.morgenroth,User,Morgenroth Henrik, Oberstufe extern,Morgenroth Henrik, , , ,Morgenroth,Henrik,h.morgenroth@mail.xyz, 
henry.moore,User,Henry Moore, deaktiviert,Henry Moore, , , ,Moore,Henry,keineMailAddy, 
herbert.maxwell,User,Herbert Maxwell, deaktiviert,Herbert Maxwell, , , ,Maxwell,Herbert,herbert.maxwell@mail.xyz, 
herta.mundt,User,Mundt Herta, Handelsmatur,Mundt Herta, , , ,Mundt,Herta,h.mundt@mail.xyz, 
hor.lun,User,Horst Luna, Oberstufe - Matur,Horst Luna, , , ,Luna,Horst,h.luna@mail.xyz, 
ing.mue,User,Ingeborg Muehl, Oberstufe - Matur,Ingeborg Muehl, , , ,Muehl,Ingeborg,keineMailAddy, 
inga.owens,User,Inga Owens, Sekundar extern,Inga Owens, , , ,Owens,Inga,inga.owens@mail.xyz, 
ingeborg.oestreich,User,oestreich Ingeborg, Oberstufe extern,oestreich Ingeborg, , , ,oestreich,Ingeborg,i.Oestreich@mail.xyz, 
irmgard.kummer,User,Kummer Irmgard, Handelsmatur,Kummer Irmgard, , , ,Kummer,Irmgard,i.kummer@mail.xyz, 
irmgart.luna,User,Irmgart Luna, Sekundar extern,Irmgart Luna, , , ,Luna,Irmgart,i.luna@mail.xyz, 
isabella.langhans,User,Isabella Langhans, Sekundar extern,Isabella Langhans, , , ,Langhans,Isabella,i.langhans@mail.xyz, 
isabelle.meier,User,Isabelle Meier, Sekundar extern,Isabelle Meier, , , ,Meier,Isabelle,keineMailAddy, 
isabelle.naegele,User,Isabelle Naegele, deaktiviert,Isabelle Naegele, , , ,Naegele,Isabelle,isabelle.naegele@mail.xyz, 
jacob.leng,User,Leng Jacob, Handelsmatur,Leng Jacob, , , ,Leng,Jacob,jacob.leng@mail.xyz, 
jakob.loeffler,User,Loeffler Jakob, Oberstufe extern,Loeffler Jakob, , , ,Loeffler,Jakob,jakob.loeffler@mail.xyz, 
jamie.neef,User,Neef Jamie, Handelsmatur,Neef Jamie, , , ,Neef,Jamie,j.neef@mail.xyz, 
jan.may,User,Janine May, Oberstufe - Matur,Janine May, , , ,May,Janine,j.may@mail.xyz, 
janin.lammert,User,Lammert Janin, Oberstufe extern,Lammert Janin, , , ,Lammert,Janin,keineMailAddy, 
janina.pagel,User,Janina Pagel, deaktiviert,Janina Pagel, , , ,Pagel,Janina,janina.pagel@mail.xyz, 
janine.labyrinth,User,Janine Labyrinth, Sekundar extern,Janine Labyrinth, , , ,Labyrinth,Janine,keineMailAddy, 
jannes.lueke,User,Jannes Lueke, Sekundar extern,Jannes Lueke, , , ,Lueke,Jannes,keineMailAddy, 
jannes.meister,User,Jannes Meister, deaktiviert,Jannes Meister, , , ,Meister,Jannes,jannes.meister@mail.xyz, 
jannick.pasch,User,Jannick Pasch, deaktiviert,Jannick Pasch, , , ,Pasch,Jannick,keineMailAddy, 
jannis.meissner,User,Meissner Jannis, Oberstufe extern,Meissner Jannis, , , ,Meissner,Jannis,keineMailAddy, 
jea.muh,User,Jean Muhr, Oberstufe - Matur,Jean Muhr, , , ,Muhr,Jean,jean.muhr@mail.xyz, 
jean.laub,User,Jean Laub, Sekundar extern,Jean Laub, , , ,Laub,Jean,keineMailAddy, 
jean.nowak,User,Nowak Jean, Handelsmatur,Nowak Jean, , , ,Nowak,Jean,jean.nowak@mail.xyz, 
jennifer.pauls,User,Jennifer Pauls, Sekundar extern,Jennifer Pauls, , , ,Pauls,Jennifer,j.pauls@mail.xyz, 
jenny.lampe,User,Jenny Lampe, Sekundar extern,Jenny Lampe, , , ,Lampe,Jenny,j.lampe@mail.xyz, 
jenny.lindsey,User,Jenny Lindsey, Sekundar extern,Jenny Lindsey, , , ,Lindsey,Jenny,keineMailAddy, 
jeremie.morales,User,Jeremie Morales, deaktiviert,Jeremie Morales, , , ,Morales,Jeremie,jeremie.morales@mail.xyz, 
jeremie.nebel,User,Jeremie Nebel, deaktiviert,Jeremie Nebel, , , ,Nebel,Jeremie,jeremie.nebel@mail.xyz, 
jeremie.obermaier,User,Jeremie Obermaier, Sekundar extern,Jeremie Obermaier, , , ,Obermaier,Jeremie,jeremie.obermaier@mail.xyz, 
jeremy.land,User,Jeremy Land, Sekundar extern,Jeremy Land, , , ,Land,Jeremy,keineMailAddy, 
jessica.lehmkuhl,User,Lehmkuhl Jessica, Oberstufe extern,Lehmkuhl Jessica, , , ,Lehmkuhl,Jessica,j.lehmkuhl@mail.xyz, 
jil.larson,User,Larson Jil, Oberstufe extern,Larson Jil, , , ,Larson,Jil,keineMailAddy, 
jill.loeffler,User,Jill Loeffler, Sekundar extern,Jill Loeffler, , , ,Loeffler,Jill,keineMailAddy, 
joana.laskowski,User,Joana Laskowski, deaktiviert,Joana Laskowski, , , ,Laskowski,Joana,joana.laskowski@mail.xyz, 
joelle.launisch,User,Launisch Joelle, Handelsmatur,Launisch Joelle, , , ,Launisch,Joelle,j.launisch@mail.xyz, 
joerg.mcdaniel,User,McDaniel Joerg, Oberstufe extern,McDaniel Joerg, , , ,McDaniel,Joerg,joerg.mcdaniel@mail.xyz, 
joerg.mundt,User,Joerg Mundt, deaktiviert,Joerg Mundt, , , ,Mundt,Joerg,joerg.mundt@mail.xyz, 
johann.morgenroth,User,Morgenroth Johann, Oberstufe extern,Morgenroth Johann, , , ,Morgenroth,Johann,johann.morgenroth@mail.xyz, 
johann.patterson,User,Patterson Johann, Handelsmatur,Patterson Johann, , , ,Patterson,Johann,johann.patterson@mail.xyz, 
johannes.neuhaus,User,Neuhaus Johannes, Handelsmatur,Neuhaus Johannes, , , ,Neuhaus,Johannes,johannes.neuhaus@mail.xyz, 
jon.loh,User,Jonna Lohr, Oberstufe - Matur,Jonna Lohr, , , ,Lohr,Jonna,jonna.lohr@mail.xyz, 
jon.ott,User,Jonas Otterbach, Oberstufe - Matur,Jonas Otterbach, , , ,Otterbach,Jonas,j.otterbach@mail.xyz, 
jona.menke,User,Menke Jona, Oberstufe extern,Menke Jona, , , ,Menke,Jona,keineMailAddy, 
jonathan.otten,User,Jonathan Otten, Sekundar extern,Jonathan Otten, , , ,Otten,Jonathan,j.otten@mail.xyz, 
jonathan.pauly,User,Jonathan Pauly, deaktiviert,Jonathan Pauly, , , ,Pauly,Jonathan,j.pauly@mail.xyz, 
jonna.neal,User,Jonna Neal, deaktiviert,Jonna Neal, , , ,Neal,Jonna,jonna.neal@mail.xyz, 
jos.lin,User,Josefine Ling, Oberstufe - Matur,Josefine Ling, , , ,Ling,Josefine,j.ling@mail.xyz, 
joshua.lampert,User,Joshua Lampert, Sekundar extern,Joshua Lampert, , , ,Lampert,Joshua,j.lampert@mail.xyz, 
joshua.paul,User,Paul Joshua, Handelsmatur,Paul Joshua, , , ,Paul,Joshua,keineMailAddy, 
judith.kurz,User,Kurz Judith, Handelsmatur,Kurz Judith, , , ,Kurz,Judith,j.kurz@mail.xyz, 
judith.lynchen,User,Judith Lynchen, Sekundar extern,Judith Lynchen, , , ,Lynchen,Judith,j.lynchen@mail.xyz, 
juergen.nebel,User,Juergen Nebel, deaktiviert,Juergen Nebel, , , ,Nebel,Juergen,juergen.nebel@mail.xyz, 
juri.loehr,User,Loehr Juri, Oberstufe extern,Loehr Juri, , , ,Loehr,Juri,juri.loehr@mail.xyz, 
justin.peitz,User,Justin Peitz, Sekundar extern,Justin Peitz, , , ,Peitz,Justin,justin.peitz@mail.xyz, 
justus.ladwig,User,Ladwig Justus, Handelsmatur,Ladwig Justus, , , ,Ladwig,Justus,j.ladwig@mail.xyz, 
kaethe.maass,User,Kaethe Maass, Sekundar extern,Kaethe Maass, , , ,Maass,Kaethe,kaethe.maass@mail.xyz, 
kai.ochsen,User,Ochsen Kai, Oberstufe extern,Ochsen Kai, , , ,Ochsen,Kai,k.ochsen@mail.xyz, 
kar.mal,User,Karsten Malinowski, Oberstufe - Matur,Karsten Malinowski, , , ,Malinowski,Karsten,keineMailAddy, 
karlo.ludwig,User,Karlo Ludwig, Lehrer Sekundar,Karlo Ludwig, , , ,Ludwig,Karlo,k.ludwig@mail.xyz, 
karsten.nolte,User,Karsten Nolte, deaktiviert,Karsten Nolte, , , ,Nolte,Karsten,karsten.nolte@mail.xyz, 
kathrin.lutz,User,Lutz Kathrin, Oberstufe extern,Lutz Kathrin, , , ,Lutz,Kathrin,keineMailAddy, 
kathrin.pelz,User,Pelz Kathrin, Oberstufe extern,Pelz Kathrin, , , ,Pelz,Kathrin,keineMailAddy, 
katja.musiol,User,Musiol Katja, Handelsmatur,Musiol Katja, , , ,Musiol,Katja,katja.musiol@mail.xyz, 
katrin.pabst,User,Pabst Katrin, Handelsmatur,Pabst Katrin, , , ,Pabst,Katrin,k.pabst@mail.xyz, 
kay.obe,User,Kaya Oberlaender, Oberstufe - Matur,Kaya Oberlaender, , , ,Oberlaender,Kaya,k.oberlaender@mail.xyz, 
keno.kunze,User,Keno Kunze, deaktiviert,Keno Kunze, , , ,Kunze,Keno,keineMailAddy, 
kilian.kuepper,User,Kilian Kuepper, Sekundar extern,Kilian Kuepper, , , ,Kuepper,Kilian,kilian.kuepper@mail.xyz, 
kira.otterbach,User,Kira Otterbach, deaktiviert,Kira Otterbach, , , ,Otterbach,Kira,keineMailAddy, 
kje.lam,User,Kjell Lambert, Oberstufe - Matur,Kjell Lambert, , , ,Lambert,Kjell,keineMailAddy, 
kjell.martens,User,Kjell Martens, deaktiviert,Kjell Martens, , , ,Martens,Kjell,keineMailAddy, 
klaas.morton,User,Klaas Morton, deaktiviert,Klaas Morton, , , ,Morton,Klaas,keineMailAddy, 
klara.mendez,User,Mendez Klara, Oberstufe extern,Mendez Klara, , , ,Mendez,Klara,k.mendez@mail.xyz, 
konstantin.nagler,User,Nagler Konstantin, Oberstufe extern,Nagler Konstantin, , , ,Nagler,Konstantin,keineMailAddy, 
krista.page,User,Page Krista, Handelsmatur,Page Krista, , , ,Page,Krista,keineMailAddy, 
kurt.kuehn,User,Kuehn Kurt, Oberstufe extern,Kuehn Kurt, , , ,Kuehn,Kurt,k.kuehn@mail.xyz, 
lana.manthey,User,Manthey Lana, Oberstufe extern,Manthey Lana, , , ,Manthey,Lana,lana.manthey@mail.xyz, 
larissa.lutter,User,Lutter Larissa, Oberstufe extern,Lutter Larissa, , , ,Lutter,Larissa,larissa.lutter@mail.xyz, 
lasse.michael,User,Michael Lasse, Oberstufe extern,Michael Lasse, , , ,Michael,Lasse,l.michael@mail.xyz, 
lau.mun,User,Laurin Mund, Oberstufe - Matur,Laurin Mund, , , ,Mund,Laurin,laurin.mund@mail.xyz, 
laurens.ling,User,Ling Laurens, Oberstufe extern,Ling Laurens, , , ,Ling,Laurens,laurens.ling@mail.xyz, 
laurenz.parsons,User,Laurenz Parsons, deaktiviert,Laurenz Parsons, , , ,Parsons,Laurenz,l.parsons@mail.xyz, 
laurin.mcguire,User,Laurin McGuire, Sekundar extern,Laurin McGuire, , , ,McGuire,Laurin,keineMailAddy, 
laurin.obermaier,User,Laurin Obermaier, Sekundar extern,Laurin Obermaier, , , ,Obermaier,Laurin,laurin.obermaier@mail.xyz, 
lea.marks,User,Marks Lea, Handelsmatur,Marks Lea, , , ,Marks,Lea,lea.marks@mail.xyz, 
lea.nowak,User,Nowak Lea, Oberstufe extern,Nowak Lea, , , ,Nowak,Lea,keineMailAddy, 
leah.luna,User,Leah Luna, Lehrer Sekundar,Leah Luna, , , ,Luna,Leah,l.luna@mail.xyz, 
leif.nestler,User,Leif Nestler, Sekundar extern,Leif Nestler, , , ,Nestler,Leif,l.nestler@mail.xyz, 
leo.ode,User,Leoni Odenthal, Oberstufe - Matur,Leoni Odenthal, , , ,Odenthal,Leoni,l.odenthal@mail.xyz, 
leo.pan,User,Leonie Panzer, Oberstufe - Matur,Leonie Panzer, , , ,Panzer,Leonie,l.panzer@mail.xyz, 
leonard.neubauer,User,Neubauer Leonard, Oberstufe extern,Neubauer Leonard, , , ,Neubauer,Leonard,leonard.neubauer@mail.xyz, 
leonard.palm,User,Leonard Palm, deaktiviert,Leonard Palm, , , ,Palm,Leonard,leonard.palm@mail.xyz, 
lie.leh,User,Lieselotte Lehr, Oberstufe - Matur,Lieselotte Lehr, , , ,Lehr,Lieselotte,l.lehr@mail.xyz, 
lil.mur,User,Lili Murphy, Oberstufe - Matur,Lili Murphy, , , ,Murphy,Lili,l.murphy@mail.xyz, 
lili.long,User,Lili Long, deaktiviert,Lili Long, , , ,Long,Lili,keineMailAddy, 
lili.maass,User,Maass Lili, Oberstufe extern,Maass Lili, , , ,Maass,Lili,lili.maass@mail.xyz, 
lilian.musiol,User,Musiol Lilian, Oberstufe extern,Musiol Lilian, , , ,Musiol,Lilian,keineMailAddy, 
lilly.ortiz,User,Lilly Ortiz, Sekundar extern,Lilly Ortiz, , , ,Ortiz,Lilly,l.ortiz@mail.xyz, 
lina.laube,User,Laube Lina, Oberstufe extern,Laube Lina, , , ,Laube,Lina,lina.laube@mail.xyz, 
linn.linder,User,Linder Linn, Oberstufe extern,Linder Linn, , , ,Linder,Linn,linn.linder@mail.xyz, 
lio.maa,User,Lion Maass, Oberstufe - Matur,Lion Maass, , , ,Maass,Lion,lion.maass@mail.xyz, 
lisa.malik,User,Malik Lisa, Handelsmatur,Malik Lisa, , , ,Malik,Lisa,keineMailAddy, 
lotta.kuehnel,User,Kuehnel Lotta, Handelsmatur,Kuehnel Lotta, , , ,Kuehnel,Lotta,l.kuehnel@mail.xyz, 
lotta.maack,User,Maack Lotta, Oberstufe extern,Maack Lotta, , , ,Maack,Lotta,lotta.maack@mail.xyz, 
lou.mar,User,Louis Markmann, Oberstufe - Matur,Louis Markmann, , , ,Markmann,Louis,l.markmann@mail.xyz, 
luc.parks,User,Parks Luc, Oberstufe extern,Parks Luc, , , ,Parks,Luc,luc.parks@mail.xyz, 
lucia.maass,User,Lucia Maass, Sekundar extern,Lucia Maass, , , ,Maass,Lucia,lucia.maass@mail.xyz, 
lui.ost,User,Luise Ostermann, Oberstufe - Matur,Luise Ostermann, , , ,Ostermann,Luise,luise.ostermann@mail.xyz, 
luisa.ling,User,Ling Luisa, Oberstufe extern,Ling Luisa, , , ,Ling,Luisa,l.ling@mail.xyz, 
luise.moss,User,Luise Moss, Lehrer Gym,Luise Moss, , , ,Moss,Luise,luise.moss@mail.xyz, 
luka.miles,User,Miles Luka, Oberstufe extern,Miles Luka, , , ,Miles,Luka,luka.miles@mail.xyz, 
lyn.marks,User,Lyn Marks, deaktiviert,Lyn Marks, , , ,Marks,Lyn,keineMailAddy, 
lynn.michaelis,User,Michaelis Lynn, Handelsmatur,Michaelis Lynn, , , ,Michaelis,Lynn,keineMailAddy, 
madeleine.lukas,User,Madeleine Lukas, deaktiviert,Madeleine Lukas, , , ,Lukas,Madeleine,m.lukas@mail.xyz, 
madeleine.mundt,User,Mundt Madeleine, Oberstufe extern,Mundt Madeleine, , , ,Mundt,Madeleine,madeleine.mundt@mail.xyz, 
madita.patrick,User,Patrick Madita, Oberstufe extern,Patrick Madita, , , ,Patrick,Madita,madita.patrick@mail.xyz, 
magnus.manz,User,Magnus Manz, Sekundar extern,Magnus Manz, , , ,Manz,Magnus,m.manz@mail.xyz, 
maike.maerz,User,Maerz Maike, Oberstufe extern,Maerz Maike, , , ,Maerz,Maike,maike.maerz@mail.xyz, 
malte.larson,User,Malte Larson, Sekundar extern,Malte Larson, , , ,Larson,Malte,keineMailAddy, 
malte.moreno,User,Malte Moreno, deaktiviert,Malte Moreno, , , ,Moreno,Malte,malte.moreno@mail.xyz, 
man.mar,User,Manuela Marks, Oberstufe - Matur,Manuela Marks, , , ,Marks,Manuela,m.marks@mail.xyz, 
manuel.munoz,User,Munoz Manuel, Handelsmatur,Munoz Manuel, , , ,Munoz,Manuel,m.munoz@mail.xyz, 
manuel.norton,User,Manuel Norton, deaktiviert,Manuel Norton, , , ,Norton,Manuel,manuel.norton@mail.xyz, 
manuela.lohr,User,Lohr Manuela, Oberstufe extern,Lohr Manuela, , , ,Lohr,Manuela,manuela.lohr@mail.xyz, 
mar.mac,User,Marlon Mack, Oberstufe - Matur,Marlon Mack, , , ,Mack,Marlon,m.mack@mail.xyz, 
marah.pech,User,Marah Pech, deaktiviert,Marah Pech, , , ,Pech,Marah,marah.pech@mail.xyz, 
marcel.montgomery,User,Marcel Montgomery, deaktiviert,Marcel Montgomery, , , ,Montgomery,Marcel,m.montgomery@mail.xyz, 
marcus.moessner,User,Moessner Marcus, Handelsmatur,Moessner Marcus, , , ,Moessner,Marcus,keineMailAddy, 
maren.lindemann,User,Lindemann Maren, Oberstufe extern,Lindemann Maren, , , ,Lindemann,Maren,keineMailAddy, 
maren.naber,User,Maren Naber, Sekundar extern,Maren Naber, , , ,Naber,Maren,m.naber@mail.xyz, 
margarete.martens,User,Martens Margarete, Handelsmatur,Martens Margarete, , , ,Martens,Margarete,keineMailAddy, 
mario.landau,User,Landau Mario, Oberstufe extern,Landau Mario, , , ,Landau,Mario,mario.landau@mail.xyz, 
marko.kuhn,User,Marko Kuhn, deaktiviert,Marko Kuhn, , , ,Kuhn,Marko,marko.kuhn@mail.xyz, 
marlis.lueke,User,Lueke Marlis, Oberstufe extern,Lueke Marlis, , , ,Lueke,Marlis,m.lueke@mail.xyz, 
marta.manning,User,Manning Marta, Oberstufe extern,Manning Marta, , , ,Manning,Marta,marta.manning@mail.xyz, 
marten.michels,User,Michels Marten, Oberstufe extern,Michels Marten, , , ,Michels,Marten,m.michels@mail.xyz, 
mat.man,User,Matthis Mantel, Oberstufe - Matur,Matthis Mantel, , , ,Mantel,Matthis,matthis.mantel@mail.xyz, 
mat.mar,User,Matthies Martin, Oberstufe - Matur,Matthies Martin, , , ,Martin,Matthies,m.martin@mail.xyz, 
matilda.noetzel,User,Noetzel Matilda, Oberstufe extern,Noetzel Matilda, , , ,Noetzel,Matilda,m.noetzel@mail.xyz, 
matthias.mahnke,User,Mahnke Matthias, Handelsmatur,Mahnke Matthias, , , ,Mahnke,Matthias,m.mahnke@mail.xyz, 
matthis.land,User,Matthis Land, deaktiviert,Matthis Land, , , ,Land,Matthis,matthis.land@mail.xyz, 
matthis.langenbach,User,Matthis Langenbach, deaktiviert,Matthis Langenbach, , , ,Langenbach,Matthis,matthis.langenbach@mail.xyz, 
maximilian.pecher,User,Maximilian Pecher, Sekundar extern,Maximilian Pecher, , , ,Pecher,Maximilian,m.pecher@mail.xyz, 
mel.ode,User,Melissa Odenthal, Oberstufe - Matur,Melissa Odenthal, , , ,Odenthal,Melissa,melissa.odenthal@mail.xyz, 
melanie.merkel,User,Merkel Melanie, Oberstufe extern,Merkel Melanie, , , ,Merkel,Melanie,m.merkel@mail.xyz, 
mer.pau,User,Mert Pauli, Oberstufe - Matur,Mert Pauli, , , ,Pauli,Mert,mert.pauli@mail.xyz, 
merle.owen,User,Merle Owen, deaktiviert,Merle Owen, , , ,Owen,Merle,keineMailAddy, 
mert.naegele,User,Naegele Mert, Handelsmatur,Naegele Mert, , , ,Naegele,Mert,m.naegele@mail.xyz, 
michel.moessner,User,Michel Moessner, deaktiviert,Michel Moessner, , , ,Moessner,Michel,michel.moessner@mail.xyz, 
michelle.lueck,User,Michelle Lueck, deaktiviert,Michelle Lueck, , , ,Lueck,Michelle,m.lueck@mail.xyz, 
miguel.landgraf,User,Landgraf Miguel, Oberstufe extern,Landgraf Miguel, , , ,Landgraf,Miguel,miguel.landgraf@mail.xyz, 
mika.link,User,Link Mika, Oberstufe extern,Link Mika, , , ,Link,Mika,mika.link@mail.xyz, 
mike.markus,User,Mike Markus, deaktiviert,Mike Markus, , , ,Markus,Mike,keineMailAddy, 
mila.mills,User,Mila Mills, Sekundar extern,Mila Mills, , , ,Mills,Mila,m.mills@mail.xyz, 
milan.muehl,User,Milan Muehl, deaktiviert,Milan Muehl, , , ,Muehl,Milan,keineMailAddy, 
milan.oberlaender,User,Milan Oberlaender, deaktiviert,Milan Oberlaender, , , ,Oberlaender,Milan,m.oberlaender@mail.xyz, 
milan.otto,User,Otto Milan, Oberstufe extern,Otto Milan, , , ,Otto,Milan,m.otto@mail.xyz, 
milena.naber,User,Milena Naber, deaktiviert,Milena Naber, , , ,Naber,Milena,m.naber@mail.xyz, 
milena.nober,User,Nober Milena, Oberstufe extern,Nober Milena, , , ,Nober,Milena,milena.naber@mail.xyz, 
miriam.maier,User,Maier Miriam, Oberstufe extern,Maier Miriam, , , ,Maier,Miriam,m.maier@mail.xyz, 
moh.loh,User,Mohammed Lohr, Oberstufe - Matur,Mohammed Lohr, , , ,Lohr,Mohammed,mohammed.lohr@mail.xyz, 
neele.lohr,User,Lohr Neele, Oberstufe extern,Lohr Neele, , , ,Lohr,Neele,n.lohr@mail.xyz, 
neele.mccoy,User,Neele McCoy, Sekundar extern,Neele McCoy, , , ,McCoy,Neele,keineMailAddy, 
nel.llo,User,Nelli Lloyd, Oberstufe - Matur,Nelli Lloyd, , , ,Lloyd,Nelli,keineMailAddy, 
nele.loew,User,Loew Nele, Handelsmatur,Loew Nele, , , ,Loew,Nele,n.loew@mail.xyz, 
nelli.mohr,User,Mohr Nelli, Oberstufe extern,Mohr Nelli, , , ,Mohr,Nelli,nelli.mohr@mail.xyz, 
nelly.ostrowski,User,Nelly Ostrowski, Sekundar extern,Nelly Ostrowski, , , ,Ostrowski,Nelly,keineMailAddy, 
niels.pausch,User,Niels Pausch, deaktiviert,Niels Pausch, , , ,Pausch,Niels,n.pausch@mail.xyz, 
nik.landwirt,User,Landwirt Nik, Oberstufe extern,Landwirt Nik, , , ,Landwirt,Nik,n.landwirt@mail.xyz, 
nik.lindemann,User,Nik Lindemann, deaktiviert,Nik Lindemann, , , ,Lindemann,Nik,n.lindemann@mail.xyz, 
niklas.lamb,User,Niklas Lamb, deaktiviert,Niklas Lamb, , , ,Lamb,Niklas,niklas.lamb@mail.xyz, 
niklas.moeller,User,Niklas Moeller, deaktiviert,Niklas Moeller, , , ,Moeller,Niklas,n.moeller@mail.xyz, 
nikolas.noll,User,Nikolas Noll, deaktiviert,Nikolas Noll, , , ,Noll,Nikolas,n.noll@mail.xyz, 
nikolas.olson,User,Nikolas Olson, deaktiviert,Nikolas Olson, , , ,Olson,Nikolas,n.olson@mail.xyz, 
noah.manns,User,Noah Manns, Sekundar extern,Noah Manns, , , ,Manns,Noah,n.manns@mail.xyz, 
nora.moss,User,Nora Moss, Sekundar extern,Nora Moss, , , ,Moss,Nora,n.moss@mail.xyz, 
ole.low,User,Ole Lowe, Oberstufe - Matur,Ole Lowe, , , ,Lowe,Ole,o.lowe@mail.xyz, 
ott.lon,User,Otto Long, Oberstufe - Matur,Otto Long, , , ,Long,Otto,keineMailAddy, 
ott.neu,User,Otto Neuhaus, Oberstufe - Matur,Otto Neuhaus, , , ,Neuhaus,Otto,o.neuhaus@mail.xyz, 
otto.mertens,User,Mertens Otto, Handelsmatur,Mertens Otto, , , ,Mertens,Otto,keineMailAddy, 
patrik.lay,User,Patrik Lay, Sekundar extern,Patrik Lay, , , ,Lay,Patrik,patrik.lay@mail.xyz, 
patrik.mack,User,Patrik Mack, Sekundar extern,Patrik Mack, , , ,Mack,Patrik,patrik.mack@mail.xyz, 
patrik.naber,User,Naber Patrik, Oberstufe extern,Naber Patrik, , , ,Naber,Patrik,patrik.naber@mail.xyz, 
paula.lammert,User,Lammert Paula, Oberstufe extern,Lammert Paula, , , ,Lammert,Paula,paula.lammert@mail.xyz, 
philipp.long,User,Philipp Long, Sekundar extern,Philipp Long, , , ,Long,Philipp,philipp.long@mail.xyz, 
pia.mang,User,Pia Mang, deaktiviert,Pia Mang, , , ,Mang,Pia,p.mang@mail.xyz, 
pia.o'brien,User,O'Brien Pia, Oberstufe extern,O'Brien Pia, , , ,O'Brien,Pia,p.o'brien@mail.xyz, 
piet.neubauer,User,Neubauer Piet, Oberstufe extern,Neubauer Piet, , , ,Neubauer,Piet,piet.neubauer@mail.xyz, 
piet.oberlaender,User,Piet Oberlaender, Sekundar extern,Piet Oberlaender, , , ,Oberlaender,Piet,p.oberlaender@mail.xyz, 
rafael.musiol,User,Musiol Rafael, Handelsmatur,Musiol Rafael, , , ,Musiol,Rafael,rafael.musiol@mail.xyz, 
raphael.manns,User,Manns Raphael, Oberstufe extern,Manns Raphael, , , ,Manns,Raphael,raphael.manns@mail.xyz, 
reb.mar,User,Rebekka Marten, Oberstufe - Matur,Rebekka Marten, , , ,Marten,Rebekka,r.marten@mail.xyz, 
renate.neuber,User,Renate Neuber, Sekundar extern,Renate Neuber, , , ,Neuber,Renate,r.neuber@mail.xyz, 
ric.opi,User,Ricardo Opitz, Oberstufe - Matur,Ricardo Opitz, , , ,Opitz,Ricardo,ricardo.opitz@mail.xyz, 
richard.muenstermann,User,Richard Muenstermann, Sekundar extern,Richard Muenstermann, , , ,Muenstermann,Richard,richard.muenstermann@mail.xyz, 
rie.leh,User,Rieke Lehner, Oberstufe - Matur,Rieke Lehner, , , ,Lehner,Rieke,r.lehner@mail.xyz, 
rie.man,User,Rieke Mantel, Oberstufe - Matur,Rieke Mantel, , , ,Mantel,Rieke,r.mantel@mail.xyz, 
rita.naber,User,Rita Naber, Sekundar extern,Rita Naber, , , ,Naber,Rita,rita.naber@mail.xyz, 
rom.pee,User,Romy Peetz, Oberstufe - Matur,Romy Peetz, , , ,Peetz,Romy,r.peetz@mail.xyz, 
roman.lange,User,Lange Roman, Handelsmatur,Lange Roman, , , ,Lange,Roman,r.lange@mail.xyz, 
romy.lauterbach,User,Lauterbach Romy, Oberstufe extern,Lauterbach Romy, , , ,Lauterbach,Romy,r.lauterbach@mail.xyz, 
ronja.mcguire,User,Ronja McGuire, Sekundar extern,Ronja McGuire, , , ,McGuire,Ronja,r.mcguire@mail.xyz, 
ronja.meilen,User,Ronja Meilen, deaktiviert,Ronja Meilen, , , ,Meilen,Ronja,r.meilen@mail.xyz, 
ros.met,User,Rosemarie Metz, Oberstufe - Matur,Rosemarie Metz, , , ,Metz,Rosemarie,r.metz@mail.xyz, 
rosa.leibold,User,Rosa Leibold, Sekundar extern,Rosa Leibold, , , ,Leibold,Rosa,keineMailAddy, 
rosa.lippert,User,Lippert Rosa, Oberstufe extern,Lippert Rosa, , , ,Lippert,Rosa,r.lippert@mail.xyz, 
rosa.michaelis,User,Rosa Michaelis, Sekundar extern,Rosa Michaelis, , , ,Michaelis,Rosa,r.michaelis@mail.xyz, 
rosemarie.lehmann,User,Lehmann Rosemarie, Handelsmatur,Lehmann Rosemarie, , , ,Lehmann,Rosemarie,keineMailAddy, 
rud.neu,User,Rudolph Neumann, Oberstufe - Matur,Rudolph Neumann, , , ,Neumann,Rudolph,r.neumann@mail.xyz, 
rudolf.neuber,User,Rudolf Neuber, Sekundar extern,Rudolf Neuber, , , ,Neuber,Rudolf,rudolf.neuber@mail.xyz, 
sab.ott,User,Sabine Otten, Oberstufe - Matur,Sabine Otten, , , ,Otten,Sabine,keineMailAddy, 
sabine.pasch,User,Pasch Sabine, Oberstufe extern,Pasch Sabine, , , ,Pasch,Sabine,sabine.pasch@mail.xyz, 
sabrina.lamb,User,Sabrina Lamb, Sekundar extern,Sabrina Lamb, , , ,Lamb,Sabrina,s.lamb@mail.xyz, 
sabrina.langer,User,Langer Sabrina, Handelsmatur,Langer Sabrina, , , ,Langer,Sabrina,s.langer@mail.xyz, 
sabrina.meister,User,Sabrina Meister, deaktiviert,Sabrina Meister, , , ,Meister,Sabrina,sabrina.meister@mail.xyz, 
sam.lampert,User,Lampert Sam, Handelsmatur,Lampert Sam, , , ,Lampert,Sam,sam.lampert@mail.xyz, 
sam.newton,User,Sam Newton, deaktiviert,Sam Newton, , , ,Newton,Sam,sam.newton@mail.xyz, 
sandra.ostermann,User,Sandra Ostermann, Sekundar extern,Sandra Ostermann, , , ,Ostermann,Sandra,s.ostermann@mail.xyz, 
sara.neu,User,Neu Sara, Oberstufe extern,Neu Sara, , , ,Neu,Sara,s.neu@mail.xyz, 
sas.moo,User,Sascha Moody, Oberstufe - Matur,Sascha Moody, , , ,Moody,Sascha,sascha.moody@mail.xyz, 
saskia.loeffler,User,Loeffler Saskia, Handelsmatur,Loeffler Saskia, , , ,Loeffler,Saskia,keineMailAddy, 
selin.michaelis,User,Selin Michaelis, deaktiviert,Selin Michaelis, , , ,Michaelis,Selin,s.michaelis@mail.xyz, 
sigrid.menke,User,Menke Sigrid, Handelsmatur,Menke Sigrid, , , ,Menke,Sigrid,sigrid.menke@mail.xyz, 
sil.pal,User,Silas Palmer, Oberstufe - Matur,Silas Palmer, , , ,Palmer,Silas,s.palmer@mail.xyz, 
sina.may,User,Sina May, deaktiviert,Sina May, , , ,May,Sina,sina.may@mail.xyz, 
smilla.lehmann,User,Lehmann Smilla, Handelsmatur,Lehmann Smilla, , , ,Lehmann,Smilla,smilla.lehmann@mail.xyz, 
sof.lan,User,Sofia Landmann, Oberstufe - Matur,Sofia Landmann, , , ,Landmann,Sofia,s.landmann@mail.xyz, 
sofie.lohmeier,User,Lohmeier Sofie, Oberstufe extern,Lohmeier Sofie, , , ,Lohmeier,Sofie,s.lohmeier@mail.xyz, 
sophia.murphy,User,Sophia Murphy, Sekundar extern,Sophia Murphy, , , ,Murphy,Sophia,keineMailAddy, 
stefan.mahler,User,Stefan Mahler, Sekundar extern,Stefan Mahler, , , ,Mahler,Stefan,keineMailAddy, 
stella.kuntz,User,Kuntz Stella, Oberstufe extern,Kuntz Stella, , , ,Kuntz,Stella,stella.kuntz@mail.xyz, 
stephan.malik,User,Malik Stephan, Oberstufe extern,Malik Stephan, , , ,Malik,Stephan,keineMailAddy, 
stephan.mangold,User,Stephan Mangold, deaktiviert,Stephan Mangold, , , ,Mangold,Stephan,s.mangold@mail.xyz, 
susanne.nowak,User,Nowak Susanne, Handelsmatur,Nowak Susanne, , , ,Nowak,Susanne,s.nowak@mail.xyz, 
svea.muehl,User,Svea Muehl, Sekundar extern,Svea Muehl, , , ,Muehl,Svea,svea.muehl@mail.xyz, 
swen.luehrs,User,Swen Luehrs, Sekundar extern,Swen Luehrs, , , ,Luehrs,Swen,swen.luehrs@mail.xyz, 
swen.lueth,User,Swen Lueth, deaktiviert,Swen Lueth, , , ,Lueth,Swen,swen.lueth@mail.xyz, 
swenja.moeller,User,Moeller Swenja, Handelsmatur,Moeller Swenja, , , ,Moeller,Swenja,swenja.moeller@mail.xyz, 
sylvia.mantel,User,Mantel Sylvia, Handelsmatur,Mantel Sylvia, , , ,Mantel,Sylvia,s.mantel@mail.xyz, 
sylvia.michels,User,Michels Sylvia, Handelsmatur,Michels Sylvia, , , ,Michels,Sylvia,s.michels@mail.xyz, 
tabea.moers,User,Moers Tabea, Oberstufe extern,Moers Tabea, , , ,Moers,Tabea,tabea.moers@mail.xyz, 
ter.nit,User,Teresa Nitschke, Oberstufe - Matur,Teresa Nitschke, , , ,Nitschke,Teresa,t.nitschke@mail.xyz, 
the.lie,User,Theresa Liebig, Oberstufe - Matur,Theresa Liebig, , , ,Liebig,Theresa,t.liebig@mail.xyz, 
theresa.lohmeier,User,Theresa Lohmeier, Sekundar extern,Theresa Lohmeier, , , ,Lohmeier,Theresa,theresa.lohmeier@mail.xyz, 
thorben.lange,User,Lange Thorben, Oberstufe extern,Lange Thorben, , , ,Lange,Thorben,thorben.lange@mail.xyz, 
thorben.moosmann,User,Moosmann Thorben, Oberstufe extern,Moosmann Thorben, , , ,Moosmann,Thorben,keineMailAddy, 
thore.manske,User,Manske Thore, Oberstufe extern,Manske Thore, , , ,Manske,Thore,t.manske@mail.xyz, 
til.mur,User,Till Murray, Oberstufe - Matur,Till Murray, , , ,Murray,Till,t.murray@mail.xyz, 
till.lueth,User,Lueth Till, Oberstufe extern,Lueth Till, , , ,Lueth,Till,t.lueth@mail.xyz, 
tim.patzelt,User,Patzelt Tim, Oberstufe extern,Patzelt Tim, , , ,Patzelt,Tim,keineMailAddy, 
timon.otten,User,Otten Timon, Handelsmatur,Otten Timon, , , ,Otten,Timon,t.otten@mail.xyz, 
tom.lin,User,Tom Link, Oberstufe - Matur,Tom Link, , , ,Link,Tom,tom.link@mail.xyz, 
tom.nei,User,Tom Neitzel, Oberstufe - Matur,Tom Neitzel, , , ,Neitzel,Tom,t.neitzel@mail.xyz, 
tore.mahnke,User,Tore Mahnke, deaktiviert,Tore Mahnke, , , ,Mahnke,Tore,t.mahnke@mail.xyz, 
ull.loe,User,Ullrich Loehr, Oberstufe - Matur,Ullrich Loehr, , , ,Loehr,Ullrich,ullrich.loehr@mail.xyz, 
uwe.pahlke,User,Pahlke Uwe, Oberstufe extern,Pahlke Uwe, , , ,Pahlke,Uwe,u.pahlke@mail.xyz, 
victor.leibold,User,Victor Leibold, Sekundar extern,Victor Leibold, , , ,Leibold,Victor,v.leibold@mail.xyz, 
victoria.lehner,User,Lehner Victoria, Oberstufe extern,Lehner Victoria, , , ,Lehner,Victoria,victoria.lehner@mail.xyz, 
vik.lyn,User,Viktoria Lynchen, Oberstufe - Matur,Viktoria Lynchen, , , ,Lynchen,Viktoria,v.lynchen@mail.xyz, 
viktor.manke,User,Viktor Manke, Sekundar extern,Viktor Manke, , , ,Manke,Viktor,keineMailAddy, 
viktoria.musiol,User,Viktoria Musiol, deaktiviert,Viktoria Musiol, , , ,Musiol,Viktoria,v.musiol@mail.xyz, 
vincent.landgraf,User,Vincent Landgraf, Sekundar extern,Vincent Landgraf, , , ,Landgraf,Vincent,vincent.landgraf@mail.xyz, 
vivien.park,User,Vivien Park, deaktiviert,Vivien Park, , , ,Park,Vivien,vivien.park@mail.xyz, 
vivienne.pauli,User,Pauli Vivienne, Handelsmatur,Pauli Vivienne, , , ,Pauli,Vivienne,vivienne.pauli@mail.xyz, 
walther.meier,User,Walther Meier, deaktiviert,Walther Meier, , , ,Meier,Walther,walther.meier@mail.xyz, 
wer.mar,User,Werner Marsh, Oberstufe - Matur,Werner Marsh, , , ,Marsh,Werner,werner.marsh@mail.xyz, 
willi.martin,User,Willi Martin, Sekundar extern,Willi Martin, , , ,Martin,Willi,keineMailAddy, 
yan.lac,User,Yannic Lackner, Oberstufe - Matur,Yannic Lackner, , , ,Lackner,Yannic,y.lackner@mail.xyz, 
yan.mer,User,Yannic Mertens, Oberstufe - Matur,Yannic Mertens, , , ,Mertens,Yannic,keineMailAddy, 
yannic.offermann,User,Yannic Offermann, Sekundar extern,Yannic Offermann, , , ,Offermann,Yannic,yannic.offermann@mail.xyz, 
yannik.loewe,User,Loewe Yannik, Handelsmatur,Loewe Yannik, , , ,Loewe,Yannik,yannik.loewe@mail.xyz, 
yas.mai,User,Yasmin Maisch, Oberstufe - Matur,Yasmin Maisch, , , ,Maisch,Yasmin,y.maisch@mail.xyz, 
zoe.lapp,User,Lapp Zoe, Handelsmatur,Lapp Zoe, , , ,Lapp,Zoe,zoe.lapp@mail.xyz, 
zoé.mack,User,Mack Zoé, Oberstufe extern,Mack Zoé, , , ,Mack,Zoé,z.mack@mail.xyz, 
